,goods-title-link--jump,goods-title-link--jump href,rank-title,rank-sub,price($),discount,selling_proposition,goods-title-link
0,"1pc Rechargeable Deep Tissue Muscle Handheld Massage Gun, Suitable For Body, Back And Neck Pain, Ultra-Compact Elegant Design, High-Torque Driven Massager",https://us.shein.com/1pc-Rechargeable-Deep-Tissue-Muscle-Handheld-Massage-Gun-Suitable-For-Body-Back-And-Neck-Pain-Ultra-Compact-Elegant-Design-High-Torque-Driven-Massager-p-21940454.html?src_identifier=fc%3DAppliances%60sc%3DAppliances%60tc%3D0%60oc%3D0%60ps%3Dtab22navbar22%60jc%3DitemPicking_017172977&src_module=topcat&src_tab_page_id=page_select_class1718930176672&mallCode=1&pageListType=2,#1 Best Sellers,in Give Gifts,2.03,22,Recently Not Sell,Link NOt Available
1,1pc Portable Hanging Neck Fan,https://us.shein.com/1pc-Portable-Hanging-Neck-Fan-p-16414241.html?src_identifier=fc%3DAppliances%60sc%3DAppliances%60tc%3D0%60oc%3D0%60ps%3Dtab22navbar22%60jc%3DitemPicking_017172977&src_module=topcat&src_tab_page_id=page_select_class1718930176672&mallCode=1&pageListType=2,#4 Best Sellers,in Top rated in Portable Fans,6.48,20,Recently Not Sell,Link NOt Available
2,"1pc Pink Colored Curved Eyelash Curler False Eyelash Auxiliary Makeup Tool For Women, Portable",https://us.shein.com/1pc-Pink-Colored-Curved-Eyelash-Curler-False-Eyelash-Auxiliary-Makeup-Tool-For-Women-Portable-p-27577034.html?src_identifier=fc%3DAppliances%60sc%3DAppliances%60tc%3D0%60oc%3D0%60ps%3Dtab22navbar22%60jc%3DitemPicking_017172977&src_module=topcat&src_tab_page_id=page_select_class1718930176672&mallCode=1&pageListType=2,#4 Best Sellers,in Top rated in Portable Fans,1.8,20,400+ sold recently,Link NOt Available
3,"1 Mini Portable Handheld Fan With 2 Aa Batteries (Batteries Not Included), Comes With A Lanyard",https://us.shein.com/1-Mini-Portable-Handheld-Fan-With-2-Aa-Batteries-Batteries-Not-Included-Comes-With-A-Lanyard-p-29977701.html?src_identifier=fc%3DAppliances%60sc%3DAppliances%60tc%3D0%60oc%3D0%60ps%3Dtab22navbar22%60jc%3DitemPicking_017172977&src_module=topcat&src_tab_page_id=page_select_class1718930176672&mallCode=1&pageListType=2,#4 Best Sellers,in Top rated in Portable Fans,0.88,72,5.6k+ sold recently,Link NOt Available
4,"Wit Water Flosser,Portable Oral Irrigator With 3 Modes, Nasal Washer, 4 Replaceable Nozzles, Rechargeable Waterproof Tooth Cleaner, For Home And Travel, Removable Large Water Tank",https://us.shein.com/Wit-Water-Flosser-Portable-Oral-Irrigator-With-3-Modes-Nasal-Washer-4-Replaceable-Nozzles-Rechargeable-Waterproof-Tooth-Cleaner-For-Home-And-Travel-Removable-Large-Water-Tank-p-35891349.html?src_identifier=fc%3DAppliances%60sc%3DAppliances%60tc%3D0%60oc%3D0%60ps%3Dtab22navbar22%60jc%3DitemPicking_017172977&src_module=topcat&src_tab_page_id=page_select_class1718930176672&mallCode=1&pageListType=2,#6 Best Sellers,in Oral Irrigators,12.06,40,Recently Not Sell,Link NOt Available
5,"1pc Ice Pop Mold, Plastic Ice Cream Mold, Frozen Ice Pop Box, Safe Jelly Mould, Kitchen Utensils, Kitchen Accessories",https://us.shein.com/1pc-Ice-Pop-Mold-Plastic-Ice-Cream-Mold-Frozen-Ice-Pop-Box-Safe-Jelly-Mould-Kitchen-Utensils-Kitchen-Accessories-p-36156215.html?src_identifier=fc%3DAppliances%60sc%3DAppliances%60tc%3D0%60oc%3D0%60ps%3Dtab22navbar22%60jc%3DitemPicking_017172977&src_module=topcat&src_tab_page_id=page_select_class1718930176672&mallCode=1&pageListType=2,#10 Best Sellers,in Refrigerators & Freezers,2.7,40,Recently Not Sell,Link NOt Available
6,"Mini Pocket Bluetooth Thermal Printer, Portable Wireless Inkless Printing Machine For Pictures, Notes, Photos, Journals, DIY, Compatible With IOS And Android Phones",https://us.shein.com/Mini-Pocket-Bluetooth-Thermal-Printer-Portable-Wireless-Inkless-Printing-Machine-For-Pictures-Notes-Photos-Journals-DIY-Compatible-With-IOS-And-Android-Phones-p-34258470.html?src_identifier=fc%3DAppliances%60sc%3DAppliances%60tc%3D0%60oc%3D0%60ps%3Dtab22navbar22%60jc%3DitemPicking_017172977&src_module=topcat&src_tab_page_id=page_select_class1718930176672&mallCode=1&pageListType=2,#8 Best Sellers,in Other Household Appliances,3.5,40,Recently Not Sell,Link NOt Available
7,"1 PC 400ML Classic Ultra-Silent Air Humidifier With Dazzling Coloured Lights,Desktop/Car Humidification",https://us.shein.com/1-PC-400ML-Classic-Ultra-Silent-Air-Humidifier-With-Dazzling-Coloured-Lights-Desktop-Car-Humidification-p-35515287.html?src_identifier=fc%3DAppliances%60sc%3DAppliances%60tc%3D0%60oc%3D0%60ps%3Dtab22navbar22%60jc%3DitemPicking_017172977&src_module=topcat&src_tab_page_id=page_select_class1718930176672&mallCode=1&pageListType=2,#8 Best Sellers,in Other Household Appliances,4.9,40,Recently Not Sell,Link NOt Available
8,"6 Modes Multi-Functional Sonic Electric Toothbrush, 8/4 Heads Kit, Equipped With 2 Minutes Smart Timer And 30S Area Switch Reminder, Waterproof Usb Rechargeable Oral Cleaner Set For Family Or Travel Use",https://us.shein.com/6-Modes-Multi-Functional-Sonic-Electric-Toothbrush-8-4-Heads-Kit-Equipped-With-2-Minutes-Smart-Timer-And-30S-Area-Switch-Reminder-Waterproof-Usb-Rechargeable-Oral-Cleaner-Set-For-Family-Or-Travel-Use-p-21788261.html?src_identifier=fc%3DAppliances%60sc%3DAppliances%60tc%3D0%60oc%3D0%60ps%3Dtab22navbar22%60jc%3DitemPicking_017172977&src_module=topcat&src_tab_page_id=page_select_class1718930176672&mallCode=1&pageListType=2,#6 Best Sellers,in Oral Care Appliances,4.28,41,Recently Not Sell,Link NOt Available
9,"1pc AA Battery Operated Portable Handheld Mini Fan With Strap, Simple Design, 1-Speed For Outdoor Use",https://us.shein.com/1pc-AA-Battery-Operated-Portable-Handheld-Mini-Fan-With-Strap-Simple-Design-1-Speed-For-Outdoor-Use-p-11243151.html?src_identifier=fc%3DAppliances%60sc%3DAppliances%60tc%3D0%60oc%3D0%60ps%3Dtab22navbar22%60jc%3DitemPicking_017172977&src_module=topcat&src_tab_page_id=page_select_class1718930176672&mallCode=1&pageListType=2,#9 Best Sellers,in Household Appliances,2.76,5,Recently Not Sell,Link NOt Available
10,"Teckwe Epilator,2*AAA Batteries Portability Removal Device,Cordless Epilators Hair Removal For Women,Hair Removal Cordless Electric Trimmer For Legs Arms Armpit Bikini,Product Does Not Include Batteries",https://us.shein.com/Teckwe-Epilator-2-AAA-Batteries-Portability-Removal-Device-Cordless-Epilators-Hair-Removal-For-Women-Hair-Removal-Cordless-Electric-Trimmer-For-Legs-Arms-Armpit-Bikini-Product-Does-Not-Include-Batteries-p-28126805.html?src_identifier=fc%3DAppliances%60sc%3DAppliances%60tc%3D0%60oc%3D0%60ps%3Dtab22navbar22%60jc%3DitemPicking_017172977&src_module=topcat&src_tab_page_id=page_select_class1718930176672&mallCode=1&pageListType=2,#1 Best Sellers,in Women Shave & Hair Removal Appliances,4.29,35,Recently Not Sell,Link NOt Available
11,"1pc Portable Pink Electric Eyelash Curler, USB Rechargeable Eye Makeup Tool - Effortlessly Curl Your Eyelashes",https://us.shein.com/1pc-Portable-Pink-Electric-Eyelash-Curler-USB-Rechargeable-Eye-Makeup-Tool-Effortlessly-Curl-Your-Eyelashes-p-35196252.html?src_identifier=fc%3DAppliances%60sc%3DAppliances%60tc%3D0%60oc%3D0%60ps%3Dtab22navbar22%60jc%3DitemPicking_017172977&src_module=topcat&src_tab_page_id=page_select_class1718930176672&mallCode=1&pageListType=2,#1 Best Sellers,in Women Shave & Hair Removal Appliances,2.5,35,50+ sold recently,Link NOt Available
12,"Reusable Magic Hair Eraser, Painless Exfoliator Removal For Back, Arms, Legs, Portable Epilator Device For Women And Men, Washable Body Hair Trimmer, Efficient Bikini Line Shaver",https://us.shein.com/Reusable-Magic-Hair-Eraser-Painless-Exfoliator-Removal-For-Back-Arms-Legs-Portable-Epilator-Device-For-Women-And-Men-Washable-Body-Hair-Trimmer-Efficient-Bikini-Line-Shaver-p-36157332.html?src_identifier=fc%3DAppliances%60sc%3DAppliances%60tc%3D0%60oc%3D0%60ps%3Dtab22navbar22%60jc%3DitemPicking_017172977&src_module=topcat&src_tab_page_id=page_select_class1718930176672&mallCode=1&pageListType=2,#1 Best Sellers,in Women Shave & Hair Removal Appliances,2.7,35,30+ sold recently,Link NOt Available
13,"Vacuum Sealer For 110V-220V, Food Protector Vacuum Sealer Machine, Automatic Food Vacuum Sealer For Food Preservation Sealing Packing System, For Fresh Food And Food Storage Lightning Deals",https://us.shein.com/Vacuum-Sealer-For-110V-220V-Food-Protector-Vacuum-Sealer-Machine-Automatic-Food-Vacuum-Sealer-For-Food-Preservation-Sealing-Packing-System-For-Fresh-Food-And-Food-Storage-Lightning-Deals-p-33527826.html?src_identifier=fc%3DAppliances%60sc%3DAppliances%60tc%3D0%60oc%3D0%60ps%3Dtab22navbar22%60jc%3DitemPicking_017172977&src_module=topcat&src_tab_page_id=page_select_class1718930176672&mallCode=1&pageListType=2,#6 Best Sellers,in Vacuum Food Sealers,4.8,35,Recently Not Sell,Link NOt Available
14,"3pcs/Set Laundry Drying Balls, 6cm Reusable Household Washing Machine Balls, Laundry Appliance Accessories",https://us.shein.com/3pcs-Set-Laundry-Drying-Balls-6cm-Reusable-Household-Washing-Machine-Balls-Laundry-Appliance-Accessories-p-33772405.html?src_identifier=fc%3DAppliances%60sc%3DAppliances%60tc%3D0%60oc%3D0%60ps%3Dtab22navbar22%60jc%3DitemPicking_017172977&src_module=topcat&src_tab_page_id=page_select_class1718930176672&mallCode=1&pageListType=2,#6 Best Sellers,in Vacuum Food Sealers,1.49,55,60+ sold recently,Link NOt Available
15,"1pc 900ml Manual Food Processor Garlic Vegetable Chopper, Suitable For Chopping Garlic, Ginger, Chili, Onion And Other Foods",https://us.shein.com/1pc-900ml-Manual-Food-Processor-Garlic-Vegetable-Chopper-Suitable-For-Chopping-Garlic-Ginger-Chili-Onion-And-Other-Foods-p-27977030.html?src_identifier=fc%3DAppliances%60sc%3DAppliances%60tc%3D0%60oc%3D0%60ps%3Dtab22navbar22%60jc%3DitemPicking_017172977&src_module=topcat&src_tab_page_id=page_select_class1718930176672&mallCode=1&pageListType=2,#8 Best Sellers,in Juicer & Food Processor,3.07,63,Recently Not Sell,Link NOt Available
16,"1pc White Half-Wrap Fan Dustproof Cover For Home Use, Waterproof, Moisture-Proof, Dustproof Fan Protective Cover, Easy To Put On And Take Off, Washable And Reusable, Keeping The Fan Clean",https://us.shein.com/1pc-White-Half-Wrap-Fan-Dustproof-Cover-For-Home-Use-Waterproof-Moisture-Proof-Dustproof-Fan-Protective-Cover-Easy-To-Put-On-And-Take-Off-Washable-And-Reusable-Keeping-The-Fan-Clean-p-33416096.html?src_identifier=fc%3DAppliances%60sc%3DAppliances%60tc%3D0%60oc%3D0%60ps%3Dtab22navbar22%60jc%3DitemPicking_017172977&src_module=topcat&src_tab_page_id=page_select_class1718930176672&mallCode=1&pageListType=2,#5 Best Sellers,in Cleaning Appliance Parts,1.86,28,Recently Not Sell,Link NOt Available
17,"Ear Wax Removal Tool Camera,Ear Cleaner With Camera,Ear Wax Cleaner With Camera,7 Ear Pick,10pcs Bebird Replacement Tips,1080p Ear Camera,6 Led Lights,Earwax Removal Kit For Daily Ear Canal Cleaning",https://us.shein.com/Ear-Wax-Removal-Tool-Camera-Ear-Cleaner-With-Camera-Ear-Wax-Cleaner-With-Camera-7-Ear-Pick-10pcs-Bebird-Replacement-Tips-1080p-Ear-Camera-6-Led-Lights-Earwax-Removal-Kit-For-Daily-Ear-Canal-Cleaning-p-33253724.html?src_identifier=fc%3DAppliances%60sc%3DAppliances%60tc%3D0%60oc%3D0%60ps%3Dtab22navbar22%60jc%3DitemPicking_017172977&src_module=topcat&src_tab_page_id=page_select_class1718930176672&mallCode=1&pageListType=2,#5 Best Sellers,in Cleaning Appliance Parts,24.1,28,Recently Not Sell,Link NOt Available
18,"1pc Blue Lint Remover, Wool Sweater Shaver, Clothes Fuzz Ball Trimmer For Home Use",https://us.shein.com/1pc-Blue-Lint-Remover-Wool-Sweater-Shaver-Clothes-Fuzz-Ball-Trimmer-For-Home-Use-p-23831823.html?src_identifier=fc%3DAppliances%60sc%3DAppliances%60tc%3D0%60oc%3D0%60ps%3Dtab22navbar22%60jc%3DitemPicking_017172977&src_module=topcat&src_tab_page_id=page_select_class1718930176672&mallCode=1&pageListType=2,#9 Best Sellers,in Laundry Appliances,0.75,53,Recently Not Sell,Link NOt Available
19,"1pc Four Layer Slide Egg Storage Box, Refrigerator Side Door Storage Box, Rolling Egg  Egg Rack Holder, Automatic Rolling Egg Box",https://us.shein.com/1pc-Four-Layer-Slide-Egg-Storage-Box-Refrigerator-Side-Door-Storage-Box-Rolling-Egg-Egg-Rack-Holder-Automatic-Rolling-Egg-Box-p-35264869.html?src_identifier=fc%3DAppliances%60sc%3DAppliances%60tc%3D0%60oc%3D0%60ps%3Dtab22navbar22%60jc%3DitemPicking_017172977&src_module=topcat&src_tab_page_id=page_select_class1718930176672&mallCode=1&pageListType=2,#9 Best Sellers,in Laundry Appliances,14.6,53,30+ sold recently,Link NOt Available
20,"New 2 In 1 Mini Irons, Mini Travel Iron, Portable Ironing Clothes Foldable Rotating Handheld Irons, Travel Mini Irons Wrinkle Remover Ironing Machine",https://us.shein.com/New-2-In-1-Mini-Irons-Mini-Travel-Iron-Portable-Ironing-Clothes-Foldable-Rotating-Handheld-Irons-Travel-Mini-Irons-Wrinkle-Remover-Ironing-Machine-p-33809318.html?src_identifier=fc%3DAppliances%60sc%3DAppliances%60tc%3D0%60oc%3D0%60ps%3Dtab22navbar22%60jc%3DitemPicking_017172977&src_module=topcat&src_tab_page_id=page_select_class1718930176672&mallCode=1&pageListType=2,#2 Best Sellers,in Laundry Appliances,11.25,11,Recently Not Sell,Link NOt Available
21,Mini Portable USB Charging Sealing Machine For Snack Plastic Bags - Easy Manual Sealing Clip With Fast Charging Benefits,https://us.shein.com/Mini-Portable-USB-Charging-Sealing-Machine-For-Snack-Plastic-Bags-Easy-Manual-Sealing-Clip-With-Fast-Charging-Benefits-p-31598820.html?src_identifier=fc%3DAppliances%60sc%3DAppliances%60tc%3D0%60oc%3D0%60ps%3Dtab22navbar22%60jc%3DitemPicking_017172977&src_module=topcat&src_tab_page_id=page_select_class1718930176672&mallCode=1&pageListType=2,#2 Best Sellers,in Laundry Appliances,2.15,50,100+ sold recently,Link NOt Available
22,1pc Plain Egg Separator,https://us.shein.com/1pc-Plain-Egg-Separator-p-16704675.html?src_identifier=fc%3DAppliances%60sc%3DAppliances%60tc%3D0%60oc%3D0%60ps%3Dtab22navbar22%60jc%3DitemPicking_017172977&src_module=topcat&src_tab_page_id=page_select_class1718930176672&mallCode=1&pageListType=2,#2 Best Sellers,in Laundry Appliances,0.74,47,100+ sold recently,Link NOt Available
23,"6 Blades USB Portable Juicer Maker, Juicer Fruit Juice Cup Automatic Small Electric Juicer Smoothie Blender Ice CrushCup Food Processor",https://us.shein.com/6-Blades-USB-Portable-Juicer-Maker-Juicer-Fruit-Juice-Cup-Automatic-Small-Electric-Juicer-Smoothie-Blender-Ice-CrushCup-Food-Processor-p-32346773.html?src_identifier=fc%3DAppliances%60sc%3DAppliances%60tc%3D0%60oc%3D0%60ps%3Dtab22navbar22%60jc%3DitemPicking_017172977&src_module=topcat&src_tab_page_id=page_select_class1718930176672&mallCode=1&pageListType=2,#6 Best Sellers,in Fruit & Vegetable Tools,8.94,28,Recently Not Sell,Link NOt Available
24,"1PC 16LED USB/Battery Dual Use Makeup Mirror Light, Desktop Mirror Surface Rotatable Makeup Mirror Light 3-Speed Touch Screen Vanity Mirror, Brightness Adjustable Cosmetic Light Up Mirror, Portable Dormitory Bedroom Desktop Vanity Mirror With Light",https://us.shein.com/1PC-16LED-USB-Battery-Dual-Use-Makeup-Mirror-Light-Desktop-Mirror-Surface-Rotatable-Makeup-Mirror-Light-3-Speed-Touch-Screen-Vanity-Mirror-Brightness-Adjustable-Cosmetic-Light-Up-Mirror-Portable-Dormitory-Bedroom-Desktop-Vanity-Mirror-With-Light-p-25998344.html?src_identifier=fc%3DAppliances%60sc%3DAppliances%60tc%3D0%60oc%3D0%60ps%3Dtab22navbar22%60jc%3DitemPicking_017172977&src_module=topcat&src_tab_page_id=page_select_class1718930176672&mallCode=1&pageListType=2,#6 Best Sellers,in Fruit & Vegetable Tools,8.55,29,200+ sold recently,Link NOt Available
25,"1pc Silicone Ice Cube Trays With Lids, 2 Inches Rose Ice Cube Trays With Covers, 6 Cavity Silicone Rose Ice Ball Maker, Easy Release Large Ice Cube Form For Chilled Cocktails, Whiskey, Bourbon & Homemade Juice",https://us.shein.com/1pc-Silicone-Ice-Cube-Trays-With-Lids-2-Inches-Rose-Ice-Cube-Trays-With-Covers-6-Cavity-Silicone-Rose-Ice-Ball-Maker-Easy-Release-Large-Ice-Cube-Form-For-Chilled-Cocktails-Whiskey-Bourbon-Homemade-Juice-p-36158834.html?src_identifier=fc%3DAppliances%60sc%3DAppliances%60tc%3D0%60oc%3D0%60ps%3Dtab22navbar22%60jc%3DitemPicking_017172977&src_module=topcat&src_tab_page_id=page_select_class1718930176672&mallCode=1&pageListType=2,#6 Best Sellers,in Fruit & Vegetable Tools,4.7,13,Recently Not Sell,Link NOt Available
26,"1pc Pink 500ml Manual Garlic Masher For Home Use, Hand-held Garlic Press For Cutting Vegetables, Suitable For Chopping Garlic, Ginger, Chili, Onion And Other Foods",https://us.shein.com/1pc-Pink-500ml-Manual-Garlic-Masher-For-Home-Use-Hand-held-Garlic-Press-For-Cutting-Vegetables-Suitable-For-Chopping-Garlic-Ginger-Chili-Onion-And-Other-Foods-p-25154681.html?src_identifier=fc%3DAppliances%60sc%3DAppliances%60tc%3D0%60oc%3D0%60ps%3Dtab22navbar22%60jc%3DitemPicking_017172977&src_module=topcat&src_tab_page_id=page_select_class1718930176672&mallCode=1&pageListType=2,#7 Best Sellers,in Blenders,3.46,48,Recently Not Sell,Link NOt Available
27,"1pc Wax Bean Heater Hair Removal Tool For Both Women & Men, Large Capacity",https://us.shein.com/1pc-Wax-Bean-Heater-Hair-Removal-Tool-For-Both-Women-Men-Large-Capacity-p-21530539.html?src_identifier=fc%3DAppliances%60sc%3DAppliances%60tc%3D0%60oc%3D0%60ps%3Dtab22navbar22%60jc%3DitemPicking_017172977&src_module=topcat&src_tab_page_id=page_select_class1718930176672&mallCode=1&pageListType=2,#7 Best Sellers,in Blenders,12.5,48,100+ sold recently,Link NOt Available
28,1PC Epilator Face Hair Removal Lipstick Shaver Electric Eyebrow Trimmer Women's Painless Hair Remover Mini Shaver Epilator For Women [Dry Cell Type (Excluding Battery)],https://us.shein.com/1PC-Epilator-Face-Hair-Removal-Lipstick-Shaver-Electric-Eyebrow-Trimmer-Women-s-Painless-Hair-Remover-Mini-Shaver-Epilator-For-Women-Dry-Cell-Type-Excluding-Battery-p-18607363.html?src_identifier=fc%3DAppliances%60sc%3DAppliances%60tc%3D0%60oc%3D0%60ps%3Dtab22navbar22%60jc%3DitemPicking_017172977&src_module=topcat&src_tab_page_id=page_select_class1718930176672&mallCode=1&pageListType=2,#7 Best Sellers,in Blenders,2.6,4,8.7k+ sold recently,Link NOt Available
29,1pc + Rechargeable + 500mah Lithium Battery + Handheld Portable + Standable + With Hanging Rope + 3-Level Adjustable,https://us.shein.com/1pc-Rechargeable-500mah-Lithium-Battery-Handheld-Portable-Standable-With-Hanging-Rope-3-Level-Adjustable-p-30318916.html?src_identifier=fc%3DAppliances%60sc%3DAppliances%60tc%3D0%60oc%3D0%60ps%3Dtab22navbar22%60jc%3DitemPicking_017172977&src_module=topcat&src_tab_page_id=page_select_class1718930176672&mallCode=1&pageListType=2,#7 Best Sellers,in Blenders,4.2,22,200+ sold recently,Link NOt Available
30,"Electric Garlic Masher, Portable Mini Garlic Chopper, Garlic Blender, Household Electric Garlic Press, Wireless Garlic Mincer, Garlic Slicer, Portable Compact Design, Easy-To-Use Kitchen Tool,Kitchen,Kitchen Items,Food,Cooking,Camping,Meat,Poultry,Room Decor,Organizer,Party.",https://us.shein.com/Electric-Garlic-Masher-Portable-Mini-Garlic-Chopper-Garlic-Blender-Household-Electric-Garlic-Press-Wireless-Garlic-Mincer-Garlic-Slicer-Portable-Compact-Design-Easy-To-Use-Kitchen-Tool-Kitchen-Kitchen-Items-Food-Cooking-Camping-Meat-Poultry-Room-Decor-Organizer-Party-p-36134210.html?src_identifier=fc%3DAppliances%60sc%3DAppliances%60tc%3D0%60oc%3D0%60ps%3Dtab22navbar22%60jc%3DitemPicking_017172977&src_module=topcat&src_tab_page_id=page_select_class1718930176672&mallCode=1&pageListType=2,#8 Best Sellers,in Kitchen Meat Grinders,9.3,22,Recently Not Sell,Link NOt Available
31,"1pc 4-Grid Egg Frying Pan, Kitchen Baking Mold, Flower Shaped Silicone Egg Cooking Mold",https://us.shein.com/1pc-4-Grid-Egg-Frying-Pan-Kitchen-Baking-Mold-Flower-Shaped-Silicone-Egg-Cooking-Mold-p-13071942.html?src_identifier=fc%3DAppliances%60sc%3DAppliances%60tc%3D0%60oc%3D0%60ps%3Dtab22navbar22%60jc%3DitemPicking_017172977&src_module=topcat&src_tab_page_id=page_select_class1718930176672&mallCode=1&pageListType=2,#6 Best Sellers,in Egg Cookers,2.1,22,Recently Not Sell,Link NOt Available
32,"2-In-1 Watermelon Fork Slicer Cutter, 2024 Summer New Watermelon Slicer Cutter, Watermelon Fork Slicer, Summer Watermelon Cutting Artifact, Stainless Steel Fruit Forks Slicer Knife. Dual Head Stainless Steel Fruit Forks Slicer Knife For Family Parties Camping Party, Kitchen Gadgets, Kitchen Supplies",https://us.shein.com/2-In-1-Watermelon-Fork-Slicer-Cutter-2024-Summer-New-Watermelon-Slicer-Cutter-Watermelon-Fork-Slicer-Summer-Watermelon-Cutting-Artifact-Stainless-Steel-Fruit-Forks-Slicer-Knife-Dual-Head-Stainless-Steel-Fruit-Forks-Slicer-Knife-For-Family-Parties-Camping-Party-Kitchen-Gadgets-Kitchen-Supplies-p-35401199.html?src_identifier=fc%3DAppliances%60sc%3DAppliances%60tc%3D0%60oc%3D0%60ps%3Dtab22navbar22%60jc%3DitemPicking_017172977&src_module=topcat&src_tab_page_id=page_select_class1718930176672&mallCode=1&pageListType=2,#6 Best Sellers,in Egg Cookers,1.9,22,100+ sold recently,Link NOt Available
33,"O3 Ozone Generator Air Purifier,Refrigerator Deodorizer,Food Shelf Life Extender,Remove Smoke Pet Toilet Smell",https://us.shein.com/O3-Ozone-Generator-Air-Purifier-Refrigerator-Deodorizer-Food-Shelf-Life-Extender-Remove-Smoke-Pet-Toilet-Smell-p-30029863.html?src_identifier=fc%3DAppliances%60sc%3DAppliances%60tc%3D0%60oc%3D0%60ps%3Dtab22navbar22%60jc%3DitemPicking_017172977&src_module=topcat&src_tab_page_id=page_select_class1718930176672&mallCode=1&pageListType=2,#10 Best Sellers,in Air Purifiers,6.12,40,Recently Not Sell,Link NOt Available
34,1pc 4D Multifunctional Lifting And Tightening Massage Instrument For Home Use - One Tool For Total Body Beauty And Skin Care,https://us.shein.com/1pc-4D-Multifunctional-Lifting-And-Tightening-Massage-Instrument-For-Home-Use-One-Tool-For-Total-Body-Beauty-And-Skin-Care-p-27482222.html?src_identifier=fc%3DAppliances%60sc%3DAppliances%60tc%3D0%60oc%3D0%60ps%3Dtab22navbar22%60jc%3DitemPicking_017172977&src_module=topcat&src_tab_page_id=page_select_class1718930176672&mallCode=1&pageListType=2,#10 Best Sellers,in Air Purifiers,4.66,20,100+ sold recently,Link NOt Available
35,"5 In 1 Multi-Function Electric Scrubber  Portable Spin Scrubber, Cordless Handheld Cleaning Brush For Bathroom/Tub/Wall Tiles/ Floor/Kitchen Usb Rechargeable Kitchen Dish Washing Brush Sink Cleaner Bathroom Bathtub Clean Brush Spin Scrubber Electric Cleaning Brush",https://us.shein.com/5-In-1-Multi-Function-Electric-Scrubber-Portable-Spin-Scrubber-Cordless-Handheld-Cleaning-Brush-For-Bathroom-Tub-Wall-Tiles-Floor-Kitchen-Usb-Rechargeable-Kitchen-Dish-Washing-Brush-Sink-Cleaner-Bathroom-Bathtub-Clean-Brush-Spin-Scrubber-Electric-Cleaning-Brush-p-33421284.html?src_identifier=fc%3DAppliances%60sc%3DAppliances%60tc%3D0%60oc%3D0%60ps%3Dtab22navbar22%60jc%3DitemPicking_017172977&src_module=topcat&src_tab_page_id=page_select_class1718930176672&mallCode=1&pageListType=2,#10 Best Sellers,in Air Purifiers,5.96,47,10+ sold recently,Link NOt Available
36,"1pc 10ml Oil-Based Aroma Refill, Suitable For Aromatherapy Candles, Fragrance Stones, Aromatherapy Plaster, Not For Humidifiers",https://us.shein.com/1pc-10ml-Oil-Based-Aroma-Refill-Suitable-For-Aromatherapy-Candles-Fragrance-Stones-Aromatherapy-Plaster-Not-For-Humidifiers-p-28352242.html?src_identifier=fc%3DAppliances%60sc%3DAppliances%60tc%3D0%60oc%3D0%60ps%3Dtab22navbar22%60jc%3DitemPicking_017172977&src_module=topcat&src_tab_page_id=page_select_class1718930176672&mallCode=1&pageListType=2,#10 Best Sellers,in Air Purifiers,1.6,47,1.6k+ sold recently,Link NOt Available
37,Electric Hair Straightener Brush Straightening Curler Hot Comb LCD Display Flat Iron,https://us.shein.com/Electric-Hair-Straightener-Brush-Straightening-Curler-Hot-Comb-LCD-Display-Flat-Iron-p-19897495.html?src_identifier=fc%3DAppliances%60sc%3DAppliances%60tc%3D0%60oc%3D0%60ps%3Dtab22navbar22%60jc%3DitemPicking_017172977&src_module=topcat&src_tab_page_id=page_select_class1718930176672&mallCode=1&pageListType=2,#10 Best Sellers,in Air Purifiers,23.5,47,Recently Not Sell,Link NOt Available
38,1pc Silicone Ice Cube Trays With Lids,https://us.shein.com/1pc-Silicone-Ice-Cube-Trays-With-Lids-p-25454957.html?src_identifier=fc%3DAppliances%60sc%3DAppliances%60tc%3D0%60oc%3D0%60ps%3Dtab22navbar22%60jc%3DitemPicking_017172977&src_module=topcat&src_tab_page_id=page_select_class1718930176672&mallCode=1&pageListType=2,#10 Best Sellers,in Air Purifiers,3.9,29,30+ sold recently,Link NOt Available
39,1pc Kitchen Long-Handled Noodle & Soup Strainer Ladle With Drainer,https://us.shein.com/1pc-Kitchen-Long-Handled-Noodle-Soup-Strainer-Ladle-With-Drainer-p-35622960.html?src_identifier=fc%3DAppliances%60sc%3DAppliances%60tc%3D0%60oc%3D0%60ps%3Dtab22navbar22%60jc%3DitemPicking_017172977&src_module=topcat&src_tab_page_id=page_select_class1718930176672&mallCode=1&pageListType=2,#10 Best Sellers,in Air Purifiers,1.7,29,Recently Not Sell,Link NOt Available
40,Data Not Availabe,Link Not Available,#10 Best Sellers,in Other Body Care Machines,2.7,29,Recently Not Sell,"4pcs Makeup Sponge Beauty Egg Set - Makeup Sponge For Foundation Blending With Egg Holder, Perfectly Used For Cream, Powder, Blush, Concealer, And Liqui"
41,Data Not Availabe,Link Not Available,#1 Best Sellers,in Hair Dryers,4.38,32,Recently Not Sell,1pc Salon Tools Black Pink Universal Silicone Hair Dryer Diffuser Hood Adjustable Temperature Dispersion Resistant Drying Hair Dryer
42,Data Not Availabe,Link Not Available,#2 Best Sellers,in Electric Nose & Ear Trimmers,2.86,25,Recently Not Sell,Portable Lithium Battery Powered Hair Trimmer & Nose Hair Trimmer
43,Data Not Availabe,Link Not Available,#7 Best Sellers,in Juicer & Food Processor,3.46,51,Recently Not Sell,"Multifunctional Manual Food Chopper, Kitchen Vegetable Fruit Onion Garlic Nuts Herb Slicer, Hand-Powered Mixing Cutter, Gr"
44,Data Not Availabe,Link Not Available,#7 Best Sellers,in Cleaning Appliance Parts,2.4,51,Recently Not Sell,"1 Set Of 2 Portable Fan Cleaning Brushes, Household Multi-Purpose Keyboard And Gap Cleaning Small Brush - Deep Into The Gap, Easily Remove Dust."
45,Data Not Availabe,Link Not Available,#8 Best Sellers,in Electric Toothbrushes,2.6,51,Recently Not Sell,"Smart Electric Toothbrush With 6 Modes 42000vpm & Smart Timer - Effectively Cleans Teeth & Gums, Rechargeable USB Electric Toothbrush With 4/8 Replacement Head, Electric Toothbrush For Adults, Available In 3 Colors, Great Gift Father's Day Gif"
46,Data Not Availabe,Link Not Available,#5 Best Sellers,in Electric Nose & Ear Trimmers,2.1,46,Recently Not Sell,1pc 12.7cm Aluminum Metal Electric Battery Type Eyebrow Shaver Nose Hair Trimmer
47,Data Not Availabe,Link Not Available,#5 Best Sellers,in Electric Nose & Ear Trimmers,35.0,46,Recently Not Sell,"Professional Curler, Electrically Heated Automatic Curler, Negative Ion Electric Clip Curler, Portable Heated Hair Styling Tool For Home Use, Salon, Hair Salon, Mother's Day Gif"
48,Data Not Availabe,Link Not Available,#9 Best Sellers,in Specialty Kitchen Appliances,4.4,46,Recently Not Sell,"1pc Mini Bag Sealer, Rechargeable Portable Sealing Machine, Handheld Plastic Vacuum Sealer For Kitchen Packaging"
49,Data Not Availabe,Link Not Available,#9 Best Sellers,in Specialty Kitchen Appliances,2.95,16,100+ sold recently,"New Mini Nail Lamp Portable Led Uv Lamp Usb Nail Dryer For Gel Polish, Single Finger Curing"
50,Data Not Availabe,Link Not Available,#3 Best Sellers,in Refrigerators & Freezers,34.99,54,Recently Not Sell,"Reemix Mini Fridge, 3.7 Liter/6 Can Portable Cooler And Warmer Personal Refrigerator For Skin Care, Cosmetics, Beverage, Food,Great For Bedroom, Office, Car, Freon-Fr"
51,Data Not Availabe,Link Not Available,#3 Best Sellers,in Refrigerators & Freezers,5.31,44,10+ sold recently,"1pc Smart Stainless Steel Mug With Mixing Rod, Self-Stirring Cup Coffee Milk Mixer, Warm Bottle Full Automatic Mixing Cup Rotating Water Cup Electric Coffee Cup Lazy Portable Milk Stainless Steel Cup"
52,Data Not Availabe,Link Not Available,#3 Best Sellers,in Refrigerators & Freezers,4.0,5,Recently Not Sell,"1 Set Of 100 Sheets Rectangular Parchment Paper For Baking, Siliconized Greaseproof Paper For BBQ & Steaming, Tray Absorbent Oil Blotting Pads"
53,Data Not Availabe,Link Not Available,#3 Best Sellers,in Refrigerators & Freezers,6.37,41,400+ sold recently,"USB Rechargeable Electric Milk Frother, Powerful Handheld Milk Frother, Mini Milk Foamer,Coffee Stirrer, Stainless Steel Drink Mixer For Coffee, Lattes, Cappuccino,Matcha,Hot Chocolate, Portable Foam Maker,Electric Wireless Blender Mini Coffee Maker"
54,Data Not Availabe,Link Not Available,#1 Best Sellers,in Led Makeup Mirror,4.8,4,Recently Not Sell,"Portable Led Lighted Magnifying Travel Makeup Mirror 1X/3X Magnification Folding Dual Sided Compact Handheld Illuminated Mirror For Home Tabletop Decoration, Bathroom, Dresser Vanity & Countertop Bedroom Travel Dormitory Mirror Women Gif"
55,Data Not Availabe,Link Not Available,#1 Best Sellers,in Heater & Cooler,3.0,4,Recently Not Sell,"1pc Handheld Portable Fan With Hand Rope And Self-Installed Battery, 1 Sp"
56,Data Not Availabe,Link Not Available,#4 Best Sellers,in Electric Space Heater,10.88,15,Recently Not Sell,"1 Pc Menstrual Heating Pad  Uterine Warmer Hot Massage Stomach Heating Pad For Ladies And Girls Multi-Speed Adjustable Abdominal Heating MassageR,Portable Cordless Heating Pad, Electric Waist Belt Devic"
57,Data Not Availabe,Link Not Available,#4 Best Sellers,in Electric Space Heater,19.78,27,Recently Not Sell,1PC Travel Electric Kettle Small Stainless Steel Portable Electric Kettle For Boiling Water Travel Tea Kettle Automatic Shut-Off Dry Protection 4 Preset Heating Settings 500ml Kettle For Coffee(White)
58,Data Not Availabe,Link Not Available,#4 Best Sellers,in Electric Space Heater,1.56,71,20+ sold recently,"1pc 500ml/1000ml Clear Milk Carton Water Bottles,Can Be Reused,Leakproof Cute Square Portable Juice Bottle For Outdoor Sports Travel Camping School Activities"
59,Data Not Availabe,Link Not Available,#4 Best Sellers,in Electric Space Heater,1.9,71,Recently Not Sell,"1pc High-Quality Heat-Resistant Slotted Spoon - Extra-Long Handle For Safe Cooking And Serving, Large Drainage Slot For Dumplings, Noodles, And More, Easy To Clean - Durable Ergonomic Design For Various Kitchen Tasks"
60,Data Not Availabe,Link Not Available,#9 Best Sellers,in Juicer Machines,11.6,71,Recently Not Sell,"1pc 300ml Electric Portable Juicer, USB Rechargeable Mini Fruit Juicer, Wireless Electric Juicer Personal Size Blender For Smoothies And Shakes, 1200mAh Super Long Battery Life, Home Fruit Blender For Sports, Kitchen, Home, Travel,Vegetable Fruit Tools,Kitchen Items,Cutter,Food,Salad,Decor,Storage,Party,Birthday,Camping,Summer Beach."
61,Data Not Availabe,Link Not Available,#9 Best Sellers,in Juicer Machines,2.9,71,200+ sold recently,"1pc Black Baking Tray With Special Barbecue Design For Air Fryer, Made Of Thickened Silicone With Anti-stick Mat, Reusable And Durabl"
62,Data Not Availabe,Link Not Available,#5 Best Sellers,in Men Shave & Hair Removal Appliances,2.99,35,Recently Not Sell,"Teckwe Multifunctional Electric Shaver For Men,USB Rechargeable Clippers For Beard Shaver With Guide Combs,Dragon & Phoenix Carving Mens Suitable For Home And Professional Barber Shop Use,Grooming Kit Valentine's Day Gif"
63,Data Not Availabe,Link Not Available,#5 Best Sellers,in Men Shave & Hair Removal Appliances,2.07,10,10k+ sold recently,"Electric Nose Hair Trimmer, Unisex Nose Hair Cleaning Tool, Black Color Ear & Nose Hair Clipper, Personal Care Tool"
64,Data Not Availabe,Link Not Available,#5 Best Sellers,in Men Shave & Hair Removal Appliances,19.99,50,80+ sold recently,"Sandwich Maker, Toaster And Electric Panini Grill With Non-Stick Coating Plate, Easy To Clean, Heating Up Fast, Built In Indicator Lights, Black"
65,Data Not Availabe,Link Not Available,#5 Best Sellers,in Men Shave & Hair Removal Appliances,5.3,4,20+ sold recently,"Professional Teeth Whitening Kit - LED Light And Gel Strips Teeth Whitening Agent For A Brighter Smile, Suitable For Sensitive Teeth And Orthodontic Car"
66,Data Not Availabe,Link Not Available,#5 Best Sellers,in Men Shave & Hair Removal Appliances,2.4,17,400+ sold recently,50pcs Air Fryer Disposable Paper Parchment Wood Pulp Steamer Cheesecake Air Fryer Accessories Baking Paper For Air Fryer
67,Data Not Availabe,Link Not Available,#5 Best Sellers,in Men Shave & Hair Removal Appliances,21.4,17,Recently Not Sell,"BEBIRD Ear Wax Removal Tool - R1 Upgraded Ear Cleaner With 1080P Camera,Comes With Two Replacement Heads,Ear Cleaner With Camera,Safer Ear Canal Cleaning"
68,Data Not Availabe,Link Not Available,#1 Best Sellers,in Personal Size Blenders,8.8,17,Recently Not Sell,"Personal Portable Blender,Mini Juice Blender, USB Rechargeable Small Size Blender For Smoothies And Shakes,Mini Juicer Cup Travel 380ml, Juice, Milk,5Colors Availabl"
69,Data Not Availabe,Link Not Available,#1 Best Sellers,in Personal Size Blenders,7.0,7,300+ sold recently,"Battery Powered Black Folding Led Makeup Mirror With 8 Lights For Girl's Portable Dressing Mirror, Desk/Table Top Design With High-End Feeling For Home Tabletop, Bathroom, Dresser Vanity & Countertop Bedroom Travel Dormitory Mirror Women Gif"
70,Data Not Availabe,Link Not Available,#1 Best Sellers,in Personal Size Blenders,1.9,7,10+ sold recently,"Disposable Toilet Brush, Household Cleaning Tool For Toilet With No Dead Ends"
71,Data Not Availabe,Link Not Available,#1 Best Sellers,in Personal Size Blenders,9.2,7,900+ sold recently,10pcs Fridge Freezer Storage Container Food Classification Grids Ice Cream Sealed Refrigerator Box Without Cross-flavor
72,Data Not Availabe,Link Not Available,#1 Best Sellers,in Personal Size Blenders,1.9,7,Recently Not Sell,8pcs+4pcs Kitchen Sponge Dishwashing Cloth Double-Sided Cleaning Scrubbing Household Cleaning Cloth Kitchenware Dishwashing
73,Data Not Availabe,Link Not Available,#8 Best Sellers,in Men Shave & Hair Removal Appliances,1.67,30,Recently Not Sell,"Nose Hair Trimmer, 1PC Electric Nose Hair Trimmer, Professional Painless Nose And Ear Hair Trimmer For Women Men Waterproof Stainless Steel Head Dual Edge Blades Nose Hair Remover Mute Efficient Battery-Operated Easy Cleansing, For Eyebrows, Neckline, Nose & Ear Hair, Precision Detail Trimming"
74,Data Not Availabe,Link Not Available,#8 Best Sellers,in Men Shave & Hair Removal Appliances,2.68,29,600+ sold recently,"1pc 250ml Humidifier, Cute Cartoon Cat Design Mini Desktop Atomizer Hydrating Device For Bedroom"
75,Data Not Availabe,Link Not Available,#9 Best Sellers,in Kitchen Appliance Parts,1.7,60,Recently Not Sell,"1PC/2PCS Quick-Dry Coffee Mat - Large Absorbent Draining Pad For Dishes, Bathroom, And Kitch"
76,Data Not Availabe,Link Not Available,#9 Best Sellers,in Kitchen Appliance Parts,4.02,18,Recently Not Sell,1pc Kitchen Mechanical Timer Egg Shaped Reminder For Baking & Cooking
77,Data Not Availabe,Link Not Available,#9 Best Sellers,in Kitchen Appliance Parts,69.26,5,70+ sold recently,"CHEFTRONIC Stand Mixer, , 3.8 Qt Tilt-Head Electric Household Stand Mixer - 300W 6+P Speed, Multifunctional Kitchen Stand Up Mixer With Dough Hook, Whisk, Food Beater And Butter Beater"
78,Data Not Availabe,Link Not Available,#7 Best Sellers,in Personal Care Appliance Accessories,3.9,5,Recently Not Sell,1pc Portable Mini Electrostatic Dry Cleaning Brush Clothes Dust Remover Hair Lint Sticky Roller For Clothes And Sof
79,Data Not Availabe,Link Not Available,#7 Best Sellers,in Personal Care Appliance Accessories,4.45,50,Recently Not Sell,"1PC Glass Honey Jar,  Honey Container With Wooden Scoop And Lid, Honey Jar With Wooden Plunger For Home Kitchen Storage Of Honey Syrup Hive Honey"
80,Data Not Availabe,Link Not Available,#8 Best Sellers,in Car Vacuum Cleaner,5.96,37,Recently Not Sell,"1pc Small Portable Car Vacuum Cleaner With Strong Suction, Multipurpose And Convenient For Multiple Scenarios"
81,Data Not Availabe,Link Not Available,#8 Best Sellers,in Car Vacuum Cleaner,0.87,49,40+ sold recently,"Heart-Shaped Scraping Board, Imitation Jade/Pink Crystal/Plastic Crystal Scraping Boar"
82,Data Not Availabe,Link Not Available,#6 Best Sellers,in Kitchen Appliance Parts,2.1,49,Recently Not Sell,"1pc, Abs Utensil Rest With Drip Pad, Kitchen Utensil Holder For Spoons, Ladles, Tongs, Spatulas And More, Kitchen Gadgets, Kitchen Stuff, Kitchen Accessories, Home Kitchen Items"
83,Data Not Availabe,Link Not Available,#3 Best Sellers,in Power Toothbrushes,7.4,16,Recently Not Sell,"1Pc Electric Toothbrush With 6 Replaceable Brush Heads, Usb Rechargeable, 5 Cleaning Modes, With Bathroom Wall-Mounted Toothbrush Holder Storage Rack And Travel Toothbrush Head Cover (Portable Protective Cap), Sonic Intelligent Toothbrush Ipx7 Full Body Waterproof For Home Bathroom Travel"
84,Data Not Availabe,Link Not Available,#1 Best Sellers,in Curling Tongs & Curling Wands,11.49,35,Recently Not Sell,"Teckwe 22mm Curling Iron,Triple Tube Hair Curler,3 Barrel Curling Iron Wand,Egg Roll Hair Curler Water Ripples,Water Ripples,Egg Rolls,Straight Hair And Bouncy Curly Hair,Fast Heat Up & Dual Voltage Crimp For Women Girls Home - US Plug"
85,Data Not Availabe,Link Not Available,#1 Best Sellers,in Curling Tongs & Curling Wands,4.3,35,Recently Not Sell,"Black Satin Diffuser Cap | Enhance Hair Drying, Reduce Frizz"
86,Data Not Availabe,Link Not Available,#1 Best Sellers,in Curling Tongs & Curling Wands,26.99,50,70+ sold recently,"Cozeemax Panini Press Grill, Compact Size, Gourmet Sandwich maker with Non-Stick Coating Plate, Opens 180 Degrees, Black"
87,Data Not Availabe,Link Not Available,#1 Best Sellers,in Curling Tongs & Curling Wands,20.7,50,Recently Not Sell,"XLIFE X1+  Ear Wax Removal Tool - Spade Ear Cleaner With Ear Camera, Oral Examination Accessory, Nasal Examination Accessory Included,1080P Ear Scope, Earwax Remover Picker With 6 Replacem"
88,Data Not Availabe,Link Not Available,#9 Best Sellers,in Other Household Appliances,3.3,50,Recently Not Sell,Light Up Your Home With 1pc Motion Sensor Cabinet Light - USB Rechargeable & Battery Powered!
89,Data Not Availabe,Link Not Available,#9 Best Sellers,in Other Household Appliances,4.9,50,20+ sold recently,"1pc Silicone Ice Cube Mould,  Cylinder 3D Ice Cube Maker,Simple Bucket Design Ice Cube Maker Tray With Lid For Kitchen Seafood Sashimi, Back To School Supplies"
90,Data Not Availabe,Link Not Available,#9 Best Sellers,in Other Household Appliances,8.1,50,300+ sold recently,1Pc 2023 New Mini Neck Fan Portable Bladeless Hanging Neck Rechargeable Air Cooler 3 Speed Mini Summer Sports Fans
91,Data Not Availabe,Link Not Available,#2 Best Sellers,in Water Treatment Appliances,7.3,50,Recently Not Sell,"1pc USB Rechargeable Electric Water Pump, Compact And Exquisite Design, Easy Installation, Convenient And Practical, One-Button Operation, Blue Light Display. Fully Charged To Pump About 6 Barrels Of 19L Bottled Water, Motor-Driven."
92,Data Not Availabe,Link Not Available,#2 Best Sellers,in Water Treatment Appliances,3.1,50,Recently Not Sell,"6pcs/Set Silicone Stretch Lids,6 Pack Reusable Silicone Lids,Durable Food Storage Silicone Covers For Bowl, To Keep Food Fresh,For Can, Cup And Glass Jars"
93,Data Not Availabe,Link Not Available,#2 Best Sellers,in Water Treatment Appliances,3.3,50,300+ sold recently,"1pc+oil Sprayer+kitchen Oil Sprayer+camping Utensils And Tools+bbq Utensils+olive Oil Sprayer+creative Oil Sprayer Bottle+salad Barbeque Kitchen Baking Baking Household Oil Sprayer+glass Bottle+kitchen Supplies+kitchen Gadgets+help Oil Control, Hygiene And Health"
94,Data Not Availabe,Link Not Available,#2 Best Sellers,in Water Treatment Appliances,2.05,69,200+ sold recently,"Kitchen Items,1pc Microwave Bacon Maker Microwavable Bacon Grill, Bacon Tray, Pizza Tray, Sauce Tray, Microwave Oven Cooker"
95,Data Not Availabe,Link Not Available,#5 Best Sellers,in Personal Size Blenders,10.99,27,Recently Not Sell,"JMMO Electric Portable Juicer,Portable Blender Juicer,Personal Size Blender Smoothies And Shakes,Mini Blender USB Rechargeable,Handheld Blender Sports,High Speed & Long Battery Life For Travel Home 300ML"
96,Data Not Availabe,Link Not Available,#9 Best Sellers,in Hair Styling Care Appliances,14.4,4,Recently Not Sell,"Portable Automatic Hair Curler, Wireless Rechargeable Curling Iron Ideal Hair Curling Iron Wand Curling Iron For Travel, Home And Various Occasions Gift For Wom"
97,Data Not Availabe,Link Not Available,#9 Best Sellers,in Hair Styling Care Appliances,21.8,4,Recently Not Sell,"XLIFE Q3 Cartoon Ear Wax Removal Tool - Spade Ear Cleaner With Ear Camera, Oral Examination Accessory, Nasal Examination Accessory Included,1080P Ear Scope, Earwax Remover Picker With 6 Replacement Tips Ear Pick With 6 LED Light For Earwax Cleaning, Support IPho"
98,Data Not Availabe,Link Not Available,#5 Best Sellers,in Other Household Appliances,1.69,71,Recently Not Sell,"Night Lights Note Board Creative Led Night Light USB Message Board Holiday Light With Pen Gift For Children Girlfriend Decoration Night Lamp (Emitting Color : Blank Board-1 Pen), Multicolor"
99,Data Not Availabe,Link Not Available,#5 Best Sellers,in Other Household Appliances,4.0,71,Recently Not Sell,"1/2pcs Reusable Silicone Air Fryer Liners For Air Fryer And Baking Tray, Air Fryer Accessories For Home Kitch"
100,Data Not Availabe,Link Not Available,#3 Best Sellers,in Cleaning Appliances,2.7,52,Recently Not Sell,Portable Mini Battery Powered Car & Desktop & Keyboard Vacuum Cleaner For Home Office Cleaning
101,Data Not Availabe,Link Not Available,#3 Best Sellers,in Electric Hair Clippers,2.8,3,Recently Not Sell,"Hair Clipper, Men's Trimmer, Abs Body, Golden Color, Dragon Pattern, Mens Grooming Ki"
102,Data Not Availabe,Link Not Available,#3 Best Sellers,in Electric Hair Clippers,1.74,21,1.8k+ sold recently,1pc Stainless Steel  Mini Electric Coffee Blender Handheld Eggbeater Bubble Drink Stir Bar Household Kitch
103,Data Not Availabe,Link Not Available,#3 Best Sellers,in Electric Hair Clippers,1.3,50,100+ sold recently,1PC Epilator Face Hair Lipstick Shaver Electric Eyebrow Trimmer Women's Painless Hair Removal Remover Mini Shaver Epilator For Wom
104,Data Not Availabe,Link Not Available,#2 Best Sellers,in Led Makeup Mirror,4.52,40,Recently Not Sell,"Led Makeup Mirror With Touch Screen, 3 Light Modes, Portable Stand And Foldable Compact Mirror ,Lighted Travel Makeup Mirror,  Vanity Cosmetic Mirror With Lights, Rechargeable 1500mAh Battery, 3- Color Light Modes Dimming LED Light Up Mirror , Travel Accessories For Makeup"
105,Data Not Availabe,Link Not Available,#2 Best Sellers,in Led Makeup Mirror,2.33,37,10+ sold recently,"1pc-Handmade Grass Broom, Small Handmade Dust Broom, Cleaning Tools, For Housekeeping Services Offices Hotels"
106,Data Not Availabe,Link Not Available,#2 Best Sellers,in Led Makeup Mirror,2.82,40,10+ sold recently,"1pc Refrigerator Drawer Type Egg Fruit Storage Box, Kitchen Accessories Organizer, Shelf Fridge Storage Shelf (26*18*5cm/10.2*7.1*1.9in)"
107,Data Not Availabe,Link Not Available,#2 Best Sellers,in Led Makeup Mirror,67.1,40,Recently Not Sell,"1pc IPL Hair Removal Device, Hair Remover, Laser Hair Removal Equipment, Dual Purpose Hair Removal & Skin Rejuvenation, 990,000 Flashes, 9 Energy Levels, The Higher The Level, The Greater The Energy, For Home Use Permanent Hair Removal"
108,Data Not Availabe,Link Not Available,#2 Best Sellers,in Led Makeup Mirror,10.3,4,5.0k+ sold recently,Hair Curling Iron Professional Mini Hair Straightener Curler 2 In 1 Flat Iron Small Thin Plate Hair Straightening Curling Styling Tools Heated Styling Iron Brush
109,Data Not Availabe,Link Not Available,#2 Best Sellers,in Led Makeup Mirror,1.4,4,200+ sold recently,"1pc Leaf-Shaped Self Draining Soap Bar Holder With Suction Cup, Soap Box Shelf, Decorative Plastic Soap Tray, Concentrated Drainage Desig"
110,Data Not Availabe,Link Not Available,#2 Best Sellers,in Led Makeup Mirror,2.7,34,400+ sold recently,"1 Pc Stainless Steel Multi-Functional Frying Clip For Steak, Fish, Meat, AndTNoodles -Ldeal For Barbecues And Baking - Easy To Use And Durabl"
111,Data Not Availabe,Link Not Available,#10 Best Sellers,in Environmental Appliances,2.34,22,Recently Not Sell,"Face Mister Mini Handy Rechargeable Cute Rabbit Design Face Humidifier Facial Sprayer Moisturizing For Face, Daily Makeup, Skin Care, Holiday Gift Christmas Gif"
112,Data Not Availabe,Link Not Available,#10 Best Sellers,in Environmental Appliances,11.4,40,40+ sold recently,"Wit Water Flosser,Portable Oral Irrigator With 3 Modes, Nasal Washer, 4 Replaceable Nozzles, Rechargeable Waterproof Tooth Cleaner, For Home And Travel, Removable Large Water Tank"
113,Data Not Availabe,Link Not Available,#10 Best Sellers,in Environmental Appliances,3.2,20,30+ sold recently,"3pcs Silicone Drain Covers, Hair Filter Anti-Clogging Tool For Home Bathroom Floor Drai"
114,Data Not Availabe,Link Not Available,#4 Best Sellers,in Other Household Appliances,16.87,20,Recently Not Sell,"1pc Shoe Dryer, Shoe Warmer, Can Be Used For Shoes, Socks, Gloves, To Quickly Dry And Deodorize, Foldable, Easy To Store, Easy To Use, And Easy To Carry In Winter And Rainy Season, Suitable For All Types Of Shoes"
115,Data Not Availabe,Link Not Available,#4 Best Sellers,in Other Household Appliances,2.4,20,100+ sold recently,"Water Bottles With Straw, Motivational Sport Water Bottles With Time Maker,  Leakproof Half Gallo"
116,Data Not Availabe,Link Not Available,#2 Best Sellers,in Personal Care Appliance Accessories,1.9,20,Recently Not Sell,Reusable Eyebrow Stamp Stencil Kit - 3 Minute Makeup With Strap - Perfect For Most People - Eyebrow Shaper Template For Flawless Brows(24 Piece Set)
117,Data Not Availabe,Link Not Available,#2 Best Sellers,in Personal Care Appliance Accessories,97.83,10,10+ sold recently,"CHEFTRONIC Stand Mixer, 7 Qt Tilt-Head Electric Household Stand Mixer - 650W 6-P Speed, Multifunctional Kitchen Stand Up Mixer With Dough Hook, Whisk, Food Beater And Butter Beater"
118,Data Not Availabe,Link Not Available,#6 Best Sellers,in Kitchen Appliances,3.46,51,Recently Not Sell,"1pc Household Garlic Masher, Manual Garlic Press With Pull-Out Design, Small-Sized And 900ml Capacity Garlic Chopper"
119,Data Not Availabe,Link Not Available,#2 Best Sellers,in Hand Blenders,3.6,51,Recently Not Sell,"Milk Frother Handheld Battery Operated Electric Foam Maker, Milk Frother For Coffee, Handheld Battery Operated Electric Milk Frother For Coffee, Latte, Hot Chocolate, Macha, Portable Mini Drink Mixer Blender With Stainless Steel"
120,Data Not Availabe,Link Not Available,#2 Best Sellers,in Hand Blenders,1.66,70,50+ sold recently,"Stainless Steel Multi-Layered Scissors For Chopping Vegetables And Meat, Food Preparation And Office Use, Random Color"
121,Data Not Availabe,Link Not Available,#9 Best Sellers,in Milk Frothers,2.36,2,Recently Not Sell,"1pc Battery-Powered Mini Handheld Electric Milk Frother For Home Use, Kitchen Tool (Battery Not Included)"
122,Data Not Availabe,Link Not Available,#7 Best Sellers,in Electric Toothbrushes,8.9,2,Recently Not Sell,"Electric Toothbrush For Adults,  Electric Toothbrush With 4 Brush Heads, 6 Modes Rechargeable USB Extra Soft Toothbrush For Sensitive Gums Men Women Gift Father's Day Gif"
123,Data Not Availabe,Link Not Available,#8 Best Sellers,in Kitchen Appliance Parts,2.0,2,Recently Not Sell,"1pc, Strawberry Huller Stem Remover, Pitter Tool, Creative Cherry Pitter, Strawberry Huller With Stainless Steel Blade For Kitchen, Strawberry Core Removal Tool, Kitchen Stuff, Kitchen Gadgets"
124,Data Not Availabe,Link Not Available,#8 Best Sellers,in Kitchen Appliance Parts,16.2,2,1.1k+ sold recently,"16pcs/Set, HQ Vegetable Chopper, Multifunctional Fruit Slicer, Handle Food Grater, Vegetable Slicer, Cutter With Container, Onion Mincer Chopper With Multiple Interchangeable Blades, Household Potato Shredder, Kitchen Stuff, Kitchen Gadgets"
125,Data Not Availabe,Link Not Available,#8 Best Sellers,in Kitchen Appliance Parts,1.95,50,30+ sold recently,"1pc Portable Mini Air Humidifier,Premium Humidifier,Natural Home Fragrance Aroma Diffuser,Family Mist Spray Device For Bedroom, Car, Office - Super Qui"
126,Data Not Availabe,Link Not Available,#8 Best Sellers,in Kitchen Appliance Parts,2.0,50,400+ sold recently,"30/50/100pcs Air Fryer Non-Stick Liners - Disposable, Oil & Water-Resistant Parchment Paper - Essential Kitchen Accessory For Healthy Cooking, Perfect For Birthday & Wedding Celebrations, Summer Parties"
127,Data Not Availabe,Link Not Available,#8 Best Sellers,in Kitchen Appliance Parts,11.0,50,30+ sold recently,"Multi-Functional Simple White Egg Steamer For Home Use, Quick Breakfast Egg Cooker"
128,Data Not Availabe,Link Not Available,#3 Best Sellers,in Personal Care Appliance Accessories,1.36,50,Recently Not Sell,"1pc Wrist Support Brace With Magnets For Heating & Compression, Suitable For Both Men & Women, Protective Gear For Tomalin Tendons, Outdoor Activities, Students, And Fitness"
129,Data Not Availabe,Link Not Available,#4 Best Sellers,in Personal Care Appliance Accessories,0.5,71,Recently Not Sell,"1pc Shoe Brush With Liquid Holder, Multifunctional Shoe Brush, Household Shoe Washing Brush, Press Type Cleaning Brush Long Handle Shoe Brush, Soft Bristles Shoe Tools"
130,Data Not Availabe,Link Not Available,#4 Best Sellers,in Personal Care Appliance Accessories,3.7,8,2.0k+ sold recently,"1 Pc Drain Mat, Coffee Machine Drain Mat,  Soft Diatom Water-Absorbent Quick-Drying Mat, Bar Counter No-Wash Anti-Stain Plate M"
131,Data Not Availabe,Link Not Available,#4 Best Sellers,in Personal Care Appliance Accessories,1.4,8,400+ sold recently,1pc Stainless Steel Whisk
132,Data Not Availabe,Link Not Available,#4 Best Sellers,in Personal Care Appliance Accessories,10.49,36,Recently Not Sell,"Teckwe Electric Spin Scrubber,4 Replaceable Cleaning Heads,Cordless Electric Cleaning Brush For Power Shower Scrubber For Bathroom/Floor/Sink/Windo"
133,Data Not Availabe,Link Not Available,#4 Best Sellers,in Other Styling Tools,1.9,36,Recently Not Sell,Rejuvenate Yourself With This Portable Handheld Head Massage Comb - Perfect For Silicone Shampoo Brush!
134,Data Not Availabe,Link Not Available,#4 Best Sellers,in Other Styling Tools,7.7,3,600+ sold recently,"1pc Mini Powerful Car Vacuum Cleaner, Portable Wireless Home Cleaning Robot, Vacuum & Blower 2in1, Suitable For Cleaning Home, Keyboard, Sofa And Wet & Dry Vacuuming With Vacuum Accessories And Cleaning Products Small Appliances"
135,Data Not Availabe,Link Not Available,#5 Best Sellers,in Other Kitchen Appliances,2.9,3,Recently Not Sell,"1pc Stainless Steel Probe Digital Food Thermometer, Modern Black Liquid Crystal Digital Display With Instant Read Function, Kitchen Liquid/Oil Temperature Sensor For Cooking/Baking/Grilling/Meat/Ric"
136,Data Not Availabe,Link Not Available,#5 Best Sellers,in Other Kitchen Appliances,2.0,3,Recently Not Sell,1pc Egg Beater Mixer For Cream And Egg
137,Data Not Availabe,Link Not Available,#5 Best Sellers,in Other Kitchen Appliances,1.28,61,20+ sold recently,"3pcs, Clothes Anti-Static Laundry Drying Balls, Reusable Softener, Wool Drying Balls, Washing Machine Accessories, DIY Felt Ball Pendant,Wool Dryer Ball -Softener Ball For Sensitive Skin - Cute Laundry Accessory For Anti-Static Cause Reduces Creases On Clothes, Save Drying Time Laundry Reusabl"
138,Data Not Availabe,Link Not Available,#10 Best Sellers,in Men Shave & Hair Removal Appliances,1.26,48,Recently Not Sell,Water Resistant Nose Hair Trimmer For Men And Women - Painless Ear And Facial Hair Removal With Dual Edge Blades And Mute Motor
139,Data Not Availabe,Link Not Available,#10 Best Sellers,in Men Shave & Hair Removal Appliances,14.1,3,10+ sold recently,"New Ceramic Cooling Neck Hanging Fan, Super Cool Air Conditioning Neck Hanging Fan, Portable Bladeless Turbine Silent Charging Neck Hanging Fan (3000mAh) With Ultra-Long Enduranc"
140,Data Not Availabe,Link Not Available,#9 Best Sellers,in Humidifier,6.25,36,Recently Not Sell,1pc Crystal Shaped Usb Mini Portable Bedroom Humidifier With Large Spray And Rgb Colorful Ligh
141,Data Not Availabe,Link Not Available,#6 Best Sellers,in Major Appliances Parts,3.6,36,Recently Not Sell,"Car Wash Towels Cleaning Cloths For Cars Interior Detailing, Super Absorbent, No Scratches, Lint-free, Thickened Washable Kitchen Towels For Home Cleaning"
142,Data Not Availabe,Link Not Available,#6 Best Sellers,in Major Appliances Parts,5.1,36,400+ sold recently,2pcs Black Stove Sealing Strip
143,Data Not Availabe,Link Not Available,#6 Best Sellers,in Major Appliances Parts,2.2,36,400+ sold recently,"Burger Press Hamburger Press Patty Maker Mold Perfectly Sized Burger Mold Rings Easy Release Hamburger Patty Press For BBQ Grill Accessories Kitchen Tools, DIY Hamburger Patty Press, Meat Press - Perfectly Shaped Burgers for BBQ and Grilling - Easy to Use Meat Mol"
144,Data Not Availabe,Link Not Available,#6 Best Sellers,in Major Appliances Parts,5.9,17,500+ sold recently,1pc Rechargeable Portable Hands-Free Cap Fan With 3 Speed Settings
145,Data Not Availabe,Link Not Available,#6 Best Sellers,in Major Appliances Parts,3.16,1,70+ sold recently,1pc 500mAh Lithium Battery Rechargeable Portable Handheld Mini Fan With Three Speeds And USB Charging Cable And Lanyar
146,Data Not Availabe,Link Not Available,#6 Best Sellers,in Major Appliances Parts,3.2,1,200+ sold recently,"1pc Air Fryer Cheat Sheet Magnets Cooking Guide Booklet, Air Fryer Magnetic Cheat Sheet Set Cooking Times Chart, Cookbooks Instant Air Fryer Accessories Oven Cooking Pot Temp Guide Kitchen Conversio"
147,Data Not Availabe,Link Not Available,#9 Best Sellers,in Wax Heaters,11.25,10,Recently Not Sell,"1pc Wax Heater Kit For Hair Removal With Large Capacity Wax Warmer Machine, Unisex"
148,Data Not Availabe,Link Not Available,#9 Best Sellers,in Wax Heaters,4.5,10,60+ sold recently,1pc Household Multi-Functional Diamond And Tungsten Steel Grinding Knife Sharpener
149,Data Not Availabe,Link Not Available,#9 Best Sellers,in Wax Heaters,7.0,10,300+ sold recently,"1pc Silicone Faucet Mat, Upgraded Kitchen Sink Splash Guard, 5°Slope Anti-Slip Silicone Faucet Handle Drip Catcher Tray, 17""*5.9"" Sink Protector For Kitchen Bathroom & RV Accessories"
150,Data Not Availabe,Link Not Available,#9 Best Sellers,in Wax Heaters,5.6,2,400+ sold recently,1pc Rechargeable Handheld Portable Mini Coffee & Milk Frother Mixer & Egg Beater With Charging Cabl
151,Data Not Availabe,Link Not Available,#9 Best Sellers,in Wax Heaters,5.06,51,200+ sold recently,"1 Moka Pot, Stove Top Espresso Maker And Coffee Machine, Suitable For Classic Italian And Coffee Brewing, Buffet Restaur"
152,Data Not Availabe,Link Not Available,#9 Best Sellers,in Wax Heaters,28.7,14,10+ sold recently,"Makeup Bag With LED Mirror & Cosmetics Organizer, Ins Style Portable Travel Toiletry Bag With Adjustable LED Light, Large Capacity And Detachable, Rechargeable LED Mirror With Three Modes, High-End Desig"
153,Data Not Availabe,Link Not Available,#1 Best Sellers,in Other Household Appliances,9.84,20,Recently Not Sell,"1pc ABS Power Socket, Modern Black Socket For Hom"
154,Data Not Availabe,Link Not Available,#1 Best Sellers,in Other Household Appliances,3.27,58,10+ sold recently,"1PC Black Plastic Modern Clear Oil Sprayer 470ML , Oil Spray Bottle For Kitchen, For Camping Barbecue, Salad, Roasting, Cooking, Frying, Baking, Party"
155,Data Not Availabe,Link Not Available,#1 Best Sellers,in Other Household Appliances,2.7,58,70+ sold recently,"1pc,The Air Fryer Baking Tray: Special Barbecue Tray,  Reusable Bowl, Anti-Stick Mat & Thickened Silicone Baking Tray - Perfect For Reheating & Baking!7.87**1.97inch"
156,Data Not Availabe,Link Not Available,#1 Best Sellers,in Other Household Appliances,6.4,58,100+ sold recently,"1pc, Multifunctional Luncheon Meat Cutter, Stainless Steel Egg Cutter, Cutting 10 Pieces For Fruit Onion Soft Food Roast Legs, Egg Slicer Luncheon Meat Slicer - Egg Cutter Multipurpose Dinner Breakfast Stainless Steel Wire Slicer,Uniform Slice For Fruit,Onions,Banana,Pitaya,Soft Food And ,Simple Use And Easy Cleaning, Spam Slicer, Kitchen Tools"
157,Data Not Availabe,Link Not Available,#1 Best Sellers,in Other Household Appliances,2.89,58,300+ sold recently,"1Set Baby Multifunctional Safe Nail File Electric For Infant Toddler Kids, 6 Grinding Heads, 5 Speeds, Toes Fingernails Care Saf"
158,Data Not Availabe,Link Not Available,#2 Best Sellers,in Massage & Relaxation Tools,1.6,6,Recently Not Sell,1 Pcs Bear Claw Telescoping Back Scratcher - Back With Rubber Handled Metal Telescopic Backscratcher - Perfect Gift For Men And Wom
159,Data Not Availabe,Link Not Available,#2 Best Sellers,in Massage & Relaxation Tools,1.6,6,Recently Not Sell,Silicone Hair Catcher Drain Cover For Shower & Sink - Square Anti-Clog Strainer With Suction Cup - Tub & Floor Drain Plugs For Bathroom & Kitchen - Deodorizer Tool (1pc)
160,Data Not Availabe,Link Not Available,#2 Best Sellers,in Massage & Relaxation Tools,2.6,6,40+ sold recently,"Silicone Mini Ice Cube Trays, 160 Grids Small Ice Cube Molds Easy Release Crushed Ice Cube For Chilling Whiskey Cocktail,  Flexible Stackable And Durable Soft Mold Storage Containers"
161,Data Not Availabe,Link Not Available,#4 Best Sellers,in Electric Grills & Electric Griddles,40.31,28,Recently Not Sell,"Indoor Grills Electric Smokeless, Indoor Grills For Kitchen With Non-Stick Cooking Removable Plate, Portable Korean BBQ Grill With Removable Temperature Control, Dishwasher Safe, 1500W"
162,Data Not Availabe,Link Not Available,#4 Best Sellers,in Electric Grills & Electric Griddles,12.1,4,50+ sold recently,"Teeth Whitening Kit For Oral Care, Home Teeth Whitening Set With Blue Light Accelerator LED, Personal Hygiene, And Whitening Teeth, Suitable For Household Us"
163,Data Not Availabe,Link Not Available,#4 Best Sellers,in Electric Grills & Electric Griddles,2.28,38,300+ sold recently,1pc Usb Rechargeable Foldable Handheld Fan With 3 Modes
164,Data Not Availabe,Link Not Available,#4 Best Sellers,in Electric Grills & Electric Griddles,1.2,38,80+ sold recently,"1pc Cartoon Desktop Chair Shaped Phone Holder, Foldable S"
165,Data Not Availabe,Link Not Available,#4 Best Sellers,in Electric Grills & Electric Griddles,2.7,38,Recently Not Sell,"Home-Use Manual Nano Hair Removal Tool, Painless Crystal Glass Hair Remover, Shaver For Leg And Arm Hair - A Magical Beauty Tool"
166,Data Not Availabe,Link Not Available,#6 Best Sellers,in Other Kitchen Appliances,5.7,38,Recently Not Sell,"Rechargeable Flameless Plasma Windproof USB Lighter - Upgraded LED Battery Display, Safety Switch, Pocket Size for Candle, Cooking, BBQs and Fireworks"
167,Data Not Availabe,Link Not Available,#6 Best Sellers,in Other Kitchen Appliances,54.07,28,Recently Not Sell,Electric Chocolate Melting Pot | 110v Electric Chocolate Melting Pot Single Pot | Long Handle Commercial Heating Candy Wax Kitchen Tool DIY Scented Candle Butter
168,Data Not Availabe,Link Not Available,#6 Best Sellers,in Other Kitchen Appliances,4.56,19,90+ sold recently,"1Pc Square-Shaped Acrylic Board Night Light, With Switch (Including Base, USB Cable, Stylus, And Acrylic Board), Message Board With Erasable Function And Handwriting Lighting Functio"
169,Data Not Availabe,Link Not Available,#6 Best Sellers,in Other Kitchen Appliances,3.3,19,200+ sold recently,1pc+2-in-1 Steak & Egg Shovel+multi-functional Kitchen Shovel+fry Bread+pp Flipper +kitchen Essential
170,Data Not Availabe,Link Not Available,#6 Best Sellers,in Other Kitchen Appliances,4.0,19,400+ sold recently,"Dishwasher Clean And Dirty Magnet Sign, Optional Adhesive, Magnetic, Easy Read, Non-Scratch, Heavy Duty Shutter Slide Magnets For Dishwasher, Kitchen Accessories, Silvery 7in/2i"
171,Data Not Availabe,Link Not Available,#6 Best Sellers,in Other Kitchen Appliances,16.9,3,Recently Not Sell,"Laser Permanent Hair Removal Device Handset At Home Women Epilator For Airmpit Bikini Line, Body Hair Remov"
172,Data Not Availabe,Link Not Available,#1 Best Sellers,in Personal Care Appliance Accessories,2.4,3,Recently Not Sell,Foot Callus Remover Stainless Steel Coarse File Foot Rasp Foot Scrubber Dead Skin Remover Pedicure Tools
173,Data Not Availabe,Link Not Available,#1 Best Sellers,in Portable Refrigerator,44.6,3,Recently Not Sell,"Mirror Beauty Refrigerator, Mini Fridge With LED Lighting, Hot And Cold Storage Portable LED Mini Refrigerator, Quiet, Compact, Portable Refrigerator For Cosmetic Bottles, Beverages, Milk, Medical Supplies, Fruit And Breast Milk 4L Valentine's Day Gif"
174,Data Not Availabe,Link Not Available,#1 Best Sellers,in Portable Refrigerator,2.3,3,100+ sold recently,1pc Adjustable Stainless Steel Cake Cutter - Ideal For Diy Cake Decoration & Baking - Kitchen Cooking Tool
175,Data Not Availabe,Link Not Available,#6 Best Sellers,in Other Household Appliances,8.7,3,Recently Not Sell,1pc 3-In-1 Mosquito Zapper Camping Usb Rechargeable Night Light With Outdoor Lighting Function. 1st Gear: Purple Light Mosquito Killing Function.2nd Gear: Night Light Function. Long Press Switch: Outdoor Lighting Functio
176,Data Not Availabe,Link Not Available,#6 Best Sellers,in Other Household Appliances,8.2,3,200+ sold recently,"Battery Powered Personal Fan With Lanyard, Cools Face And Neck"
177,Data Not Availabe,Link Not Available,#6 Best Sellers,in Other Household Appliances,3.78,31,70+ sold recently,"1pc Portable Lint Remover Usb Powered With 3-Watt Output And Stainless Steel Blades, 1pc Usb Cable And G1 Bl"
178,Data Not Availabe,Link Not Available,#6 Best Sellers,in Other Household Appliances,11.1,14,10+ sold recently,"1 Piece Flame Air Aromatherapy Humidifier, Colorful Gradient Flame Noiseless Essential Oil Diffuser, Suitable For Home, Office, Yoga, With Automatic Shut-Off Protectio"
179,Data Not Availabe,Link Not Available,#6 Best Sellers,in Other Household Appliances,3.17,35,100+ sold recently,"Stainless Steel Measuring Cup And Spoon Set, Suitable For Dry And Liquid Ingredients, Kitchen Utensils, Kitchen Accessories, Home Kitchen Supplies"
180,Data Not Availabe,Link Not Available,#1 Best Sellers,in Epilators,3.2,35,Recently Not Sell,Portable Battery-operated Red Shaver Electric Hair Removal Machine Eyebrow Trimmer For Women Mini Facial Hair Remover And Face Shaving Devic
181,Data Not Availabe,Link Not Available,#1 Best Sellers,in Epilators,7.83,10,60+ sold recently,"1pc Rechargable Sealing Machine, Mini Chip Bag Sealer, Storage Bag Plastic Package Snack Sealer Clip Bag Handheld Heat Sealer, Bag Heat Sealer Thermal for Food Storag"
182,Data Not Availabe,Link Not Available,#2 Best Sellers,in Men Shave & Hair Removal Appliances,2.79,10,Recently Not Sell,"A Portable Electric Nose Hair Trimmer With Nose & Ear Hair Cleaning System For Men & Women, Rechargeable Nose Hair Clipper, New Travel Version, Cross-Border Electric Nose Hair Cutter, Washable, For Eyebrows, Neckline, Nose & Ear Hair, Precision Detail Trimming"
183,Data Not Availabe,Link Not Available,#5 Best Sellers,in Electric Hair Clippers,3.4,3,Recently Not Sell,"Multifunctional Electric Shaver For Men, With Razor, Beard Trimmer, Lcd Display, 3 Shaving Heads And Car Usb Charger Mens Grooming Ki"
184,Data Not Availabe,Link Not Available,#5 Best Sellers,in Electric Hair Clippers,2.9,12,Recently Not Sell,"Space-Saving Silicone Funnel: Multi-Functional, Foldable, And Easy To Clean - The Perfect Kitchen Companion For All Liquids"
185,Data Not Availabe,Link Not Available,#5 Best Sellers,in Electric Hair Clippers,2.2,12,800+ sold recently,"5/10/20pcs Multi-Purpose Double-Faced Dishwashing Sponge Scouring Pads Dish Washing Scrub Sponge, Heavy Duty Stains Removing Cleaning Scrubber Brush For Kitchen Garage Bathroom 3.94""*2.76""  - Get Cleaner Kitchen & Bathroom Dishes With These Tough Scouring Pads!Magic Dishwashing Pot, Pot Brush, Bowl Sponge, Kitchen Spong"
186,Data Not Availabe,Link Not Available,#5 Best Sellers,in Electric Hair Clippers,2.0,12,200+ sold recently,"Effortlessly Peel Fruits and Vegetables with our Stainless Steel Finger Palm Peelers Handheld Peeler - Fruit and Vegetable Peeler, Silicone Veggie Peeler with Comfortable Rubber Finger Grip - Easy Peeling for Potatoes, Carrots, and MorePerfect Kitchen Accessory for Quick Meal Prep- Gr"
187,Data Not Availabe,Link Not Available,#5 Best Sellers,in Electric Hair Clippers,11.97,10,30+ sold recently,"1pc Smart Magnetic Automatic Stirring Cup, Portable & Rechargeable Coffee Mug 380ml For Home And Office Us"
188,Data Not Availabe,Link Not Available,#5 Best Sellers,in Electric Hair Clippers,3.7,3,2.2k+ sold recently,"Multifunctional Electric Shaver For Men, With Razor, Professional Hair Clippers For Men Electric Haircut Kit Hair Trimmer Grooming Close Cutting T Blade Trimmer USB Rechargeable Clippers For Beard Shaver With Guide Combs, Mens Grooming Ki"
189,Data Not Availabe,Link Not Available,#5 Best Sellers,in Electric Hair Clippers,12.1,3,200+ sold recently,Home Ice Hockey Maker Ice Cube Tray With Lid Large Capacity Ice Ball Shaped Ice Cube Maker Trendy Diy Ice Cube Tool
190,Data Not Availabe,Link Not Available,#5 Best Sellers,in Electric Hair Clippers,2.9,3,100+ sold recently,"Aa Battery-Powered Handheld Mini Milk Frother, Whisk & Egg Beater For Coffee, Portabl"
191,Data Not Availabe,Link Not Available,#5 Best Sellers,in Electric Hair Clippers,8.2,50,10+ sold recently,"1pc USB Rechargeable Electric Massage Scraper, Home Massage Instrument With Deep Tissue Massage And Lymphatic Drainage, Meridian Brush And Exhaust Function, Ideal For Massage And Gifting"
192,Data Not Availabe,Link Not Available,#5 Best Sellers,in Electric Hair Clippers,2.7,50,400+ sold recently,"50/100pcs Multi-Size Disposable Square Air Fryer Liners - Non-Stick, Heat-Resistant, Perfect For Baking, Roasting, And Cooking - Essential Kitchen Accessory"
193,Data Not Availabe,Link Not Available,#5 Best Sellers,in Electric Hair Clippers,2.3,50,50+ sold recently,1pc Led Lighted Stainless Steel Eyebrow Tweezer With Arrow Pattern - Beauty Tool For Perfect Makeup
194,Data Not Availabe,Link Not Available,#5 Best Sellers,in Electric Hair Clippers,1.5,50,300+ sold recently,Bear Claw Meat Splitter Barbecue Meat Splitter High Temperature Resistant Meat Tearing Insulation Anti Scalding Bear Claw Fork
195,Data Not Availabe,Link Not Available,#2 Best Sellers,in Electronic Foot Files,6.7,50,Recently Not Sell,"1PC New Electric Foot Grinder For Removing Dead Skin, Charge 500aMh,Calluses, And Feet. Household Exfoliation And Foot Grinding M"
196,Data Not Availabe,Link Not Available,#2 Best Sellers,in Electronic Foot Files,2.7,50,10+ sold recently,"1 Set Transparent Glass Straws, Heat Reusable Clear Glass Straws For Smoothies, Cocktails, And Drinks - Healthy - Includes Cleaning Brush"
197,Data Not Availabe,Link Not Available,#2 Best Sellers,in Electronic Foot Files,2.3,50,Recently Not Sell,"1pc Meat Tenderizer, Stainless Steel Needle Ultra Sharp 24 Blades Meat Tenderizer Tool For Tenderizing Chicken, Beef, Steak And Pork"
198,Data Not Availabe,Link Not Available,#2 Best Sellers,in Electronic Foot Files,4.3,4,1.5k+ sold recently,"1pc Rechargeable Handheld Portable Fan With 500mah Battery, Hand Strap And 3 Speed Settings"
199,Data Not Availabe,Link Not Available,#2 Best Sellers,in Electronic Foot Files,2.6,4,200+ sold recently,"Creative Donut Mold Cutter For Perfectly Shaped Desserts And Easy Decorating, 1pc Cookie Cake Donut Mold, Kitchen Cutter Stencil, Doughnut Maker Mould, Desserts Bread Patisserie Bakery Baking Tools. Donut Maker Cutter, Creative Reusable Non-stick Doughnut Molds, DIY Donut Mold, Round Shaped Donut Cutters, Fondant Cake Bread Dessert Bakery Mould, Biscuit Stamp Mould, Home Kitchen DIY Baking Tool."
200,Data Not Availabe,Link Not Available,#3 Best Sellers,in Coffee & Tea Appliances,2.4,4,Recently Not Sell,"1pc 2 Aa Battery Operated Electric Milk Frother, Portable Mini Milk Foamer, Handheld Coffee Blender Whisk, Electric Egg Beater, Kitchen Gadget (Battery Not Included)"
201,Data Not Availabe,Link Not Available,#3 Best Sellers,in Coffee & Tea Appliances,17.7,4,300+ sold recently,"Portable Led Makeup Mirror With 1X2X3 Magnification, Touch Control, And Dual Power Supply - Perfect For Women On The Go Complimentary X10 Magnification Small Circular Mirror Vanity Mirror For Home Tabletop Decoration, Bathroom, Dresser Vanity & Countertop Bedroom Travel Dormitory Hotel Mirror Women Gif"
202,Data Not Availabe,Link Not Available,#3 Best Sellers,in Coffee & Tea Appliances,1.88,1,1.2k+ sold recently,"3Pcs Cord Organizer for Appliance - Kitchen Appliance Cord Organizer Stick On, Cord Wrapper Winder Holder for Appliance, Adhesive Cord Keeper for Blender Mixer, Coffee Maker, Air Fryer,Kitchen Accessories"
203,Data Not Availabe,Link Not Available,#3 Best Sellers,in Coffee & Tea Appliances,4.1,2,20+ sold recently,"1pc Teeth Whitening LED Light Accelerator, With Powerful Blue LED Light, Teeth Whitening Booster Light, Must-Have For Home Us"
204,Data Not Availabe,Link Not Available,#3 Best Sellers,in Coffee & Tea Appliances,2.52,2,600+ sold recently,"The Ultimate Kitchen Gadget: Plastic Bag Holder, Sandwich Holder, Food Storage Bag Clip, and More! 1pc Adjustable Baggy Rack Stand With Rubber Base For Food Prep Bag, Bags Holder, Food Storage Bags Clip, Plastic Freezer Storage Bags Open Hands-Free To Pour Leftovers, Snacks And Meal Prep Ingredients With No Food Spills- Gr"
205,Data Not Availabe,Link Not Available,#3 Best Sellers,in Men Shave & Hair Removal Appliances,3.5,3,Recently Not Sell,"T9 Men's Hair Clippers And Trimmers Set, Cordless Hair Clippers For Men, With Guide Comb, Professional Beard Trimmer, Haircut Kit, Usb Rechargeable Metal Haircutting Machi"
206,Data Not Availabe,Link Not Available,#3 Best Sellers,in Men Shave & Hair Removal Appliances,9.5,12,Recently Not Sell,Coffee Art Tool - Multiple Colors Available Latte Art Frothing Pitcher For Cappuccino & Espresso
207,Data Not Availabe,Link Not Available,#3 Best Sellers,in Men Shave & Hair Removal Appliances,2.97,10,600+ sold recently,"1pc/2pcs Circular Silicone Air Fryer Liners For 4-7QT, Restaurant 8 Inches Silicone Air Fryer Liners Pot, Food Safe Air Fryer Oven Accessories, Replacement Of Parchment Paper, Reusable Air Fryer Silicone Inserts"
208,Data Not Availabe,Link Not Available,#3 Best Sellers,in Men Shave & Hair Removal Appliances,2.7,10,200+ sold recently,"1/2/3pcs Air Fryer Silicone Liners Pot For 3 To 5 QT,Air Fryer Silicone Basket Bowl,Replacement Of Flammable Parchment Paper,Reusable Baking Tray Oven Accessories, Round+Red+Blue+Gr"
209,Data Not Availabe,Link Not Available,#3 Best Sellers,in Men Shave & Hair Removal Appliances,1.4,10,40+ sold recently,"1pc 5inch/6inch/7inch Reusable Stainless Steel Spring Whisk,Daily Solid Quick Egg Whisk For Kitch"
210,Data Not Availabe,Link Not Available,#3 Best Sellers,in Men Shave & Hair Removal Appliances,6.9,10,80+ sold recently,"Portable Handheld Misting Fan,Rechargeable Travel Mister Fan,  Battery Operated Personal Fan With Mist, 6 Speeds,LED Display,90°Foldable Cooling Fan For Camping Outdoor, Home, Office Purpl"
211,Data Not Availabe,Link Not Available,#3 Best Sellers,in Men Shave & Hair Removal Appliances,3.1,10,80+ sold recently,"1pc Black 2-In-1 Steak And Egg Spatula, Multifunctional Kitchen Turner, Bread & Egg Flipper, High Temperature Resistance, A Must-Have In Kitch"
212,Data Not Availabe,Link Not Available,#3 Best Sellers,in Men Shave & Hair Removal Appliances,1.46,39,100+ sold recently,"3pcs/Pack Wire Manager With Adhesive Back For Power Cords, Charging Cables, USB, Small Black Cable Ties"
213,Data Not Availabe,Link Not Available,#3 Best Sellers,in Men Shave & Hair Removal Appliances,8.82,40,Recently Not Sell,"1pc, Electric Fly Swatter, Intelligent Insect Killer And USB Charging, Powerful Mosquito Trap Light With 3-Layer Safety Net For Home, Bedroom, Kitchen, Courtyard, And Outdoor Use, Pest Control, Summer Essentials, Back To School Supplies"
214,Data Not Availabe,Link Not Available,#3 Best Sellers,in Kitchen Appliance Parts,1.2,40,Recently Not Sell,"Reusable Magic Sponge Cleaning Brush - Multifunctional Sponge Cleaning Brush - Powerful Stain Remover - Easy-To-Clean And Decontaminate - Clean Tool For Sinks, Pots, Dishes - Washroom Scrubber"
215,Data Not Availabe,Link Not Available,#3 Best Sellers,in Kitchen Appliance Parts,2.7,40,1.1k+ sold recently,"One Air Fryer Baking Pan Special Plate,  Reusable Bowl Baking Non-Stick Mat Thickened Baking P"
216,Data Not Availabe,Link Not Available,#3 Best Sellers,in Kitchen Appliance Parts,14.92,34,Recently Not Sell,"Multi-Functional Ceramic Heating Straightening Brush For Anti-Scald Beard & Hair Straightening Comb, Gift For Mom, Boyfriend, Valentine's Day, St. Patrick's Day (Pink)"
217,Data Not Availabe,Link Not Available,#3 Best Sellers,in Kitchen Appliance Parts,99.99,50,Recently Not Sell,"VEVOR Gumball Machine, 25"" Height Home Vending Machine, PS Bouncy Balls Dispenser, Hold 230 Capsule Toys, Rectangle Bubble Gum Machine For Game Stores, Coin Operated Gumball Bank, Bl"
218,Data Not Availabe,Link Not Available,#4 Best Sellers,in Kitchen Appliance Parts,1.3,50,Recently Not Sell,"2024 New Multipurpose Wire Dishwashing Rags, 3/10pcs Premium Metal Wire Dishwashing Cloth Non-Scratch Scrubbing Cleans For Wet And Dry, Scrubbing Wire Dishwashing Rags Non-Scratch Wire Dishcloth For House Kitchen,Dishes, Sinks, Stove Tops, Easy Rinsing, Mesh Dishcloth For Kitchen Stove Dishwashing And Pot Washing, Grid Non-Stick Oil Oil-Free Kitchen Cleaning Cloth, Kitchen Stove Range Hood Pot Dish Sink Cleaning Cloth, Stains Dirts Removal Cloth, Cleaning Supplies"
219,Data Not Availabe,Link Not Available,#4 Best Sellers,in Kitchen Appliance Parts,2.2,50,300+ sold recently,100pcs Air Fryer Silicone Oil-Absorbing Paper - Healthier Cooking With Less Oil
220,Data Not Availabe,Link Not Available,#4 Best Sellers,in Kitchen Appliance Parts,1.93,31,300+ sold recently,Organize Your Kitchen Sink with the Sink Sider Faucet Caddy Sponge Holder!
221,Data Not Availabe,Link Not Available,#3 Best Sellers,in Juicer Machines,9.0,31,Recently Not Sell,"1pc Portable And Rechargeable Battery Juicer, Personal Size Blender With USB Rechargeable, Mini Juice Extractor For Smoothies And Shakes, Travel Blender For Milkshake And Frozen Drink,Kitchen Portable Fruit Machine,Portable Juicer And Blender,Juice,Lemon."
222,Data Not Availabe,Link Not Available,#3 Best Sellers,in Juicer Machines,11.95,36,20+ sold recently,"1 Smart LED Electronic Scale With Mobile Application, Without Battery"
223,Data Not Availabe,Link Not Available,#3 Best Sellers,in Juicer Machines,15.05,50,30+ sold recently,"3pcs/Set Men's Professional Hair Clippers Set, T-Shaped Blade Trimmer With USB Charging, Electric Hair Clipper Beard Shaver, USB Rechargeable Barber Trimming Machine Set, Beard Beauty Ki"
224,Data Not Availabe,Link Not Available,#5 Best Sellers,in Oximeter & Blood Pressure Meter,2.4,50,Recently Not Sell,Portable Finger Clip Heart Rate Meter Measure Fingertip Oximetry PI Value Monitor Pulse Oximeter Heart Rate Monitor Monitor
225,Data Not Availabe,Link Not Available,#5 Best Sellers,in Oximeter & Blood Pressure Meter,1.9,50,100+ sold recently,"10pcs Adhesive Cable Ties, Cord Organizer For Appliances, Premium Appliance Cord Organizer, Cord Holder For Mixer, Coffee Maker, Blender, Air Fryer, Pressure Cooker And Other Kitchen Appliances For Home And Offic"
226,Data Not Availabe,Link Not Available,#5 Best Sellers,in Oximeter & Blood Pressure Meter,67.99,28,Recently Not Sell,Electric Mini Home DIy Marshmallow Machi
227,Data Not Availabe,Link Not Available,#6 Best Sellers,in Led Makeup Mirror,9.0,6,Recently Not Sell,"Vanity Lights Usb Tricolor Light Foldable Makeup Mirror Vanity Mirror Magnifying Mirror For Home Tabletop Decoration, Bathroom, Dresser Vanity & Countertop Bedroom Travel Dormitory Mirror Women Gif"
228,Data Not Availabe,Link Not Available,#6 Best Sellers,in Led Makeup Mirror,4.3,6,70+ sold recently,"A hanging garbage bag holder, garbage rack, cabinet storage, cloth hook, garbage bin, kitchen accessories, small tools"
229,Data Not Availabe,Link Not Available,#6 Best Sellers,in Led Makeup Mirror,4.0,6,100+ sold recently,"1pc Refrigerator Drip Tray Collector, Non-Slip Cuttable Refrigerator Drip Tray, Silicone Fridge Splash Pad For Refrigerator, Ice And Water Dispenser"
230,Data Not Availabe,Link Not Available,#6 Best Sellers,in Led Makeup Mirror,4.0,2,10+ sold recently,"1pc Teeth Whitening LED Light Accelerator With Strong Blue LED Light For Home Use, Tooth Whitening Enhancer"
231,Data Not Availabe,Link Not Available,#10 Best Sellers,in Digital Kitchen Scales,3.59,12,Recently Not Sell,"1pc Black/White Spoon Food Coffee Kitchen Scale 001, Long Type, Suitable For Home Kitchen Cooking Use (Battery Not Included)"
232,Data Not Availabe,Link Not Available,#10 Best Sellers,in Digital Kitchen Scales,2.4,11,200+ sold recently,"1pc Anti-Leak Stainless Steel Tea Infuser And Strainer For Soup, Hotpot And Kitchen Use, Kitchen Accessories, Cooking Tools"
233,Data Not Availabe,Link Not Available,#10 Best Sellers,in Digital Kitchen Scales,1.26,52,10+ sold recently,"50/100pcs Air Fryer Special Fryer Paper, Greaseproof Paper, Round/Square Oil-Absorbing Paper, Baking Paper, Kitchen Greaseproof Baking Tray Paper Pl"
234,Data Not Availabe,Link Not Available,#10 Best Sellers,in Digital Kitchen Scales,1.5,52,200+ sold recently,"1pc Multifunctional Garlic Masher, Ginger And Garlic Grinder, Colorful Stainless Steel Garlic Press and Ginger Cutter - Easy to Use and Durable Kitchen Tool for Grinding, Grating, and Planing. Multi-Functional Slicer, Cutter, Kitchen Grater Grinder Grinding Tool"
235,Data Not Availabe,Link Not Available,#8 Best Sellers,in Measuring Tools,3.49,50,Recently Not Sell,"1pc,500g/0.01g, Digital Gram Scale, Jewelry Mini Stainless Steel Electronic Scale, Digital Pocket Scale, Golden Gram Balance Weight Scale, Portable Pocket Scale, Smart Scale For Powder, Coins, Herbs, Food, LCD Display, Kitchen Supplies, Batteries Not Incl"
236,Data Not Availabe,Link Not Available,#8 Best Sellers,in Measuring Tools,17.2,3,Recently Not Sell,"Automatic Hair Repair Split End Remover Trimmer, Hair Styling Beauty Tool Suitable For Dry, Splitting, Damaged And Brittle Split Ends, Both Men And Wom"
237,Data Not Availabe,Link Not Available,#10 Best Sellers,in Hair Straightening Irons,10.9,3,Recently Not Sell,"Ionic Hair Styler, Electric Ionic Hair Styler, Professional Mini Hair Straightener & Curler 2-In-1 Flat Iron With Small Thin Plate For Hair Straightening And Curling, Professional Hair Beauty Tool"
238,Data Not Availabe,Link Not Available,#1 Best Sellers,in Digital Thermometers & Timers,2.4,3,Recently Not Sell,"1pc Kitchen Storable Digital Thermometer,Temperature Sensor Meter For Cooking Food,Kitchen Food And M"
239,Data Not Availabe,Link Not Available,#1 Best Sellers,in Digital Thermometers & Timers,3.0,3,600+ sold recently,"Fly-Proof Foldable Mesh Food Covers: Keep Flies & Mosquitoes Away From Your Meal! Pop-Up Lace Mesh Food Covers - Perfect For Outdoor, Parties,Camping, Picnics, BBQs, And More! Food Umbrella Pop Up Mesh Screen Food Covers Up Mesh Screen Protect Food Cover Tent Dome Net Umbrella Picnic Food Protector Practical And Airy, Food Nets, Kitchen Tools"
240,Data Not Availabe,Link Not Available,#1 Best Sellers,in Digital Thermometers & Timers,4.56,40,100+ sold recently,Stay Cool On-The-Go: Small Handheld USB Fan - Portable & Charging For Students & Office Desk
241,Data Not Availabe,Link Not Available,#1 Best Sellers,in Digital Thermometers & Timers,2.2,40,400+ sold recently,"Oven Liner, Non-Stick Reusable Bottom Sheet Liner For Electric & Gas Oven, Bread Toaster, Grill, Kitchen Accessories, Keep Your Oven Clean, Fiberglass Baking Pad, Bbq Accessories"
242,Data Not Availabe,Link Not Available,#1 Best Sellers,in Digital Thermometers & Timers,11.5,40,1.3k+ sold recently,"1PC Rechargeable 2000mAh Adjustable Hanging Neck Fan Wearable Fan Portable Cooler Fan Rechargeable Air Cooler Portable Air Conditioner With LED Digital Display Screen, Five Gears Adjustment, Three Colors Availabl"
243,Data Not Availabe,Link Not Available,#1 Best Sellers,in Digital Thermometers & Timers,2.29,38,40+ sold recently,"Transparent Crystal Desktop Hand-Held Dual-Use Small Fan, With Mobile Phone Support Function, Three-Speed Wind, Unique Creative Modeling, Summer Gifts"
244,Data Not Availabe,Link Not Available,#9 Best Sellers,in Cooking Appliances,25.7,38,Recently Not Sell,"1pc Dark Green Electric Lunch Box Food Warmer For Car & Home- Detachable Stainless Steel Truck Driver Leak-proof Lunch Heater Microwave Oven 3 In 1, 110v/12v/24v"
245,Data Not Availabe,Link Not Available,#7 Best Sellers,in Kitchen Appliances,2.5,38,Recently Not Sell,"1pc Dark Green Electric Lunch Box Food Warmer For Car & Home- Detachable Stainless Steel Truck Driver Leak-proof Lunch Heater Microwave Oven 3 In 1, 110v/12v/24v"
246,Data Not Availabe,Link Not Available,#7 Best Sellers,in Kitchen Appliances,3.05,50,Recently Not Sell,"10-Pack Body Warmer Patch For Hands, Feet, Waist And Back, 18 Hours Heating Time, Winter Warm-Up Essential"
247,Data Not Availabe,Link Not Available,#7 Best Sellers,in Kitchen Appliances,2.3,4,90+ sold recently,1pc Stainless Steel Silver Barbecue Meat Clip Restaurant BarbecueFood Clip Food Clip Anti-Scald Clip Carbon Barbecue Meat Clip
248,Data Not Availabe,Link Not Available,#7 Best Sellers,in Kitchen Appliances,1.6,4,300+ sold recently,"1pc Crevice Brush For Cleaning Dead Corners In Toilet, Kitchen, Tiles, Washing Machine And Windows With Multi-Functional Design To Sweep Dirt In Grooves"
249,Data Not Availabe,Link Not Available,#7 Best Sellers,in Kitchen Appliances,2.22,26,50+ sold recently,"1Pc Air Fryer Silicone Egg Pan, Reusable Egg Mold, Non-Stick Air Fryer Baking Pan, 3 Cavity Muffin Pans , For Sandwiches, Hamburger Buns Pan, Air Fryer Accessories"
250,Data Not Availabe,Link Not Available,#7 Best Sellers,in Kitchen Appliances,8.3,26,Recently Not Sell,"12-Digit Solar Powered Calculator In Dopamine Color Palette, With Flexible Keyboard, Ideal For Students, Financial Accounting And Office Use, With 1pc Solar Calculator Incl"
251,Data Not Availabe,Link Not Available,#7 Best Sellers,in Kitchen Appliances,4.7,26,100+ sold recently,"1pc Stainless Steel Fried Corn Cake Rack, Taco Holder, Tray, Mexican Wrap Stand For Baking 4 Fried Cornbread At Once, Kitchen Gadg"
252,Data Not Availabe,Link Not Available,#7 Best Sellers,in Kitchen Appliances,2.1,26,400+ sold recently,"1pc, Stainless Steel Corn Cob Stripper - Multifunctional Peeler for Kitchen - Vegetable Peeler - Creative Corn Stripper - Reusable Corn Thresher - Household Corn Planer -Creative Corn Stripper, Multifunctional Peeler For Kitchen, Corn Cobber Tools, Vegetable Peeler, Kitchen Stuff, Kitchen Gadgets"
253,Data Not Availabe,Link Not Available,#7 Best Sellers,in Kitchen Appliances,7.8,1,600+ sold recently,"Hands-Free Fan Necklace Portable Neck Fan With 3 Speeds For Outdoor Sports, Traveling, Office, Home Us"
254,Data Not Availabe,Link Not Available,#7 Best Sellers,in Kitchen Appliances,2.8,1,100+ sold recently,"10pcs/Pack Cable Organizer For Appliances, Including Blender, Coffee Maker, Mixer, Air Fryer, Pressure Cooker And Other Kitchen Appliances, Kitchen Accessories"
255,Data Not Availabe,Link Not Available,#5 Best Sellers,in Cleaning Appliances,26.0,1,Recently Not Sell,"1pc Home Handheld Electric Mites Vacuum Cleaner With Charging Function, Suitable For Household Us"
256,Data Not Availabe,Link Not Available,#5 Best Sellers,in Cleaning Appliances,120.2,1,Recently Not Sell,"Mini Blender Mixer, Small Soymilk Maker, Cold & Hot Crushing, One-button Cleaning, 420ml"
257,Data Not Availabe,Link Not Available,#5 Best Sellers,in Cleaning Appliances,1.3,1,Recently Not Sell,"Multifunctional Cleaning Sponge, Double-Sided Scouring Pad For Household Cleaning, Dishwashing Sponge, Premium Kitchen Sponge, Durable Non-Scratch Sponge Wipe, Super Absorbent, Cleaning Supplies, Cleaning Tool, Ready For School"
258,Data Not Availabe,Link Not Available,#5 Best Sellers,in Cleaning Appliances,1.9,1,500+ sold recently,"1pc-green-3-in-1 Avocado Slicer: Peel, Core, and Slice Hass Avocados Effortlessly!"
259,Data Not Availabe,Link Not Available,#5 Best Sellers,in Cleaning Appliances,9.8,1,60+ sold recently,"1PC USB Three Temperature Adjustable Electric Ergonomic Heating Neck Brace Cervical Vertebra Strap Massage , Neck Strap Care Tool Neck Stretcher , HEATING NECK WARMER , Portable Electric Heating Pad For Arms/Legs/Neck, Quick Heating, Birthday Gift, Valentine's Day, Mother's Day Gif"
260,Data Not Availabe,Link Not Available,#8 Best Sellers,in Coffee & Tea Appliances,2.7,10,Recently Not Sell,1pc 2 Batteries Operated Handheld Mini Milk Frother For Quick Foam Maker
261,Data Not Availabe,Link Not Available,#8 Best Sellers,in Coffee & Tea Appliances,1.7,10,200+ sold recently,"1/5pcs LED Mosquito Repellent Night Light, Small And Portable, Suitable For Indoor, Outdoor, Camping, Traveling, Night Time Mosquito Repell"
262,Data Not Availabe,Link Not Available,#8 Best Sellers,in Coffee & Tea Appliances,1.9,10,20+ sold recently,"1pc Mini Cute Calculator For Students, With Transparent Casing And Silent Button, High-Value And Portabl"
263,Data Not Availabe,Link Not Available,#2 Best Sellers,in Electric Blade Grinders,10.99,35,Recently Not Sell,"Teckwe Household Grinding Machine,Grinding Machine,2nd Generation Meat Grinder,Quick Grinding & Overload Protection,Four-Blade Blade Home Coffee Grinder For Bean Powder For Coffee Bean Powder,Nuts,Herbs,Meat -US Plug"
264,Data Not Availabe,Link Not Available,#10 Best Sellers,in Household Appliances,7.6,4,Recently Not Sell,"New Portable Leafless Halter Neck Fan, Third Generation Slouchy USB Rechargeable Small Fan, Vortex Air Outlet, Three-Speed Adjustm"
265,Data Not Availabe,Link Not Available,#10 Best Sellers,in Household Appliances,3.1,4,100+ sold recently,"Kitchen Funnel Set 3 Pack, S/M/L, Kitchen Gadgets Accessories Foldable Silicone Collapsible Funnels for Filling Water Bottle Liquid /Powder Transfer , Funnels for Filling Bottles, Silicone Collapsible Funnel for Jars, Foldable Large Canning Jar Funnel for Wide Mouth and Regular Jars(Black+White+Grey)"
266,Data Not Availabe,Link Not Available,#9 Best Sellers,in Electric Salt & Pepper Grinders,13.37,55,Recently Not Sell,"1 Set, Pepper Grinder, Sea Salt Ginder With LED Light, Electric Adjustable Spice Grinder, Automatic Sea Salt Mill With Adjustable Coarseness, Kitchen Utensils, College Dorm Essentials, Halloween/Christmas Gift, Back To School Supplies"
267,Data Not Availabe,Link Not Available,#1 Best Sellers,in Blenders,2.24,67,Recently Not Sell,"1pc 500ml Green Manual Garlic Press Mini Chopper With Pull Cord Handle, Suitable For Chopping Garlic, Onion, Ginger And Chili, Etc."
268,Data Not Availabe,Link Not Available,#2 Best Sellers,in Other Household Appliances,4.2,67,Recently Not Sell,"1pc 4-in-1 Multifunctional Jar Opener for  Hands and Weak Hands - Easy to Use Lid Opener, Can Opener, and Bottle Opener - Perfect for Seniors with Arthritis"
269,Data Not Availabe,Link Not Available,#2 Best Sellers,in Other Household Appliances,1.5,67,40+ sold recently,1pc Stainless Steel Round Egg Cooker Mol
270,Data Not Availabe,Link Not Available,#2 Best Sellers,in Other Household Appliances,11.0,67,200+ sold recently,"New Portable Bladeless Neck Fan And Handheld Fan, 360° Cooling Wearable Personal Fan, For Traveling And Outdoor Activities"
271,Data Not Availabe,Link Not Available,#2 Best Sellers,in Other Household Appliances,8.0,4,1.6k+ sold recently,"1pc Square Desktop Detachable Makeup Mirror With Light For Dormitory/Hotel/Skincare, Led Princess Mirror"
272,Data Not Availabe,Link Not Available,#2 Best Sellers,in Other Household Appliances,4.88,54,300+ sold recently,"1pc ABS Electric Egg Whisk, Modern Multifunctional Egg Beater For Kitch"
273,Data Not Availabe,Link Not Available,#2 Best Sellers,in Other Household Appliances,3.2,54,100+ sold recently,1pc Meat Tenderizer Needle & Pork Shredder & Stainless Steel Meat Pounder Tool For Kitchen Bbq Steak & Chicken Airgoo
274,Data Not Availabe,Link Not Available,#2 Best Sellers,in Other Household Appliances,8.7,54,400+ sold recently,"3 In 1 Suction And Blowing Integrated Car Vacuum Cleaner USB Charging Car And Household Vacuum Cleaner Fully Automatic High-Power Small Car Powerful Cleaning Car Mounted Vacuum Cleaner, Super Strong, High-Power, High Suction, Dry And Wet Dual-Purpose Sedan, Small, Mini, Handheld, Multifunctional, Portabl"
275,Data Not Availabe,Link Not Available,#2 Best Sellers,in Other Household Appliances,3.2,54,80+ sold recently,"6Pcs Cord Organizer For Appliance - Kitchen Appliance Cord Organizer Stick On, Cord Wrapper Winder Holder For Appliance, Adhesive Cord Keeper For Blender Mixer, Coffee Maker, Air Fryer,Kitchen Accessories"
276,Data Not Availabe,Link Not Available,#2 Best Sellers,in Other Household Appliances,66.82,28,Recently Not Sell,Electric Chocolate Melting Pot | 110v Electric Chocolate Melting Pot Double Pot | Long Handle Commercial Heating Candy Wax Kitchen Tool DIY Scented Candle Butter
277,Data Not Availabe,Link Not Available,#2 Best Sellers,in Other Household Appliances,2.6,28,100+ sold recently,"50/100pcs Non-Stick Air Fryer Liners- 6.3-7.9 Inch Fits 2-8 Qt Air Fryers, For Frying, Baking, Cooking, Roasting And Microwaving, Oil-Proof, Silicone Coated, Must-Have For Kitch"
278,Data Not Availabe,Link Not Available,#2 Best Sellers,in Other Household Appliances,12.57,26,100+ sold recently,1pc Hanging Neck Fan Adjustable Turbo Blades Without Blades Bladeless Neckband Fan Portable Mini Air Cooler USB Rechargeable F
279,Data Not Availabe,Link Not Available,#2 Best Sellers,in Other Household Appliances,2.8,26,300+ sold recently,"1pc Kitchen Fine Mesh Strainer, Food Strainer, Juice Flour Tea Soy Milk Filter, Apartment & Dorm Room Essential, Back To Campus, 3 Sizes Available (xxl Actual Size 26.8cm/10.55in)"
280,Data Not Availabe,Link Not Available,#1 Best Sellers,in Waffle Makers,12.34,26,Recently Not Sell,1pc Mini Waffle Maker Household Bread Machine Pancake Maker Baking Cake Sandwich Breakfast Machi
281,Data Not Availabe,Link Not Available,#1 Best Sellers,in Waffle Makers,10.9,26,40+ sold recently,6-Mode 12-Speed Rechargeable V-Face Instrument: Get Rid of Double Chin & Facial Lifting Instantly
282,Data Not Availabe,Link Not Available,#5 Best Sellers,in Kitchen Timers,2.4,26,Recently Not Sell,"1pc Cute Egg Timer, Hard and Soft Boiled Egg Timer, Color-changing Egg Timer, With Sensitive Indicator, Kawaii Egg Timer, Observe Egg Maturity Peeler, Home Kitchen Egg Timer, Small Kitchen Tools, RV Gadgets, Christmas Gifts"
283,Data Not Availabe,Link Not Available,#5 Best Sellers,in Kitchen Timers,2.8,26,70+ sold recently,"Spray Bottle - Ultra-Fine Continuous Water Mister, For Hair Styling, Cleaning, Plants, Misting And Skin Care,Room,Home,Bedroom,Bathroom,House,Pink Room,Living Room Decor,Travel Stuff,Gift Bag,Gifts For Mom,Dad,Men,Friends,Teacher,Birthday,Wedding,Desk,Shelves,Accessories,Gift Boxes,Funny Gift,Storag"
284,Data Not Availabe,Link Not Available,#5 Best Sellers,in Kitchen Appliance Parts,4.5,26,Recently Not Sell,"1pc Professional Kitchen Knife Sharpener, Tungsten, Diamond, Ceramic Sharpening Stone Tool"
285,Data Not Availabe,Link Not Available,#4 Best Sellers,in Digital Thermometers & Timers,2.3,26,Recently Not Sell,"1pc Mini Cherry Blossom Portable Digital Stopwatch Kitchen Timer For Cooking, Beauty, Silent Student Timer, Count Down Timer"
286,Data Not Availabe,Link Not Available,#4 Best Sellers,in Digital Thermometers & Timers,94.8,26,Recently Not Sell,Square Home Use High-End Food Dehydrator Mini Fruit Dryer Vegetable Pet Snacks Dehydration Air Dryer
287,Data Not Availabe,Link Not Available,#4 Best Sellers,in Digital Thermometers & Timers,1.9,26,900+ sold recently,"1pc Stainless Steel Tongs, Multifunctional Metal Tongs, Easy To Clean Cooking Tongs Stainless Steel, Frying Tools Extrude Excess Grease From Food, 11in (About 27.9cm)"
288,Data Not Availabe,Link Not Available,#4 Best Sellers,in Digital Thermometers & Timers,9.1,26,60+ sold recently,"1 Pc Household Handheld Egg Beater, Wireless Electric Charging Mixer, Small Automatic Adjustable Gear Beater"
289,Data Not Availabe,Link Not Available,#4 Best Sellers,in Digital Thermometers & Timers,1.7,26,200+ sold recently,Large Surface Cleaning Sponge for Descaling Pot Teapot - Scrub and Clean with Eas
290,Data Not Availabe,Link Not Available,#4 Best Sellers,in Digital Thermometers & Timers,2.1,26,90+ sold recently,"1pc Finger Vegetable Peeler, Creative Stainless Steel Peeler, Palm Vegetable Peeler, For Fruits, Potatoes, Carrots, Cucumbers And Pumpkins, Comfortable Rubber Finger, Kitchen Accessories"
291,Data Not Availabe,Link Not Available,#4 Best Sellers,in Digital Thermometers & Timers,15.1,26,3.4k+ sold recently,"2-Tier Stackable Drawer Type Egg Storage Container: Clear Plastic Egg Holder, Can Be Placed In Refrigerator!"
292,Data Not Availabe,Link Not Available,#4 Best Sellers,in Digital Thermometers & Timers,5.1,26,40+ sold recently,"1pc Rechargeable Portable Handheld Fruit-Shaped Mini Fan With Mobile Phone Stand Function,New Mini Portable Handheld Fan For Girls With Fresh Flower Pattern, Rechargeable With Usb Cable, Perfect For Summer Travelling And Heat Dissipatio"
293,Data Not Availabe,Link Not Available,#4 Best Sellers,in Digital Thermometers & Timers,1.96,27,100+ sold recently,"1pc, Durable Stainless Steel Skimmer Spoon With Comfortable Handle - Ideal For Frying, Hot Pot, And Cooking - Effortlessly Prep Your Foo"
294,Data Not Availabe,Link Not Available,#4 Best Sellers,in Electric Hair Clippers,3.1,11,Recently Not Sell,Hair Clipper Electric Pusher Haircut Machine Electric Clipper Oil Head Carving Razor For Bald Head Hairc
295,Data Not Availabe,Link Not Available,#4 Best Sellers,in Electric Hair Clippers,16.2,11,90+ sold recently,1pc+Rechargable+1800mAh+Heat+Knee Massager+WRHX-001
296,Data Not Availabe,Link Not Available,#4 Best Sellers,in Electric Hair Clippers,39.2,11,Recently Not Sell,1pc USB Charging Portable Outdoor Party Bar Gift Red Wine Bottle Opener
297,Data Not Availabe,Link Not Available,#4 Best Sellers,in Electric Hair Clippers,4.6,4,700+ sold recently,Three Level Dimming Portable Flip Cover Circular Folding Led Makeup Mirror With One Side Enlarged 2X Beauty Mini Usb Light Emitting Charging Small Mirror Compact Mirror Travel Dormitory Mirror Women Gif
298,Data Not Availabe,Link Not Available,#4 Best Sellers,in Electric Hair Clippers,3.72,52,40+ sold recently,"1pc 2-In-1 Salt And Pepper Grinder Set, Dual Head Spice Grinder, Kitchen Sea Salt Grinder, Manual Spice Grinder, Stainless Steel Pepper Grinder, Kitchen Grinding Machine, Kitchen Tool Set, Herb Grinding Machine, Reusable Spice Bottle For Barbecue, Picnic, And Camping, In-Room Necessities, Back-To-School Supplies And Gifts"
299,Data Not Availabe,Link Not Available,#4 Best Sellers,in Electric Hair Clippers,3.6,52,2.4k+ sold recently,1pc Handheld Fan 3 Speeds Quiet Usb Rechargeable Portable Mini Electric F
300,Data Not Availabe,Link Not Available,#4 Best Sellers,in Electric Hair Clippers,4.3,52,30+ sold recently,"50pcs/100pcs Non-Stick Air Fryer Disposable Parchment Liners – Oil & Water Resistant, Rectangular Fit For  Dual Fryer, Kitchen Must-Have For Healthy Cooking"
301,Data Not Availabe,Link Not Available,#4 Best Sellers,in Electric Hair Clippers,4.1,52,6.3k+ sold recently,"1pc Rechargeable 500mAh Battery Portable Handheld LED Light & Mini Fan With Three Speed Modes For Outdoor Use, Cat Ear Design, Includes Charging Cabl"
302,Data Not Availabe,Link Not Available,#4 Best Sellers,in Electric Hair Clippers,2.9,52,400+ sold recently,"1/2/3pcs Air Fryer Silicone Liners Pot For 3 To 5 QT,Air Fryer Silicone Basket Bowl,Replacement Of Flammable Parchment Paper,Reusable Baking Tray Oven Accessories,Red+Blue+Gr"
303,Data Not Availabe,Link Not Available,#4 Best Sellers,in Electric Hair Clippers,3.5,52,10+ sold recently,"Kitchen Square Pendulum Timer 60 Minute Timer Reminder Mechanical Timer,Kitchen,Summer Beach Party,Food,Camping,Organizer,Room Decor,Kitchen Items."
304,Data Not Availabe,Link Not Available,#4 Best Sellers,in Electric Hair Clippers,2.4,4,40+ sold recently,Electric Eyebrow Trimmer Lady's Eyebrow Trimmer Automatic Eyebrow Trimmer Hair Trimmer Hair Removal Beauty Trimmer
305,Data Not Availabe,Link Not Available,#4 Best Sellers,in Electric Hair Clippers,89.64,10,Recently Not Sell,"CHEFTRONIC Stand Mixer, 5.5 Qt Tilt-Head Electric Household Stand Mixer - 500W 6+P Speed, Multifunctional Kitchen Stand Up Mixer With Dough Hook, Whisk, Food Beater And Butter Beater"
306,Data Not Availabe,Link Not Available,#4 Best Sellers,in Electric Hair Clippers,8.2,10,100+ sold recently,USB Slouchy Neck Hanging Fan Portable Neck Hanging Mini Foldable Desktop Small Rechargeable F
307,Data Not Availabe,Link Not Available,#4 Best Sellers,in Electric Hair Clippers,1.09,58,100+ sold recently,"1pc Mini Simple Kitchen Timer, Easy To Oper"
308,Data Not Availabe,Link Not Available,#2 Best Sellers,in Other Kitchen Appliances,2.4,58,Recently Not Sell,"1pc Kitchen Oil Temperature Thermometer, Bbq Baking Temperature Measurer, Electronic Food & Liquid Temperature Gauge Pen (Random Color)"
309,Data Not Availabe,Link Not Available,#2 Best Sellers,in Other Kitchen Appliances,1.8,58,60+ sold recently,"SHEIN 1pc Silicone Egg Poacher Cup, Egg Boiler Mold Cup, Egg Poaching Cup"
310,Data Not Availabe,Link Not Available,#2 Best Sellers,in Other Kitchen Appliances,3.78,33,100+ sold recently,"Usb Powered Fabric Shaver Lint Remover, Portable Clothes Defuzzer For , Pants, And Furnitur"
311,Data Not Availabe,Link Not Available,#10 Best Sellers,in Led Makeup Mirror,4.7,2,Recently Not Sell,"Pocket Mirror, 1X/2X Magnification LED Compact Travel Makeup Mirror With Light For Purse, 2-Sided, Portable, Folding, Handheld, Small Lighted Mirror For Gift  Cute Portable Led Lighted Magnifying Travel Makeup Mirror 1X/2X Magnification Folding Dual Sided Compact Handheld Illuminated Mirror For Home Tabletop Decoration, Bathroom, Dresser Vanity & Countertop Bedroom Travel Dormitory Mirror Women GiftCountertop Bedroom Travel Dormitory Mirror Women Gif"
312,Data Not Availabe,Link Not Available,#6 Best Sellers,in Digital Kitchen Scales,3.97,49,Recently Not Sell,"1pc Household Kitchen Round Platform Electronic Baking Scale, Super High-Definition Display Screen, Can Switch Units, Suitable For Tea, Food Weighing"
313,Data Not Availabe,Link Not Available,#6 Best Sellers,in Digital Kitchen Scales,2.9,49,20+ sold recently,1 Roll Self-Adhesive Clear Caulk Strip For Kitchen Countertop Sink - Easy To Install And Waterproof
314,Data Not Availabe,Link Not Available,#6 Best Sellers,in Digital Kitchen Scales,6.5,49,800+ sold recently,"100-200pcs Disposable Paper Liners For Air Fryers, Kitchen Accessories, Oil-Proof And Water-Proof, Suitable For Baking And Microwave Cooking"
315,Data Not Availabe,Link Not Available,#6 Best Sellers,in Digital Kitchen Scales,13.1,49,Recently Not Sell,"Ear Wax Removal, Ear Wax Removal Tool With 1080P HD Camera And Light, Ear Wax Removal Kit With 7 Pcs Ear Set, 2pcs Goose Feather Ear Picker, 12pcs Replaceable Ear Spoon Sets ,Ear Cleaner Kit For IOS And Android,"
316,Data Not Availabe,Link Not Available,#6 Best Sellers,in Digital Kitchen Scales,4.5,49,200+ sold recently,"1pc Upgraded Thickened Version Large Capacity Air Fryer & Oven Liner, Kitchen Tool, Air Fryer & Oven Accessory, Easy To Clean Unfoldable Air Fryer Basket Liner, Reusable & Food-Safe Air Fryer & Oven Accessory With Parchment Paper Replacement, Silicone Basket & Bowl, Baking Tool, Household Kitchenwar"
317,Data Not Availabe,Link Not Available,#6 Best Sellers,in Digital Kitchen Scales,2.8,7,100+ sold recently,Portable Electric Hair Trimmer For Women With Lipstick Desig
318,Data Not Availabe,Link Not Available,#6 Best Sellers,in Digital Kitchen Scales,21.2,7,400+ sold recently,"A Neck-Hanging Air-Conditioning Fan With Usb Charging, Portable, Wearable, Bladeless, Quiet, Semiconductor Cooling, High Wind Power, Suitable For Outdoor, Kitchen, Camping To Reduce Temperatur"
319,Data Not Availabe,Link Not Available,#6 Best Sellers,in Digital Kitchen Scales,3.8,7,10+ sold recently,"1pc Creative New Wind-Up Chef Timer, Mechanical Kitchen Countdown Time Management Tool For Cooking Soup And Dish, Home Kitchen Gadgets"
320,Data Not Availabe,Link Not Available,#6 Best Sellers,in Digital Kitchen Scales,48.65,23,Recently Not Sell,YONGSTYLE USB Mini Fge Freezer Refrigerator Cooler And Warmer USB Powered Cooler Personal Refrigerator Portable For Home Office Car Bo
321,Data Not Availabe,Link Not Available,#3 Best Sellers,in Led Makeup Mirror,3.1,3,Recently Not Sell,"1Pc Mini Makeup Mirror With Light, Portable Pocket Folding Double-Sided Mirror, Gift (Battery Not Included, Needs To Be Purchased Separately) For Home Tabletop Decoration, Bathroom, Dresser Vanity & Countertop Bedroom Travel Dormitory Mirror Women Gif"
322,Data Not Availabe,Link Not Available,#3 Best Sellers,in Led Makeup Mirror,7.1,3,800+ sold recently,1pc Portable Electric F
323,Data Not Availabe,Link Not Available,#3 Best Sellers,in Led Makeup Mirror,10.49,36,600+ sold recently,"Teckwe LED Makeup Mirror With Light,Desktop Rotatable 16Lights Touch Switch Travel Makeup Mirror"
324,Data Not Availabe,Link Not Available,#3 Best Sellers,in Led Makeup Mirror,80.37,5,20+ sold recently,"CHEFTRONIC Stand Mixer, 4.5 Qt Tilt-Head Electric Household Stand Mixer - 500W 6+P Speed, Multifunctional Kitchen Stand Up Mixer With Dough Hook, Whisk, Food Beater And Butter Beater"
325,Data Not Availabe,Link Not Available,#3 Best Sellers,in Led Makeup Mirror,8.45,17,60+ sold recently,1pc Glass Water Bottle 47.34 Oz Large-Capacity Glass Bottle With Handle Household Glass Cooler High-Temperature-Resistant Cold Water Jug Glass Glass Cup Juice Jug Cooler Cup Summer Winter Drinkware Home Kitchen Items Back To School Supplies
326,Data Not Availabe,Link Not Available,#3 Best Sellers,in Led Makeup Mirror,1.2,40,100+ sold recently,SHEIN BASIC LIVING 1pc Stainless Steel Frother Milk W
327,Data Not Availabe,Link Not Available,#3 Best Sellers,in Led Makeup Mirror,3.9,3,300+ sold recently,"Nose Hair Trimmer, Men's Rechargeable Ear And Nose Hair Trimmer, Women's Usb Electric Nose Hair Trimmer, Painless Eyebrow, Facial Hair And Nose Trimming Clipper, For Eyebrows, Neckline, Nose & Ear Hair, Precision Detail Trimming"
328,Data Not Availabe,Link Not Available,#3 Best Sellers,in Led Makeup Mirror,7.9,3,200+ sold recently,"1pc Bladeless Portable Neck Hanging Fan For Students, Sports & Slouchy People With Great Wind Power"
329,Data Not Availabe,Link Not Available,#3 Best Sellers,in Led Makeup Mirror,6.3,5,10+ sold recently,"Non-Contact Thermometer, 1 Piece Infrared Digital Thermometer, Non-Contact Forehead Thermometer, Large LED Numbers, With Fever Alarm And Memory Function. (Battery Not Included)"
330,Data Not Availabe,Link Not Available,#3 Best Sellers,in Led Makeup Mirror,3.5,5,30+ sold recently,"1pc Stainless Steel Whisk, Multifunction Egg Beater For Kitch"
331,Data Not Availabe,Link Not Available,#3 Best Sellers,in Led Makeup Mirror,2.8,5,100+ sold recently,"Simple preading Magic Butter Knife Spreader and Curler - Complete Your Kitchen Knives Set, Curl Your Butter with Ease 3 Different Ways. Butter Knife Spreader Long - Butter Spreader Knife Stainless Steel Butter Knife for Cold Butter Kitchen Accessories - 3 In 1 Butter Knife Serrated Knife Kitchen Gadgets Cheese Butter Mill Tool. Butter Knife, Thickened Butter Knife, Stainless Steel Butter Knife, Household Cheese Knife, Creative Cheese Knife, Chocolate Knife For Baking, Multifunctional Chocolate Knife For Party Wedding, Kitchen Supplies"
332,Data Not Availabe,Link Not Available,#10 Best Sellers,in Vacuum Food Sealers,2.03,22,Recently Not Sell,Food Plastic Bag Plastic Sealing Machine Household Small Hand Pressure Heat Sealer Sealing Machine Portable Mini Sealer Machi
333,Data Not Availabe,Link Not Available,#10 Best Sellers,in Vacuum Food Sealers,2.4,4,100+ sold recently,"Electric Nose Hair Trimmer, Professional Eyebrow & Facial Hair Trimmer Black For Men And Women Available With Low Noise High Torque High Speed Motor Washable Nasal Hair"
334,Data Not Availabe,Link Not Available,#10 Best Sellers,in Vacuum Food Sealers,25.69,28,Recently Not Sell,TA-001 360 ° Rotating UV Dual Section 45-230MHz/470-860MHz 15-22dB Outdoor Antenna Black 12m Cabl
335,Data Not Availabe,Link Not Available,#10 Best Sellers,in Vacuum Food Sealers,13.3,28,100+ sold recently,1pc Smart Warm Belt Fast Heating Belly Wrap Belt Back or Belly Heating Pad Heating and Vibration Massage Bel
336,Data Not Availabe,Link Not Available,#10 Best Sellers,in Vacuum Food Sealers,7.53,43,10+ sold recently,"3pcs, Blender,Juicer Optional Double Cup Portable USB Charging Juice Cup Student Home Multifunctional Juicer Complementary Food Cup"
337,Data Not Availabe,Link Not Available,#10 Best Sellers,in Vacuum Food Sealers,6.82,64,100+ sold recently,Massage Gun Muscle Relaxation Massager For Body Neck Back Relaxation Fitness Portable Massage Devic
338,Data Not Availabe,Link Not Available,#10 Best Sellers,in Vacuum Food Sealers,2.3,64,10+ sold recently,"1 Pc Stainless Steel Thickened Leakproof Oil Strainer With Pointed End, Oil Separator, Available In 2 Sizes: M/L"
339,Data Not Availabe,Link Not Available,#10 Best Sellers,in Vacuum Food Sealers,8.6,64,100+ sold recently,"Handheld Wireless Vacuum Cleaner - Rechargeable, Powerful Suction, Long Battery Life, USB Charging, Washable Filter, Ideal For Car Cleaning"
340,Data Not Availabe,Link Not Available,#10 Best Sellers,in Vacuum Food Sealers,6.84,40,100+ sold recently,"3-Tier Bar Glass Rimmer Bartender Tool With Sponge, 3-Tray Black Plastic Glass  For Cocktails Margaritas Bloody Marys And Gimlets, Margarita Cocktail Salt And Sugar Glass Rimmer,Bartender Tool, Bar Salt And Sugar Rimmer For Drinks, Bar Accessories For Bloody Mary"
341,Data Not Availabe,Link Not Available,#10 Best Sellers,in Vacuum Food Sealers,1.77,37,60+ sold recently,"Smart GPS Tracker Keychain: Anti-Loss Device For Pets & Valuables, Wireless Battery-Powered Locator"
342,Data Not Availabe,Link Not Available,#10 Best Sellers,in Vacuum Food Sealers,10.47,40,100+ sold recently,1 Set 4 In 1 Vegetable Cutter Rotary Cheese Grater Cheese Shredder - Round Mandoline Slicer Vegetable Slicer With Strong-Hold Suction Cup Bas
343,Data Not Availabe,Link Not Available,#10 Best Sellers,in Personal Care Appliances,6.37,65,Recently Not Sell,"Massage Gun, Fascia Electric Massager Gun, Deep Tissue Percussion Electric Muscle Massager, 4 Replaceable Massage Heads Portable Handheld For Men And Wom"
344,Data Not Availabe,Link Not Available,#10 Best Sellers,in Personal Care Appliances,10.49,19,Recently Not Sell,CROWNFUL Ice Cups Accessory for Shaved Ice Machi
345,Data Not Availabe,Link Not Available,#10 Best Sellers,in Personal Care Appliances,1.9,19,500+ sold recently,"1pc, Microwave Dust Cover - Oil Smoke Proof, Kitchen Oven Cover Towel, Heat-Resistant Waterproof Dust-Proof Microwave Oven Grill Cover Protector - Dust Cover Case Protections For Toaster Oven- - Home Textile Decoration - Plastic Hanging Bag, Kitchen Accessories"
346,Data Not Availabe,Link Not Available,#5 Best Sellers,in Major Appliances Parts,8.22,30,Recently Not Sell,"A US To EU Plug Adapter, Suitable For Most European Countries During Travel, Equipped With 3 USB Ports And 1 Type-C Port, 6 AC Power Output Ports, A Wall-Mounted Extension Power Strip Charger, Suitable For Home, Office, And Travel Use, With Surge Protection."
347,Data Not Availabe,Link Not Available,#5 Best Sellers,in Major Appliances Parts,6.7,3,60+ sold recently,"1pc Rechargeable 800mAh Battery Portable Lint Remover, Electric Fabric Shaver Without Harming Clothes"
348,Data Not Availabe,Link Not Available,#5 Best Sellers,in Major Appliances Parts,6.9,3,50+ sold recently,"1pc Solar Powered Outdoor Sun Protection Hat With Built-In Fan, Wom"
349,Data Not Availabe,Link Not Available,#5 Best Sellers,in Major Appliances Parts,2.86,18,100+ sold recently,"Portable Battery Powered Nose & Hair Trimmer For Men, Convenient & Easy To Carry"
350,Data Not Availabe,Link Not Available,#5 Best Sellers,in Major Appliances Parts,23.9,20,20+ sold recently,"Sejoy Oral Irrigator With 4 Cleaning Pressure Setting Modes, Equipped With 6 Different Functional Nozzles, Strong Battery Life, Ultra Long Use, USB Rechargeable, IPX7 Waterproof, Can Deeply Clean And Improve Oral Health, Gently And Effectively Clean Teeth, Remove Food Residue And Plaq"
351,Data Not Availabe,Link Not Available,#2 Best Sellers,in Ultrasonic Cleaners,13.2,20,Recently Not Sell,"Ultrasonic Cleaner | 48KHz, Rechargeable Battery-Powered | Multi-Purpose Wash For Jewelry, Glasses, Watches & Mor"
352,Data Not Availabe,Link Not Available,#5 Best Sellers,in Juicer Machines,9.0,20,Recently Not Sell,"1pc Portable Blender Cup, USB Electric Juicer, Mini Portable Mixer, For Smoothies And Shakes, Juice, With Six Blades Suitable For Mixing,Kitchen Portable Fruit Machine,Portable Juicer And Blender,Juice,Lemon."
353,Data Not Availabe,Link Not Available,#5 Best Sellers,in Juicer Machines,8.4,2,40+ sold recently,"1pc ABS Electric Whisk Baking Tool, Modern Whipped Egg White Cream Cake Blender For Kitch"
354,Data Not Availabe,Link Not Available,#5 Best Sellers,in Juicer Machines,49.6,2,20+ sold recently,"Tattoo Kit POSEIDON Rotary Tattoo Pen Kit For Beginners Tattoo Machine Kit With Power Supply And 20 Pcs Tattoo Cartridge Needles, 6 Color Tattoo Inks With Foot Pedal Tattoo Gun For Artists(TK019)"
355,Data Not Availabe,Link Not Available,#5 Best Sellers,in Juicer Machines,4.99,35,800+ sold recently,"Teckwe Touch Control LED Cosmetic Mirror,Mirror With Vanity Light,3 Colors Adjustable & Foldable Storage Rechargeable,Tabletop LED Folding Cosmetic Vanity Mirror For Dormitory Us"
356,Data Not Availabe,Link Not Available,#5 Best Sellers,in Juicer Machines,9.3,35,20+ sold recently,"1set, Magic Brush, 5-In-1Multifunctional Electric Cleaning Brush Usb Charging Bathroom Wash Brush Kitchen Cleaning Tool Dishwashing Brush Bathtub"
357,Data Not Availabe,Link Not Available,#1 Best Sellers,in Refrigerators,189.99,41,Recently Not Sell,WANAI Compact Refrigerator 3.5 CU.FT Double Door Mini Fridge With Freezer Small Refrigerator With 7 Adjustable Temperature Side Door Wire Rack Suit For Dorm Office Apartment Black
358,Data Not Availabe,Link Not Available,#1 Best Sellers,in Refrigerators,4.2,41,2.6k+ sold recently,"1pc Portable Handheld Fan With Hanging Rope, Usb Rechargeable Battery, 3-speed, Powerful Personal Desk Fan In Lotus Pink, Suitable For Women Men Home Office Makeup Outdoor Travel"
359,Data Not Availabe,Link Not Available,#1 Best Sellers,in Refrigerators,5.15,50,20+ sold recently,"Aluminum Coffee Maker, Durable Moka Cafeteira Expresso Percolator Pot, Practical Moka Coffee Pot, Makes Delicious Coffee, Easy To Operate & Quick Cleanup Po"
360,Data Not Availabe,Link Not Available,#1 Best Sellers,in Refrigerators,2.9,50,100+ sold recently,"0.2mm Gas Stove Protector Liner Bumper Guard & Burner Cover (10.6"" X 10.6""), Black Gas Cooktop Protection Pad, Anti-Oil & Anti-Stain Cleaning Mat, High Temperature Resistance, Safe & Easy To Clean, Reusable, Non-Stick, Quick Cleaning Kitchen/Cooking Inner Lining, Kitchen Gadgets, Cooking Accessories, Home Kitchen Supplies."
361,Data Not Availabe,Link Not Available,#1 Best Sellers,in Refrigerators,2.3,50,10+ sold recently,"1pc Compressor, Stainless Steel"
362,Data Not Availabe,Link Not Available,#1 Best Sellers,in Refrigerators,3.0,3,60+ sold recently,"LARGNER T9 Hair Clippers For Men, Hair Cutting Machine Men's Electric Shaver Rechargeable Hair Trimmer Beard Clipper Barber Hair"
363,Data Not Availabe,Link Not Available,#1 Best Sellers,in Refrigerators,1.7,3,60+ sold recently,1pc Stainless Steel Back Scratcher - Telescopic Massager For Itch Relief & Happy Health Products Hackle Handicrafts
364,Data Not Availabe,Link Not Available,#1 Best Sellers,in Refrigerators,16.25,5,Recently Not Sell,"720 LCD Fascia Massage Gun, Upgraded Muscle Relaxation Massager Machine With 4 Massage Heads And 6 Speeds, Touch Buttons, 1200mAh USB Rechargeable, Suitable For Office Workers, Athletes, Fitness Enthusiasts For Post-Workout Recovery"
365,Data Not Availabe,Link Not Available,#1 Best Sellers,in Refrigerators,14.1,5,100+ sold recently,"Sonic Skin Scrubber Skin Spatula Peeling Machine Blackhead Remover With 4 Modes, Ultrasonic Pore Spatula For Face, Facial Spatula For Deep Cleansing"
366,Data Not Availabe,Link Not Available,#1 Best Sellers,in Refrigerators,4.46,26,100+ sold recently,"Soft Abdominal Instrument - Massager - Five Iron Hand-Held Ball Massage Tools - Universal - For Parents, Friends Of The Exquisite Gif"
367,Data Not Availabe,Link Not Available,#1 Best Sellers,in Refrigerators,2.22,15,100+ sold recently,"10pcs Appliance Slider For Kitchen Appliances, Self-Adhesive DIY Small Kitchen Appliance Slider For Most Countertop Coffee Maker, Air Fryer, Pressure Cooker, Deep Fryer"
368,Data Not Availabe,Link Not Available,#1 Best Sellers,in Refrigerators,1.8,5,100+ sold recently,1pc Men's Nose Hair Trimmer Stainless Steel Manual Nose Hair Trimmer Razor Washable Portable Nose Hair Trimmer
369,Data Not Availabe,Link Not Available,#4 Best Sellers,in Laundry Appliances,32.99,35,Recently Not Sell,"Teckwe 3 In 1 Steam Cleaner For Home Iron Clothes,Vertical Steam Iron,Portable Travel Garment Steamer,Handheld Fabric Steamer,300ml Large Capacity & 15s Fast Heating,Automatic Power-Off Suitable For Home & Travel - US Plug"
370,Data Not Availabe,Link Not Available,#10 Best Sellers,in Personal Care Appliance Accessories,2.1,35,Recently Not Sell,"1pc Plastic Travel Storage Bottle For Home, Simple Transparent Container, Whi"
371,Data Not Availabe,Link Not Available,#10 Best Sellers,in Personal Care Appliance Accessories,2.22,47,Recently Not Sell,"50pcs/100pcs Disposable Cream Pastry Bags, Piping Bags For Cake Decoration And Desserts, Baking Tool"
372,Data Not Availabe,Link Not Available,#8 Best Sellers,in Electric Nose & Ear Trimmers,11.0,47,Recently Not Sell,"Earwax Removal Kit With 5 Ear Scoops, Camera & 1080p Ear Cleaning Tool, Rechargeable Wax Remover For Kids & Adults"
373,Data Not Availabe,Link Not Available,#8 Best Sellers,in Electric Nose & Ear Trimmers,25.5,47,Recently Not Sell,2-In-1 Electric Hair Straightener & Curler Heated Styling Brush
374,Data Not Availabe,Link Not Available,#8 Best Sellers,in Electric Nose & Ear Trimmers,11.0,47,40+ sold recently,"1pc+Eu Plug+ Mini Breakfast Maker Egg Cooker For Small Kitchen Appliances+ Chick (Note: The Egg Tray And Color & Shape Of The Chick Are Sent Randomly Based On Production Batches, So Slight Differences May Exist.)"
375,Data Not Availabe,Link Not Available,#8 Best Sellers,in Electric Nose & Ear Trimmers,2.1,47,Recently Not Sell,"Boiled Egg Timer, Kitchen Gadget Egg Timer, Eggs Cooking Observing Tool"
376,Data Not Availabe,Link Not Available,#8 Best Sellers,in Electric Nose & Ear Trimmers,6.21,10,70+ sold recently,"1pc 2000ml/64oz Acrylic Bottle Cover(Without Water Bottle), Black Pocket Detail Tumbler Sleeve For Kitchen, Back To School Supplies"
377,Data Not Availabe,Link Not Available,#8 Best Sellers,in Electric Nose & Ear Trimmers,2.0,10,90+ sold recently,"1pc Kitchen Pastry Cutter, Pizza Crust Rolling Cutter, Baking Rolling Pin, Manual Dough Cutter For Bread, Croissant, Pastry"
378,Data Not Availabe,Link Not Available,#8 Best Sellers,in Electric Nose & Ear Trimmers,6.4,10,40+ sold recently,"1pc Timer 3*8cm, Round Magnetic Rotating Lcd Timer Tire Timer Kitchen Timer Home Outdoor Baking Study"
379,Data Not Availabe,Link Not Available,#8 Best Sellers,in Electric Nose & Ear Trimmers,8.16,20,400+ sold recently,"1pc 16led Usb/Battery Dual Power Makeup Mirror Light, Desktop Rotatable Touch Screen Mirror Light With 3-Mode Dimmable Brightness For Portable Dorm Bedroom Makeup Mirror With Light, Upgraded Double Bubble Bag Packaging To Prevent Damages, A Good Gift Choic"
380,Data Not Availabe,Link Not Available,#8 Best Sellers,in Electric Nose & Ear Trimmers,2.5,7,200+ sold recently,Women's Electric Eyebrow Shaper Portable Mini Electric Eyebrow Shaper New Shaver Battery Eyebrow Shaper
381,Data Not Availabe,Link Not Available,#8 Best Sellers,in Electric Nose & Ear Trimmers,2.8,7,20+ sold recently,"1pc Semi-automatic Rotary Egg Beater, Stainless Steel Whisk, Kitchen Tool"
382,Data Not Availabe,Link Not Available,#3 Best Sellers,in Women Electric Shavers,14.9,4,Recently Not Sell,"Blue Electric Razors Shaver For Women, 2-IN-1 Womens Electric Razor For Leg Arm Face Pubic Area, Cordless Bikini Trimmer Hair Removal For Women With Detachable Head, Painless,IPX7 Waterproof,Wet & Dry"
383,Data Not Availabe,Link Not Available,#3 Best Sellers,in Women Electric Shavers,14.04,40,Recently Not Sell,"1pc Electric Toothbrush For Adults, 8 Brush Heads Sonicare Electric Toothbrush With 40000 VPM Deep Clean 5 Modes, Rechargeable Toothbrushes Fast Charge 4 Hours Last 30 Days,, Father's Day Gifts"
384,Data Not Availabe,Link Not Available,#4 Best Sellers,in Food Processors,10.96,33,Recently Not Sell,"Multifunctional Manual Vegetable Slicer With Roller Blade For Home Kitchen, Hand-Cranked Drum-Type Shred Slicer"
385,Data Not Availabe,Link Not Available,#4 Best Sellers,in Food Processors,0.9,50,Recently Not Sell,"2pcs Reusable Flowers Shaped Straw Tip Covers, Cute Silicone Soft Straw Plugs For 10mm Straws, Cup Accessories"
386,Data Not Availabe,Link Not Available,#4 Best Sellers,in Food Processors,6.3,50,40+ sold recently,"1pc Egg Storage Box,  Fresh-Keeping Egg Holder For Refrigerator, Anti-Fall Egg Box, Egg Compartment Basket Holder (For 24 Eggs Storage)"
387,Data Not Availabe,Link Not Available,#2 Best Sellers,in Oral Care Appliances,3.4,50,Recently Not Sell,1pc Rechargeable/battery-powered Electric Toothbrush With 6-speed Adjustable Option And 6 Replacement Heads
388,Data Not Availabe,Link Not Available,#2 Best Sellers,in Oral Care Appliances,3.6,50,20+ sold recently,"1pc Reusable Silicone Air Fryer Liners For  Dual Air Fryer, Heat Resistant Air Fryer Accessories  For Air Fryer, Oven, Microwav"
389,Data Not Availabe,Link Not Available,#2 Best Sellers,in Oral Care Appliances,1.99,59,3.8k+ sold recently,"1pc Rechargeable Portable Handheld Flower Shaped Mini Fan, Comes With Hanging Strap"
390,Data Not Availabe,Link Not Available,#1 Best Sellers,in Major Appliances Parts,3.3,25,Recently Not Sell,"1 Pack Ceiling Fan Pull Chain Extender, 24-inch Extra Long with Decorative Frosted Glass Bulb and Fan Cord, Fit All Standard 3mm Diameter Ceiling Fans and Light Fixtures Factory Pull"
391,Data Not Availabe,Link Not Available,#2 Best Sellers,in Garment Steamers,17.97,16,Recently Not Sell,"1pc PANCERKA Upgraded Model Steam Garment Steamer, Clothes Portable Handheld Design, 180ML Big Capacily With 10 Steam Vent Strong Penetrating Steam, Fast Emoves Wrinke For Home, Travel."
392,Data Not Availabe,Link Not Available,#2 Best Sellers,in Electronic Beauty Instruments,6.88,20,Recently Not Sell,"1pc Rechargeable 1.5w 300ma Ultrasonic Skin Cleansing Device For Deep Cleansing And Removing Dirt Residues, Suitable For All Seasons, Home And Travel Us"
393,Data Not Availabe,Link Not Available,#2 Best Sellers,in Electronic Beauty Instruments,64.1,20,Recently Not Sell,"1pc Madame Smith 800ml Electric Mini Full-Automatic Smart Broken-Wall Cooking Soy Milk Maker Multifunctional Home Appliance No Need Straining, Suitable For 1-4 Peopl"
394,Data Not Availabe,Link Not Available,#2 Best Sellers,in Electronic Beauty Instruments,2.39,20,400+ sold recently,"1pc Dustproof Cover For Toaster,Dust Cover For 2 Slice,Silicone Toster Lid,,Food Safety,Protecting Toaster From Dust,Dirt,Spills,Splash,Smudges And Bugs,Toaster Top Cover,Kitchen Appliances Protector,Toaster Accessories"
395,Data Not Availabe,Link Not Available,#2 Best Sellers,in Electronic Beauty Instruments,2.15,45,100+ sold recently,"Compact & Cute USB Rechargeable Fan - Adjustable Speed, Portable Cooling For Home, Office, Travel & Outdoor Activities"
396,Data Not Availabe,Link Not Available,#2 Best Sellers,in Electronic Beauty Instruments,45.99,23,10+ sold recently,"Mini Fridge, 4 Liter/6 Can Portable Cooler and Warmer Personal Refrigerator for Skin Care, Cosmetics, Beverage, Foo"
397,Data Not Availabe,Link Not Available,#2 Best Sellers,in Electronic Beauty Instruments,6.5,23,400+ sold recently,"Handheld Fan, 6-Speed Variable Speed, Battery Display"
398,Data Not Availabe,Link Not Available,#3 Best Sellers,in Women Shave & Hair Removal Appliances,17.9,4,Recently Not Sell,"1pc Painless IPL Hair Removal Device For Home Use, Cute And Portable, Up To 999999 Flashes For Women And Men, Permanent Laser Hair Removal On Armpits Back Legs Arms Face Bikini Line, 5 Different Modes, Holiday Gif"
399,Data Not Availabe,Link Not Available,#3 Best Sellers,in Women Shave & Hair Removal Appliances,8.7,4,400+ sold recently,"4-In-1 Multi-Functional Usb Rechargeable Nose Hair Trimmer, Beard, Shaver, Hair Clipper, For Men & Wom"
400,Data Not Availabe,Link Not Available,#8 Best Sellers,in Waffle Makers,49.99,55,Recently Not Sell,"Yabano Belgian Waffle Maker, Classic Rotating Waffle Iron With Nonstick Plates, Removable Drip Tray And Cool Touch Handles, Double Flip Waffle, Rotating Belgium Waflera Maker, Brushed Stainless"
401,Data Not Availabe,Link Not Available,#2 Best Sellers,in Electric Lunch Boxes,7.6,55,Recently Not Sell,"1pc Instant Noodle Bowl With Tableware, Stainless Steel Large Capacity Bowl With Lid, Bento Box, Lunch Box With Handle, Fruit Salad Box, For Teenagers And Workers At School, Canteen, Back School, For Camping And Picnic, Home Kitchen Supplies"
402,Data Not Availabe,Link Not Available,#2 Best Sellers,in Electric Lunch Boxes,2.6,55,Recently Not Sell,"VE Sport Liposuction Machine - Portable Body Shaping Massage Fitness Device For Men And Women - Burns Belly, Arm, And Leg Fat - Daily Body Building Tool"
403,Data Not Availabe,Link Not Available,#2 Best Sellers,in Electric Lunch Boxes,49.99,29,Recently Not Sell,"Shaved Ice Attachment For KitchenAid Stand Mixer, Ice Shaver Attachment For KitchenAid, Attachment For KitchenAid Mixers. Snow Cone Maker, White(Machine/Mixer Not Included)"
404,Data Not Availabe,Link Not Available,#2 Best Sellers,in Portable Refrigerator,34.99,56,Recently Not Sell,"Reemix Mini Fridge, 3.7 Liter/6 Can Portable Cooler And Warmer Personal Refrigerator For Skin Care, Cosmetics, Beverage, Food,Great For Bedroom, Office, Car"
405,Data Not Availabe,Link Not Available,#2 Best Sellers,in Portable Refrigerator,9.4,56,Recently Not Sell,"Portable Air Conditioner Fan, Handheld Fan, Spray Fan, Desk Cooler, USB Rechargeable Mini Handheld Fan, 3 Speeds, Ultra-Quiet, For Home Office Travel Outdoor"
406,Data Not Availabe,Link Not Available,#2 Best Sellers,in Portable Refrigerator,1.9,56,40+ sold recently,"1pcs Grout Cleaning Brushe – Deep Cleaner Small Multi-Purpose Scrub Brush Set with Stiff Nylon Bristles to Clean Corners, Spaces, Tile, Shower, Window, Door Track, Floors"
407,Data Not Availabe,Link Not Available,#2 Best Sellers,in Portable Refrigerator,5.8,56,100+ sold recently,"1pc Rechargable 2 In 1 Mini Sealing Machine, Storage Bag Plastic Package Snack Sealer Clip Bag Handheld Heat Sealer, Bag Heat Sealer Thermal For Food Storag"
408,Data Not Availabe,Link Not Available,#2 Best Sellers,in Portable Refrigerator,1.2,40,60+ sold recently,"8pcs Set Cake Decorating Kit, Cookie Press Gun Set For Baking, Cake Decorating Pens With Piping Nozzles, Icing Decoration Gun Set, Dessert Decorator With 8pcs Pipping Tips, Clear Icing Decoration Spritz Cookie Press Kit, Baking Tools, Kitchen Gadgets, Kitchen Accessories, Home Kitchen Items"
409,Data Not Availabe,Link Not Available,#2 Best Sellers,in Portable Refrigerator,5.47,22,50+ sold recently,1pc 360° Roller Leg Massager For Muscle Relaxation And Improved Blood Circulatio
410,Data Not Availabe,Link Not Available,#2 Best Sellers,in Portable Refrigerator,10.9,22,100+ sold recently,"Portable Silent Mini Bladeless Electric Fan, Adjustable 3-Speed Suspended Waist Fan, Rotating Body Fan, Suitable For Outdoor"
411,Data Not Availabe,Link Not Available,#2 Best Sellers,in Electric Kettles,17.97,34,Recently Not Sell,"Electric Tea Kettle For Boiling Water, Stainless Steel Inner Lid & Filter, 2L/1000W, Hot Water Boiler, Wide Opening & Automatic Shut Off,"
412,Data Not Availabe,Link Not Available,#2 Best Sellers,in Electric Kettles,8.2,34,20+ sold recently,Mini Portable Car Vacuum Cleaner
413,Data Not Availabe,Link Not Available,#2 Best Sellers,in Electric Kettles,29.7,34,Recently Not Sell,"1pc Oral B Rechargeable Electric Toothbrush, D12 Clean Type, Daily Oral Cleaning, Round Brush Head, Romantic Couples Birthday Gift For Men And Wom"
414,Data Not Availabe,Link Not Available,#2 Best Sellers,in Electric Kettles,1.06,50,Recently Not Sell,1pc Stainless Steel Coconut Shaver And Fish Scale Scraper - Multi-Purpose Kitchen Tool For Easy Cleaning And Preparatio
415,Data Not Availabe,Link Not Available,#1 Best Sellers,in Personal Care Appliance,2.76,8,Recently Not Sell,"Multifunctional Electric Shaver For Men, With Razor, Hair Clipper, Men's Trimmer, Abs Body, Black, With Dragon Pattern, Mens Grooming Ki"
416,Data Not Availabe,Link Not Available,#4 Best Sellers,in Hair Dryers,16.1,8,Recently Not Sell,"1pc Hair Dryer With Constant Temperature To Protect Hair, Quick-Drying Ionic Blow Dryer, Suitable For Home Salon And Travel"
417,Data Not Availabe,Link Not Available,#4 Best Sellers,in Hair Dryers,5.1,8,Recently Not Sell,"Household Semi-Automatic Rotating Egg Beater,304 Stainless Self Turning Cream Utensil Whisk,Manual Mixer Kitchen Tool"
418,Data Not Availabe,Link Not Available,#4 Best Sellers,in Hair Dryers,4.8,8,100+ sold recently,"Blue Portable Handheld Fan With Usb Charging Battery, Personal Desktop Fan With Stand, Small Travel Pocket Fan Suitable For Home Office School Vacation Outdoor Use, Powerful Wind With Slide Opening, Detachable Bas"
419,Data Not Availabe,Link Not Available,#4 Best Sellers,in Hair Dryers,4.14,40,10+ sold recently,"1pc Vegetable Preservation Refrigerator, Leaf Preservation Pod,Vegetable Preservation Bottle, Fresh Food Preservation Coriander, MintParsley, Asparagus, Vanilla Keep-Fresh Cup, Kitchen Stuff"
420,Data Not Availabe,Link Not Available,#4 Best Sellers,in Hair Dryers,1.5,40,400+ sold recently,"10pcs Creative Garbage Barrel Clip, Garbage Bag Holder, Anti Slip Trash Can Garbage Bag Fixed Clip, Small Divider Side Clip, Home Supplies"
421,Data Not Availabe,Link Not Available,#7 Best Sellers,in Table Fans,16.5,40,Recently Not Sell,"1PC Portable Air Conditioner, 400ML Cooling Fan Air Conditioner With Remote,3 Wind Speed & 7 LED Light,3 Cool Mist& 1-3H Timer, Removable Personal Air Conditioner Evaporative Air Cooler For Room/Offic"
422,Data Not Availabe,Link Not Available,#7 Best Sellers,in Table Fans,3.3,40,10+ sold recently,"1pc 600ml/20.29oz Portable Cartoon Design Water Bottle,PC Sport Water Bottle, Cartoon Cute Water Bottle For Outdoor"
423,Data Not Availabe,Link Not Available,#7 Best Sellers,in Table Fans,111.99,40,Recently Not Sell,"Mini Portable Single Tub Washing Machine - Compact 2-IN-1 Design 5.7lbs Capacity Semi-Automatic Washer With Timer Control Spin Cycle Basket, Translucent Tub"
424,Data Not Availabe,Link Not Available,#7 Best Sellers,in Table Fans,7.8,40,90+ sold recently,"Small Handheld Fan With Base, Portable Neck Hanging Fan, Personal Small Fan, Travel Hand Held Fan Rechargeable Desk Fan, 1800mAh, 5-Gear Adjustable, For Office, Commute, Camping, Picnic, Hiking, Beach, Backpacking"
425,Data Not Availabe,Link Not Available,#2 Best Sellers,in Personal Size Blenders,37.99,62,Recently Not Sell,"Juicer Machines, Juilist 3"" Wide Mouth Juicer Extractor, For Vegetable And Fruit With 3-Speed Setting, 400W Motor, Easy To Cl"
426,Data Not Availabe,Link Not Available,#6 Best Sellers,in Electric Hair Clippers,1.7,51,Recently Not Sell,Portable Lithium Battery Hair Clipper Electric Clipper T9 Hair Clipper Engraving Oil Head Shaver Bald Head Household Electric Clipper Haircut Machi
427,Data Not Availabe,Link Not Available,#3 Best Sellers,in Refrigerators,169.99,24,Recently Not Sell,"WANAI Mini Fridge 3.2 Cu.Ft Single Door Compact Refrigerator with Freezer, 5 Level Adjustable Thermostat, Small Fridge for Dorm Office Bedroom LED Light & Removable Glass Shelves"
428,Data Not Availabe,Link Not Available,#3 Best Sellers,in Refrigerators,1.84,20,300+ sold recently,"1pc Electric Nose Hair Trimmer, Nose Hair Clippers, Nose Hair Removal Tool"
429,Data Not Availabe,Link Not Available,#3 Best Sellers,in Refrigerators,0.74,47,100+ sold recently,"50PC-Sink Filter Bag, Sink Filter, Kitchen Leftover Sink Filter, Side Sink Filter, Kitchen Sink Corner Sink Filter, Sink Mesh Bag, Kitchen Supplies"
430,Data Not Availabe,Link Not Available,#3 Best Sellers,in Air Fryers,59.97,28,Recently Not Sell,"Air Fryer 6.2 Quart, 6L Electric Hot Oven, Oilless Multifunctional Cooker,   With 10 Cooking Presets, Digital LED Touchscreen, Viewing Window, Low Noise, Nonstick Dishwasher-Safe Bask"
431,Data Not Availabe,Link Not Available,#10 Best Sellers,in Refrigerators,79.99,28,Recently Not Sell,"Cooluli 10L Mini Fridge For Bedroom - Car, Office Desk & Dorm Room - 12v Portable Cooler"
432,Data Not Availabe,Link Not Available,#10 Best Sellers,in Refrigerators,1.45,46,20+ sold recently,"1pc Multi-Function Electronic Timer, Magnetic Digital Timers, Big LCD Display The Loud/Silent Switch Countdown Timer, Extensively Use In Break Time, Cooking, Gym, Meeting, Classroom, Timer Gift, Apartment Essentials, College Dorm Essentials"
433,Data Not Availabe,Link Not Available,#10 Best Sellers,in Refrigerators,21.3,46,Recently Not Sell,"Vgr Haircut Electric Clippers, Professional Vintage Oil Head Haircut Clippers, Barber Shop Electric Hair Clipper"
434,Data Not Availabe,Link Not Available,#7 Best Sellers,in Other Body Care Machines,12.8,46,Recently Not Sell,"Light Therapy & Anti-Wrinkle Neck Massager, Neck Care Tool For Firming And Lifting, Reducing Wrinkle & Fine Lines And Promoting Skincare Absorptio"
435,Data Not Availabe,Link Not Available,#7 Best Sellers,in Other Body Care Machines,15.7,46,500+ sold recently,Portable Electric/Handheld Multifunctional Mini Sewing Machine For Household Us
436,Data Not Availabe,Link Not Available,#7 Best Sellers,in Other Body Care Machines,1.96,44,40+ sold recently,"LED Wardrobe Light With Motion Sensor, Cabinet Light Battery Operated, Magnetic Under Cabinet Light & Wireless Sticky Night Light Strip For Hallways & Stairs"
437,Data Not Availabe,Link Not Available,#7 Best Sellers,in Other Body Care Machines,18.5,44,200+ sold recently,"3pcs Fly Repellent Fans For Tables, Soft Blade Fly-Control Fan Keeps Flies Away, Portable For Picnic, Bbq, Party (Batteries Not Included)"
438,Data Not Availabe,Link Not Available,#7 Best Sellers,in Other Body Care Machines,4.56,40,10+ sold recently,"1PC Battery Portable Electric Toothbrush, Two Gears With Travel Toothbrush Storage Box With Two Brush Heads"
439,Data Not Availabe,Link Not Available,#3 Best Sellers,in Digital Thermometers & Timers,10.0,40,Recently Not Sell,"1pc Visual Timer Vt03 Green Color, Ideal For Learning, Kitchen, Office, Etc."
440,Data Not Availabe,Link Not Available,#3 Best Sellers,in Digital Thermometers & Timers,6.4,40,20+ sold recently,"1 Piece Of Electronic Measuring Spoon Kitchen Scale, Accurate To 0.1g, Comes With Battery And Measuring Ruler, Supports Four Measurement Units Of Grams, Ounces, Grains And Carats"
441,Data Not Availabe,Link Not Available,#3 Best Sellers,in Digital Thermometers & Timers,10.6,40,50+ sold recently,"Migraine Headache Relief Cap Massager, Hot & Cold Therapy Hat, Cool Gel Head Wrap, Headache Cap Ice Pack Mask, Cold Compress Migraine Relief Products Device For Tensio"
442,Data Not Availabe,Link Not Available,#3 Best Sellers,in Digital Thermometers & Timers,5.2,40,Recently Not Sell,"1pc Mini Electronic Portable Plastic Sealing Machine, Suitable For Thin Plastic Package And Bags"
443,Data Not Availabe,Link Not Available,#3 Best Sellers,in Digital Thermometers & Timers,39.4,28,Recently Not Sell,"28-36dB 360° UV Dual-Band Outdoor Antenna With Stand Black Light Weight, Compact Structure, Easy To Carry, Easy To Us"
444,Data Not Availabe,Link Not Available,#3 Best Sellers,in Digital Thermometers & Timers,4.49,50,60+ sold recently,1pc Electric Makeup Brush Cleaner & Dryer With Multi-Functional Cleaning Modes
445,Data Not Availabe,Link Not Available,#3 Best Sellers,in Digital Thermometers & Timers,11.9,4,20+ sold recently,"LED Teeth Whitening Kit With 6% Hydrogen Peroxide 3X3ml Whitening Gel. Suitable For Sensitive Teeth, Gum & Orthodontic Care. 16X LED Lights For Rapid Teeth Whitening."
446,Data Not Availabe,Link Not Available,#3 Best Sellers,in Digital Thermometers & Timers,5.7,3,600+ sold recently,"Pocket Mirror, 1X/2X Magnification LED Compact Travel Makeup Mirror With Light For Purse, 2-Sided, Portable, Folding, Handheld, Small Lighted Mirror For Gift, Pink Y2k Mom Gifts Valentines Gift Boyfriend Gifts Valentine Day Gifts Pink Cute St Patrick's Day"
447,Data Not Availabe,Link Not Available,#3 Best Sellers,in Digital Thermometers & Timers,1.6,3,50+ sold recently,"1pc Universal Manual Toothpaste Squeezer Dispenser, Creative Toothpaste Clip, Toothpaste Holder, Toothpaste And Cosmetics Roller Squeezer, Bathroom Accessories, Bathroom Supplies"
448,Data Not Availabe,Link Not Available,#9 Best Sellers,in Electric Nose & Ear Trimmers,2.4,4,Recently Not Sell,Electric Nose Hair Trimmer Nose Hair Trimmer Men's Nose Hair Shaver Nose Hair Scissors
449,Data Not Availabe,Link Not Available,#5 Best Sellers,in Food Processors,19.99,55,Recently Not Sell,"Reemix 1.5-Cup One-Touch Electric Food Chopper, 100W Mini Food Processor Meat Grinder, Mix, Chop, Mince and Blend Vegetables, Fruits, Nuts, Meats, Stainless Steel Bl"
450,Data Not Availabe,Link Not Available,#5 Best Sellers,in Food Processors,7.98,40,Recently Not Sell,"2024 Upgraded 6-Blade Powerful Mini Juice Mixer, Portable Milkshake And Smoothie Mixer, 18Oz Type-C USB Rechargeable Personal Mixer, 6-Blade Powerful Mini Juice Mixer, Suitable For Outdoor Travel, Picnics, Sports Kitchens,Kitchen Portable Fruit Machine,Portable Juicer And Blender,Juice,Lemon."
451,Data Not Availabe,Link Not Available,#5 Best Sellers,in Food Processors,19.5,40,30+ sold recently,Rapid Electric Egg Cooker 14/7 Eggs Capacity For Hard Boiled Eggs Poached Eggs Scrambled Eggs
452,Data Not Availabe,Link Not Available,#5 Best Sellers,in Food Processors,15.6,40,2.1k+ sold recently,"1Set Vegetable Onion Chopper, Kitchen 14 In 1 Food Chopper 8 Blades Cutter With Container"
453,Data Not Availabe,Link Not Available,#5 Best Sellers,in Food Processors,46.6,50,Recently Not Sell,At-Home LPL Hair Removal For Women And En Permanent Laser Hair Removal 999900 Flashes With Lce Cooling Care Function 9 Energy Levels Hair Removal Handset For Face Bikini Line Armpit Leg Back
454,Data Not Availabe,Link Not Available,#5 Best Sellers,in Food Processors,34.6,4,300+ sold recently,"3PCS Professional Men's Electric Hair Clipper, USB Rechargeable Cordless Hair Clipper, Beard Trimmer Edger, Suitable For Barbers And Stylists, Gift For Men's Hair Cutting Machi"
455,Data Not Availabe,Link Not Available,#5 Best Sellers,in Food Processors,10.7,4,200+ sold recently,"Portable Bladeless Neck Fan - 360° Cooling Wearable Personal Fan For Travel And Outdoor Sports - Digital Display, Rechargeable, USB-Powered - 5 Speeds, Multi-Color -High Battery Life, Use For 3-5 Hours  - Perfect Gift For Birthdays And Holidays"
456,Data Not Availabe,Link Not Available,#5 Best Sellers,in Food Processors,9.0,33,30+ sold recently,"1 PC USB Interface Plug -In Flame Humidifier, Constant Temperature, Anti -True Flame Atmosphere, Colorful Atmosphere Light, Five -Gear Adjustment. Improve Room Comfort And Decoration."
457,Data Not Availabe,Link Not Available,#4 Best Sellers,in Other Kitchen Appliances,2.0,33,Recently Not Sell,"1pc Stainless Steel Probe Digital Food Thermometer Modern Black Liquid Crystal Display Instant Read Kitchen Liquid/Oil Temperature Sensor, For Cooking/Baking/Grilling/Meat/Ric"
458,Data Not Availabe,Link Not Available,#4 Best Sellers,in Other Kitchen Appliances,7.2,1,50+ sold recently,"1pc Rechargeable 500mAh Wall-Mounted/Desk 3-Speed Adjustable Mini Fan With Charging Cable, Simple Styl"
459,Data Not Availabe,Link Not Available,#4 Best Sellers,in Other Kitchen Appliances,14.8,1,20+ sold recently,"Neck Fan, Portable Neck Fan, Hands Free, Bladeless Personal Fan, Battery Powered,  USB Rechargeable Personal Fan, 5 Speeds Operated Adjustabl"
460,Data Not Availabe,Link Not Available,#4 Best Sellers,in Other Kitchen Appliances,12.39,35,10+ sold recently,"Hand-held Heat Sealer for Food Plastic Bags, Portable Mini Sealing Machine for Mylar Aluminum Foil Packaging Bag"
461,Data Not Availabe,Link Not Available,#8 Best Sellers,in Digital Thermometers & Timers,4.93,51,Recently Not Sell,"1pc Visual Timer Vt03 Purple Color, Suitable For Study, Kitchen, Office And Mor"
462,Data Not Availabe,Link Not Available,#8 Best Sellers,in Digital Thermometers & Timers,1.4,51,10+ sold recently,1pc Multifunction Manual Whisk
463,Data Not Availabe,Link Not Available,#8 Best Sellers,in Digital Thermometers & Timers,10.29,45,10+ sold recently,"Hair Curling Wands,284°F,320°F,356°F,392°F, 60 Minute Timed Shutdown,4 Gear Temperature Regulation(1.25IN)"
464,Data Not Availabe,Link Not Available,#8 Best Sellers,in Health & Wellness Monitors,4.6,45,Recently Not Sell,"1pc Portable + Rechargeable + 116 Smart Bracelet With Health Monitoring Function, Colored Screen, Exercise Tracker, Suitable For Men, Women, Elderly, Children, With Pedometer, Bluetooth Reminder, Heart Rate And Blood Pressure Monitoring"
465,Data Not Availabe,Link Not Available,#8 Best Sellers,in Health & Wellness Monitors,2.6,45,60+ sold recently,"1pc, Multifunctional Stainless Steel Grater, Scallion Separator, For Scallion And Onion, Garlic Fruit And Vegetable, Portable With Protective Cover Kitchen Cooking Tool, Kitchen Green Onion Slicer Stainless Steel Scallion Cutter Vegetable Onion Garlic Cutter Manual Green Onion Cutter Slicer For Kitchen Restaurant Hotel"
466,Data Not Availabe,Link Not Available,#8 Best Sellers,in Health & Wellness Monitors,7.3,45,200+ sold recently,"1pc, Stand Mixer Dust-Proof Cover, Mixer Cover With Organizer Bag For KitchenAid, Fits All Tilt Head & Bowl Lift Models, Kitchen Appliance Protector Cover"
467,Data Not Availabe,Link Not Available,#2 Best Sellers,in Ice Crushers & Shavers,31.99,54,Recently Not Sell,"Reemix Shaved Ice Machine Snow Cone Machine,Slushie Machine for Snow Cone, Snowballs, Frozen Cocktails and More, Easy to DIY with Snow Cone Syrup at Hom"
468,Data Not Availabe,Link Not Available,#10 Best Sellers,in Juicer Machines,9.1,54,Recently Not Sell,"1pc Wireless Portable Blender, Six-Leaf Blade USB Rechargeable Mini Juice Blender Suitable For Juice Shakes And Smoothies, Juice, Milk, Fruit And Vegetable Mini Juicing Cups,Kitchen Portable Fruit Machine,Portable Juicer And Blender,Juice,Lemon."
469,Data Not Availabe,Link Not Available,#10 Best Sellers,in Juicer Machines,12.6,5,10+ sold recently,"2024 New Smart Slide Speed Control Neck Fan.TYPE-C Fast Charging, Long Battery Life And LED Display Non-Blade Neck Fan, Portable USB Mini Fan, Silent Large Wind Power, Suitable For Students And Outdoor Activities Like Shopping, Home Use, Office, Travel And Fishing."
470,Data Not Availabe,Link Not Available,#10 Best Sellers,in Juicer Machines,3.1,5,Recently Not Sell,"A Timer Which Can Count Up Or Down, Has Memory Function And Mute Mode, Suitable For Kitchen, Study, Sport, Sleep, Etc. With Bracket And Hanging Hole Design."
471,Data Not Availabe,Link Not Available,#8 Best Sellers,in Handle Fans,3.8,17,Recently Not Sell,"USB Rechargeable Handheld Fan With Long Battery Life, Mini Cartoon Student Portable Fan, Gift, Suitable For Desktop Us"
472,Data Not Availabe,Link Not Available,#8 Best Sellers,in Handle Fans,4.1,5,1.0k+ sold recently,"1pc Rechargeable Handheld Fan With 500mah Battery, Portable Carabiner, 3 Speeds"
473,Data Not Availabe,Link Not Available,#8 Best Sellers,in Handle Fans,15.9,5,20+ sold recently,"1pc Rotating Power Cord Hair Curler With Temperature Control, Various Hair Styles Available Cone-Shaped 25-13mm Curling Iro"
474,Data Not Availabe,Link Not Available,#8 Best Sellers,in Handle Fans,6.6,40,10+ sold recently,"1pc Portable Juicer - Mini Electric Juicer Cups For Making Fruit And Vegetable Juices Anytime, Anywher"
475,Data Not Availabe,Link Not Available,#4 Best Sellers,in Massage Tools & Equipment,2.7,4,Recently Not Sell,"1pc Usb Rechargeable Mini Pulse Massage Sticker Muscle Massager For Neck, Shoulder, Cervical Spi"
476,Data Not Availabe,Link Not Available,#4 Best Sellers,in Massage Tools & Equipment,1.2,40,Recently Not Sell,"3pcs/Set Top Lid,Soda Can Lids,Silicone Soda Saver,Soda Beverage Beer Can Lids Can Covers,Cans Mark Protector For Standard Cover,Tools For Drinking"
477,Data Not Availabe,Link Not Available,#4 Best Sellers,in Massage Tools & Equipment,2.1,40,60+ sold recently,"1pc Makeup Brush Cleaning Pad Silicone Portable Dry Cleaning Tool With Suction Cup, Suitable For Makeup Brush, Sponge, Puff Black Friday"
478,Data Not Availabe,Link Not Available,#1 Best Sellers,in Temperature Gauges,1.7,40,Recently Not Sell,5pcs Forehead Head Strip Thermometer Water Milk Thermometer Baby Child Kid Test Temperature Sticker Baby Car
479,Data Not Availabe,Link Not Available,#1 Best Sellers,in Temperature Gauges,23.99,20,10+ sold recently,"PUSEE Large Candle Warmer Plate With 2 Temp Settings, 6H Auto Shut Off & Electric Gravity Auto On/Off Candle Wax Melt Warmer For Scented Candles, Fragrance Warmer Safely Releases Scents Without Flame."
480,Data Not Availabe,Link Not Available,#1 Best Sellers,in Temperature Gauges,64.99,55,30+ sold recently,"VEVOR Juicer Machine, 850W Motor Centrifugal Juice Extractor, Easy Clean Centrifugal Juicers, Big Mouth Large 3"" Feed Chute For Fruits And Vegetables, 5 Speeds Juice Maker, Stainless Steel"
481,Data Not Availabe,Link Not Available,#1 Best Sellers,in Temperature Gauges,8.08,17,200+ sold recently,"Usb Charging Led Travel Makeup Mirror With 3 Lighting Colors, Polished Surface, Foldable Portable For Makeup Table, Rechargeable Lithium Battery, Glass Compatible, Odorless"
482,Data Not Availabe,Link Not Available,#1 Best Sellers,in Temperature Gauges,5.1,17,100+ sold recently,"2PCS,Revolutionize Your Cooking Experience With An Air Fryer M"
483,Data Not Availabe,Link Not Available,#1 Best Sellers,in Temperature Gauges,65.3,17,Recently Not Sell,"1pc SMFM Plug-In 800ml Multifunctional Mini Automatic Intelligent Broken Wall Cooking Soymilk Maker For Home, Without Filtering, Suitable For 1-4 Peopl"
484,Data Not Availabe,Link Not Available,#1 Best Sellers,in Temperature Gauges,1.25,46,60+ sold recently,"1pc Shrimp Deveiner Tool, Stainless Steel Shrimp Cleaner Knife, Prawn Peeler, Seafood Peeler, Premium Ergonomic Handle Peeler, Shrimp Deveiner, Kitchen Tools, Kitchen Stuff, Kitchen Gadgets"
485,Data Not Availabe,Link Not Available,#1 Best Sellers,in Temperature Gauges,9.0,7,100+ sold recently,"Portable Led Makeup Mirror With Touch Screen Dimming And 3 Levels Of Light Vanity Mirror- Perfect For Home Tabletop Decoration, Bathroom, Dresser Vanity & Countertop Bedroom Travel Dormitory Hotel Mirror Women Gif"
486,Data Not Availabe,Link Not Available,#8 Best Sellers,in Led Makeup Mirror,9.8,5,Recently Not Sell,"LED Makeup Mirror Portable Travel Lighted Beauty Mirror, 3 Color Lighting, Dimmable Touch Screen, Rechargeable Tabletop LED Folding Cosmetic Vanity Mirror"
487,Data Not Availabe,Link Not Available,#8 Best Sellers,in Led Makeup Mirror,6.1,5,90+ sold recently,"Simple And Personalized Luminous Digital Clock, Acrylic Silent Wall Clock, Study, Living Room, Bedroom, Wall Sticker, Creative Clock"
488,Data Not Availabe,Link Not Available,#8 Best Sellers,in Led Makeup Mirror,11.1,5,400+ sold recently,"1pc Usb Rechargeable Neck Hanging Fan/ 5 Wind Speed Settings Displayed On Led/ Adjustable Neck Silicone Pad/ Long Battery Life/ Hands-Free Experience/ Neck Cooler/ Ideal For Home, Sports, Camping, Tent, Office, Fishing/ Cool And Comfortable/ Birthday Gif"
489,Data Not Availabe,Link Not Available,#8 Best Sellers,in Led Makeup Mirror,10.7,5,Recently Not Sell,"1pc Portable Neck Hanging Fan, Compact Handheld Fan With Adjustable Lanyard And Stand, USB Rechargeable Bladeless Mini Fan With 3 Speeds For Women Kids Outdoor Travel"
490,Data Not Availabe,Link Not Available,#8 Best Sellers,in Led Makeup Mirror,2.9,3,10+ sold recently,"1pc Portable Electric Nose Hair Trimmer,Women's Lipstick Portable Electric Shaver -White And Red;Nose Hair Trimmer Portable Electric Nose Hair Shears -Black And Bl"
491,Data Not Availabe,Link Not Available,#8 Best Sellers,in Led Makeup Mirror,2.6,4,Recently Not Sell,"Facial Hair Removal For Women,Painless Hair Shaver Put In The Battery Use,Lady Face Electric Razor For Lip, Chin,Arms,The Best Female Mustache Remover"
492,Data Not Availabe,Link Not Available,#8 Best Sellers,in Women Electric Shavers,5.22,10,Recently Not Sell,"Rechargeable 3-In-1 Electric Razor For Women - Painless Hair Trimmer For Face, Nose, Eyebrows, Beard, Mustache, Arm, Leg, Armpit, And Bikini - Portable Body Shavers Set Rechargeable Grooming Kit Holiday Gif"
493,Data Not Availabe,Link Not Available,#8 Best Sellers,in Women Electric Shavers,14.1,28,Recently Not Sell,Professional Hair Clippers Cordless Trimmer Shaving Machine Cutting Barber Beard Designed With Wired/Cordless Charging For Easy Haircuts
494,Data Not Availabe,Link Not Available,#8 Best Sellers,in Women Electric Shavers,2.16,40,Recently Not Sell,1pc Electric Water Replenishment Instrum
495,Data Not Availabe,Link Not Available,#8 Best Sellers,in Women Electric Shavers,4.4,4,300+ sold recently,"Mini Electric Shaver,Small And Compact Efficient Shaving, Dual Ring Blade Net, Intelligent Digital Display, Detachable Blade Head, Easy Cleaning, Type-C, High-Speed Charging, Worry Free Boarding"
496,Data Not Availabe,Link Not Available,#8 Best Sellers,in Women Electric Shavers,11.4,3,50+ sold recently,"1pc Teeth Whitening LED Light Accelerator, With Blue-Light LED Light, Tooth Whitening Enhancer Light, Home Essential"
497,Data Not Availabe,Link Not Available,#8 Best Sellers,in Women Electric Shavers,20.9,3,40+ sold recently,"1pc Rechargeable Automatic Foam Soap Dispenser, Non-Contact Wall-Mounted Foam Machine For Home, Bathroom, Kitchen, Hotel"
498,Data Not Availabe,Link Not Available,#8 Best Sellers,in Women Electric Shavers,12.66,40,Recently Not Sell,The New 1PC Rechargeable Electric Toothbrush Hand-Held Dental Cleaner Large Capacity Water Tank Dental Cleaner Water Dental Floss Device With 2 Sprinklers
499,Data Not Availabe,Link Not Available,#10 Best Sellers,in Electronic Nail Art Equipment,8.1,40,Recently Not Sell,LED/UV Lamp With 3 Timers And LED Display - Perfect For Nail Polish Polishing And Drying - USB Interface For Convenient Us
500,Data Not Availabe,Link Not Available,#10 Best Sellers,in Electronic Nail Art Equipment,17.17,67,Recently Not Sell,Rice Container Rice Bucket - Insect-Proof Moisture-Proof Sealed Household Grain Storage Box - Grain Storage Rice Tank Rice Box Flour
501,Data Not Availabe,Link Not Available,#10 Best Sellers,in Electronic Nail Art Equipment,3.1,67,30+ sold recently,"Portable Mini Reusable Crystal Epilator, A Safe And Easy Method For Painlessly Removing Body Hair, Easy To Clean After Us"
502,Data Not Availabe,Link Not Available,#10 Best Sellers,in Electronic Nail Art Equipment,4.8,67,10+ sold recently,"3pcs/Set Manual Convenient Meridian Stretching Massage Stick, Facial Massage Scraper Plate - Deep Relaxation, Fatigue Relief"
503,Data Not Availabe,Link Not Available,#10 Best Sellers,in Electronic Nail Art Equipment,45.0,67,10+ sold recently,"1.75inch Wide Flat Iron Professional 480°F Negative Ion Hair Straightener, 2-In-1 Straightener & Curler, Infused With Keratin To Nourish Hair, Long-Lasting Hair Straightening, Suitable For Home, Travel, Salon Use, Comes With 2 Hair Clips, 2 Hair Ties, 1 Heat-Resistant Glove, A Comb"
504,Data Not Availabe,Link Not Available,#10 Best Sellers,in Electronic Nail Art Equipment,9.3,50,Recently Not Sell,"1pc+USB Cable+150ml+Ultrasonic+Aromatherapy Diffuser+DQ709+7-Color Flame Effect+Essential Oil Diffusing/Atomization Support, 3-Level Timer & Auto Shutdown With Built-In Smart Chip, Water Shortage Protection With Auto Power Off Functio"
505,Data Not Availabe,Link Not Available,#5 Best Sellers,in Handle Fans,13.8,50,Recently Not Sell,"Portable Air Conditioner Handheld Folding Fan With Digital Display, Desktop Cooling Fan, 5000mAh Long Lasting Battery, USB Rechargeable, Strong Wind, Suitable For Mobile Power, Summer Cooling F"
506,Data Not Availabe,Link Not Available,#5 Best Sellers,in Handle Fans,9.9,50,100+ sold recently,"1pc Rechargeable 500mAh Electric Fly Swatter Bug Zapper, Mosquito Killer, High Voltage Handheld Mosquito Swatter, Wasp, Fruit Fly, Insect Rat Swatter For Indoor, Travel, Camping And Outdoor Control, Portable Fly Zapper"
507,Data Not Availabe,Link Not Available,#7 Best Sellers,in Aroma Diffuser,6.6,50,Recently Not Sell,"1pc Automatic Essential Oil Diffuser For Home And Hotel, Air Freshener For Toilet And Bathroom, Aromatherapy Machine For Scenting Room, Fragrance Sprayer For Aromatic Impac"
508,Data Not Availabe,Link Not Available,#7 Best Sellers,in Aroma Diffuser,15.7,4,4.7k+ sold recently,"Pink 2Nd Gen Rechargeable Hair Trimmer & Split Ends Hair Clipper, Household 2-In-1 Portable Haircut Tool, Electric Hair Clipper Haircut Machi"
509,Data Not Availabe,Link Not Available,#7 Best Sellers,in Aroma Diffuser,25.9,4,80+ sold recently,High Frequency Facial Machine - TUMAKOU Portable Handheld High Frequency Facial Skin Wand Machine with 4 Different Tubes
510,Data Not Availabe,Link Not Available,#7 Best Sellers,in Aroma Diffuser,6.6,4,60+ sold recently,"1pc Black/White Safety Lock Buckle For Windows, Refrigerators, High-Rise Anti-Fall Windows, Household Lock Buckle Tools"
511,Data Not Availabe,Link Not Available,#7 Best Sellers,in Aroma Diffuser,79.99,38,Recently Not Sell,"Air Purifiers For Home Large Room - Up to 880 Ft², H13 True Hepa Filter 3-Stage Filtration, 24 db Low Noise, Afloia Air Filter Removes Smoke Pets Odors Dust Pollen Mold, Night Light, FILLO"
512,Data Not Availabe,Link Not Available,#7 Best Sellers,in Aroma Diffuser,8.08,16,700+ sold recently,"1pc Portable Foldable LED Makeup Mirror With 1200mAh USB Rechargeable Battery, 3-Light Mode (Cool White, Warm White, And Yellow), Touch Control, Square Shape, In Pink Or White Color For Home, Dorm, And Travel"
513,Data Not Availabe,Link Not Available,#7 Best Sellers,in Aroma Diffuser,9.5,16,10+ sold recently,"2024 Rechargeable Bladeless Neck Fan - 3 Speed Portable Hands-Free Cooler, Perfect For Sport, Outdoor Activities & Gifts"
514,Data Not Availabe,Link Not Available,#7 Best Sellers,in Aroma Diffuser,10.3,16,100+ sold recently,"1pc Ems Foot Massage Mat + 2 Pads & Remote Control, Electric Pulse Foot Massager For Leg Muscle, Home Office Us"
515,Data Not Availabe,Link Not Available,#7 Best Sellers,in Aroma Diffuser,3.2,16,2.9k+ sold recently,"1pc 500mAh Rechargeable Lithium Battery Portable Handheld Mini Fan With 3 Speed Settings, USB Charging Cable, And Hanging Strap"
516,Data Not Availabe,Link Not Available,#7 Best Sellers,in Aroma Diffuser,2.3,16,100+ sold recently,"Mini Handheld Coffee Milk Frother, Home Baking Cream Foaming Machine, Wireless Handheld Mixer, Eggbeater"
517,Data Not Availabe,Link Not Available,#8 Best Sellers,in Personal Care Appliance,3.1,9,Recently Not Sell,"Mini Handheld Coffee Milk Frother, Home Baking Cream Foaming Machine, Wireless Handheld Mixer, Eggbeater"
518,Data Not Availabe,Link Not Available,#8 Best Sellers,in Personal Care Appliance,4.5,9,100+ sold recently,1pc Multifunction Portable Humidifier
519,Data Not Availabe,Link Not Available,#8 Best Sellers,in Personal Care Appliance,11.7,9,100+ sold recently,1pc USB 7 Color Lights Light Grain Ultrasonic Essential Oil Diffuser Humidifier For Small Room
520,Data Not Availabe,Link Not Available,#8 Best Sellers,in Personal Care Appliance,4.6,4,20+ sold recently,XFU Electric Toothbrush Sonic Toothbrush Portable For Travel Blue And Orange Color 120 Days Battery Powered IPX7 Waterproof 18000 Vibrations Per Minutes With Replacement Brush Heads Dense Bristles SG-557 Orang
521,Data Not Availabe,Link Not Available,#8 Best Sellers,in Personal Care Appliance,10.02,40,10+ sold recently,"Pet Odor Eliminator, Deodorizer For Cat Litter Box, Air Purifier For Dogs/cats Odor Removal, For Fresh Air"
522,Data Not Availabe,Link Not Available,#8 Best Sellers,in Personal Care Appliance,4.83,30,600+ sold recently,"1pc Mini Portable Fan, Battery Operated Clip On Fan, Rechargeable 360° Rotate Flexible Tripod Handheld Cooling Fan For Car Seat Treadmill Travel,Black"
523,Data Not Availabe,Link Not Available,#8 Best Sellers,in Personal Care Appliance,9.5,30,50+ sold recently,"Universal High-grade Dishwasher Cutlery Basket Tray With Removable Handle, Dishwasher Storage Box, 240*135*120mm"
524,Data Not Availabe,Link Not Available,#8 Best Sellers,in Personal Care Appliance,4.1,2,Recently Not Sell,"New Facial Steamer, USB Rechargeable With Cold Spray Function, Portable & Convenient Mini Face Mist Sprayer For Moisturizing And Humidifying"
525,Data Not Availabe,Link Not Available,#8 Best Sellers,in Personal Care Appliance,17.0,71,90+ sold recently,"Negative Ions Do Not Damage Hair, Curling And Straightening Dual-Purpose Lazy Hair Straightening Comb, Mother's Day, Halloween, Thanksgiving, Christmas And Holiday Gifts"
526,Data Not Availabe,Link Not Available,#2 Best Sellers,in Waffle Makers,16.9,71,Recently Not Sell,1PC Wall Plug 350-watt 4-inch Mini Non-stick Pink Heart Waffle Maker
527,Data Not Availabe,Link Not Available,#8 Best Sellers,in Oral Care Appliances,23.6,71,Recently Not Sell,"Water Flosser,1pc Usb Portable Electric Dental Water Flosser For Home Teeth Cleaning With 4 Level Water Pressure, 4 Interchangeable Nozzles"
528,Data Not Availabe,Link Not Available,#10 Best Sellers,in Water and Ice Dispensers,6.7,71,Recently Not Sell,1pc Electric Portable Water Dispenser Pump For 5 Gallon Bottle Usb Charge With Extension Hose Barreled Tools
529,Data Not Availabe,Link Not Available,#10 Best Sellers,in Water and Ice Dispensers,4.59,10,100+ sold recently,"Rechargeable Electric Razor For Women - Face, Nose, Legs, Underarms, Bikini Trimmer - Wet & Dry, Painless, Portable & Easy To Us"
530,Data Not Availabe,Link Not Available,#10 Best Sellers,in Water and Ice Dispensers,7.3,10,100+ sold recently,"Portable Neck Fan, Hands-Free Bladeless Fan, Battery Powered Wearable Personal Fan, 3 Adjustable Speed Usb Neck Hanging Fan, Must-Have For Summer Cooling, Suitable For Home, Office, Outdoor, Sports, Beach, Travel, Random Charge Port."
531,Data Not Availabe,Link Not Available,#10 Best Sellers,in Water and Ice Dispensers,13.4,18,Recently Not Sell,"Ear And Forehead Dual Mode Non-Contact Adult Thermometer, 1 Piece Medical Thermometer, Infrared Digital LCD Body Measurement Fever Infrared Thermometer(Batteries Not Included)"
532,Data Not Availabe,Link Not Available,#10 Best Sellers,in Water and Ice Dispensers,2.0,18,10+ sold recently,"1pc Colorful Mini Calculator Watch With Stopwatch Function, Creative 8-Digit Computer Watch"
533,Data Not Availabe,Link Not Available,#6 Best Sellers,in Electric Hair Brushes,35.5,49,Recently Not Sell,5 In 1 Multifunctional Hair Dryer Brush Set 60000RPM Hair Styling Tools Curling Wand Hot Air Styler
534,Data Not Availabe,Link Not Available,#6 Best Sellers,in Electric Hair Brushes,2.8,49,Recently Not Sell,"A New 3D Moon Lamp (Including Bracket) With 1pc Shein Battery Model, Featuring Painted LED Night Lights, Handcrafted Studio Moon Lamp Decoration, Hand Painted Moon Lamp Office Desk, Valentine's Day Gift, New Year Gif"
535,Data Not Availabe,Link Not Available,#7 Best Sellers,in Men Shave & Hair Removal Appliances,8.7,4,Recently Not Sell,Kemei Brand Electric Nose Ear Hair Trimmer  Men's Face Hair Trimmer Set 4 IN 1 Rechargeable Face Sideburns Hair Trimmer Beard Shaver Razor Clean Hair Remove Machine Kit KM-6630
536,Data Not Availabe,Link Not Available,#3 Best Sellers,in Rice Cookers,46.16,32,Recently Not Sell,"YONGSTYLE Rice Cooker, 4-Cup Uncooked 2.5 Quart, Professional Versio"
537,Data Not Availabe,Link Not Available,#3 Best Sellers,in Rice Cookers,11.5,32,70+ sold recently,"1pc 130ml Flame Ultrasonic Aroma Diffuser, 7 Colors Lighting Aromatherapy Diffuser Machine, Portable USB Essential Oil Desktop Diffuser Air Humidifier"
538,Data Not Availabe,Link Not Available,#3 Best Sellers,in Rice Cookers,2.5,32,Recently Not Sell,"2024 New Multipurpose Double Side Wire Dishwashing Sponges, 1/3pcs Premium Metal Wire Dishwashing Cloth Non-Scratch Scrubbing Cleans For Wet And Dry, Scrubbing Wire Dishwashing Rags Non-Scratch Wire Dishcloth For House Kitchen,Dishes, Sinks, Stove Tops, Easy Rinsing, Mesh Dishcloth For Kitchen Stove Dishwashing And Pot Washing, Grid Non-Stick Oil Oil-Free Kitchen Cleaning Cloth, Kitchen Stove Range Hood Pot Dish Sink Cleaning Cloth, Stains Dirts Removal Cloth, Cleaning Supplies, Scrub Sponges, Washing Sponge, Washing Sponge Brush, Durable Double-Sided Dishwashing Sponge, Reusable Sponge Pad, Washing Scrubber Brush, Kitchen Tools"
539,Data Not Availabe,Link Not Available,#3 Best Sellers,in Rice Cookers,2.82,40,40+ sold recently,"USB Charging Automatic Electric Toothbrush 3Multifunctional Electric Toothbrush For Adults, With 3 Brush Heads, Tooth Care Artifact Deep Cleaning IPX7 Waterproof Travel  Toothbrush"
540,Data Not Availabe,Link Not Available,#3 Best Sellers,in Portable Refrigerator,39.99,33,Recently Not Sell,"JOYSTAR 6 Liter/10 Liter Mini Fridge With Glass Door For Bedroom, Office, Dorm & Car, Personal Small Refrigerator For Skincare, Makeup, Beverage, Drinks, Portable Thermoelectric Cooler & Warmer, Pink"
541,Data Not Availabe,Link Not Available,#3 Best Sellers,in Portable Refrigerator,13.37,45,20+ sold recently,"Electric Head Hair Shaver - Ultimate Mens Cordless Rechargeable Wet/Dry Skull & Bald Head Waterproof Razor With Rotary Blades, Clippers, Nose Trimmer, Brush, Massager"
542,Data Not Availabe,Link Not Available,#4 Best Sellers,in Electronic Beauty Instruments,12.8,45,Recently Not Sell,"Portable Vibrating Facial And Eye Massager - USB Rechargeable Handheld Tool To Tighten Muscles, Reduce Dark Circles Under The Eyes, And Make You Look Younger And More Beautiful"
543,Data Not Availabe,Link Not Available,#4 Best Sellers,in Electronic Beauty Instruments,11.2,45,20+ sold recently,"Portable Rechargeable Neck Fan For Outdoor, Handheld & Waist Clip Design With 3 Adjustable Speeds, Bladeless Personal Fan Powered By 2000mAh Battery, USB Charging And Up To 10 Hours Working Time, Perfect Gift For Home, Office And Travel"
544,Data Not Availabe,Link Not Available,#6 Best Sellers,in Electric Toothbrushes,9.8,45,Recently Not Sell,1PC U-Shape Electric Toothbrush For 2-7 Years Old Smart 360 Degrees Toothbrushes Ultrasonic Teeth Whitening Clean Brush IPX7 Waterproof
545,Data Not Availabe,Link Not Available,#6 Best Sellers,in Electric Toothbrushes,7.0,3,100+ sold recently,"Led Makeup Mirror Touch Screen 3 Light Portable Standing Folding Vanity Cosmetics Mirror Rechargeable Vanity Mirror For Home Tabletop Decoration, Bathroom, Dresser Vanity & Countertop Bedroom Travel Dormitory Mirror Women Gif"
546,Data Not Availabe,Link Not Available,#6 Best Sellers,in Electric Toothbrushes,38.99,30,300+ sold recently,"ThinkLearn Car Vacuum Detailing Kit, Interior Car Cleaning Kit With High Power Handheld Vacuum And 7Pcs Detailing Brush Set, Well-Designed Women's Pink Car Accessories Bag"
547,Data Not Availabe,Link Not Available,#6 Best Sellers,in Electric Toothbrushes,46.99,53,300+ sold recently,"KNQZE Collapsible Foot Spa With Heat, 16 Massage Rollers & Bubble, Electric Pedicure Foot Spa Massager With Pumice Stone, Foot Soaker Tub, Remote Control"
548,Data Not Availabe,Link Not Available,#1 Best Sellers,in Electric Salt & Pepper Grinders,10.9,53,Recently Not Sell,"1pc/2pcs Electric Salt And Pepper Grinder Set, Salt Or Pepper Grinder, Adjustable Coarseness, Battery Operated, With LED Light, One-Hand Automatic Operation, Stainless Steel"
549,Data Not Availabe,Link Not Available,#2 Best Sellers,in Cleaning Appliance Parts,3.7,20,Recently Not Sell,1 Pack Dryer Vent Cleaner Kit Dryer Lint Brush Vent Cleaner Long Flexible Refrigerator Dryer Lint Vent Trap Brush Gas Electric Fire Prevention Exhaus
550,Data Not Availabe,Link Not Available,#1 Best Sellers,in Coffee & Tea Appliances,3.4,20,Recently Not Sell,"1pc Electric Milk Frother Kitchen Drink Foamer Whisk Mixer Stirrer Coffee Cappuccino Creamer Whisk Frothy Blend Whisker Egg Beater, Without Battery(You Need To Purchase The Battery Yourself)"
551,Data Not Availabe,Link Not Available,#1 Best Sellers,in Coffee & Tea Appliances,108.1,20,Recently Not Sell,"1pc High-Speed Titanium Gray Hair Dryer, Quick Drying, Comfortable, Travel & Family Gif"
552,Data Not Availabe,Link Not Available,#1 Best Sellers,in Cleaning Appliance Parts,1.9,20,Recently Not Sell,"1 Pc Multifunctional Plus Fluid Shoe Brush, Home Soft Bristle Laundry Brush, Special Hurtless Shoe Brush"
553,Data Not Availabe,Link Not Available,#10 Best Sellers,in Specialty Kitchen Appliances,2.2,20,Recently Not Sell,1 Pc Upgrade Your Kitchen With This Premium Stainless Steel Vegetable Grater & Peeler For Hotel/Commercial
554,Data Not Availabe,Link Not Available,#3 Best Sellers,in Specialty Kitchen Appliances,0.66,85,Recently Not Sell,"1pc + Sharpening Stone + Handheld, High-Carbon Stainless Steel + Msd01 + 4 Stages, Can Enhance Scissors And Knives"
555,Data Not Availabe,Link Not Available,#2 Best Sellers,in Electric Eyebrow Trimmer,1.4,85,Recently Not Sell,Safe Eyebrow Trimmer Makeup Tools Stainless Steel Eyebrow Scissors With Comb Hair Removal Shaver Eyebrows Shaping Makeup Tools
556,Data Not Availabe,Link Not Available,#2 Best Sellers,in Specialty Kitchen Appliances,1.9,85,Recently Not Sell,1pc Stainless Steel Corn Cob Peeler- Multifunctional Vegetable Fruit Peeler- Creative Corn Peeler- Reusable Corn Cob Kernel Remover- Kitchen Gadg
557,Data Not Availabe,Link Not Available,#2 Best Sellers,in Specialty Kitchen Appliances,2.4,85,100+ sold recently,"1pc Mesh Laundry Bag For Shoes & , Durable Travel Shoe Bag For Washing Machine, Shoe Laundry Bag With Zipper For s, Bra, Lingerie, Stocking, Multiple Protection For Travel And Home Us"
558,Data Not Availabe,Link Not Available,#4 Best Sellers,in Electronic Nail Art Equipment,13.5,85,Recently Not Sell,Electric Nail Art Manicure Pedicure Drill Pen Style Nail Polisher Machine Tool Kit With Low Noise Cutters & Nail Files
559,Data Not Availabe,Link Not Available,#4 Best Sellers,in Electronic Nail Art Equipment,3.6,85,1.9k+ sold recently,1pc Electric Cordless Hair Cutting Machine Hair Clippers For Men Professional Hair Barber Trimmer For Men Clipper Beard Shaver With 4 Guide Combs 1 Cleaning Brush
560,Data Not Availabe,Link Not Available,#4 Best Sellers,in Electronic Nail Art Equipment,6.2,85,200+ sold recently,One Portable Electric Lint Remover With Two 5th Size Batteries
561,Data Not Availabe,Link Not Available,#4 Best Sellers,in Electronic Nail Art Equipment,14.3,85,10+ sold recently,Wireless Vacuum Cleaner
562,Data Not Availabe,Link Not Available,#5 Best Sellers,in Egg Tools,1.2,85,Recently Not Sell,1pc Plain Egg Separator
563,Data Not Availabe,Link Not Available,#8 Best Sellers,in Power Toothbrushes,4.52,13,Recently Not Sell,"Portable Multifunctional Electric Toothbrush, Usb Rechargeable Sonic Toothbrush With 30s Area Switch Reminder, 2min Timer, Whitening Toothbrush, 6 Replacement Heads, Waterproof Oral Care Toothbrush, Ideal Choice For Men & Women Home Travel Use, Gif"
564,Data Not Availabe,Link Not Available,#2 Best Sellers,in Humidifier,2.9,13,Recently Not Sell,1pc USB Charger 220ml Home/car Large Fog Volume Humidifier Office Bedroom Mini Small Air Mute Humidifier
565,Data Not Availabe,Link Not Available,#2 Best Sellers,in Humidifier,10.2,13,5.4k+ sold recently,"Portable Electric Water Flosser With 4 Nozzles, Usb Charging & 3 Smart Modes, Fully Automatic Handheld Oral Irrigator For Teeth Cleaning And Home Dental Car"
566,Data Not Availabe,Link Not Available,#2 Best Sellers,in Humidifier,24.9,13,800+ sold recently,Air Conditioner Air Cooler Fan Water Cooling Fan Air Conditioning For Room Office Portable Air Conditioner Cars
567,Data Not Availabe,Link Not Available,#2 Best Sellers,in Humidifier,2.2,13,300+ sold recently,"1pc Multifunction Electric Whisk, For smoothies, lattes, matcha - Upgraded mini milk bubble for perfectly frothy milk"
568,Data Not Availabe,Link Not Available,#1 Best Sellers,in Aromatherapy,10.9,4,Recently Not Sell,"1pc Colorful Humidifier With Sound Sensor, Large-Capacity And High-Mist Output, Suitable For Home Or Office Use, Can Be Used As Air Fresher"
569,Data Not Availabe,Link Not Available,#1 Best Sellers,in Aromatherapy,4.1,2,80+ sold recently,"Teeth Whitening Light With LED Light, Home Teeth Whitening Device, Includes 1 Oral Tray"
570,Data Not Availabe,Link Not Available,#1 Best Sellers,in Aromatherapy,18.6,2,Recently Not Sell,"2024 New Bathroom Cleaner Brush, Shower Scrubber With Long Handle &  Heads Replacement, Cleaning Supplies For Tub Shower Tile Floor"
571,Data Not Availabe,Link Not Available,#1 Best Sellers,in Aromatherapy,49.99,77,Recently Not Sell,"Juicer Machines, HOUSNAT Professional Celery Slow Masticating Juicer Extractor Easy to Clean, Cold Press Juicer with Quiet Motor and Reverse Function for Fruit & Vegetable, Brushes & Recipes Included, Black"
572,Data Not Availabe,Link Not Available,#8 Best Sellers,in Other Styling Tools,3.1,77,Recently Not Sell,"6pcs Pink Alligator Clips For Hair Styling Salon Hair Clip Professional Clips Alligator Hair Clip Cute Pink Hair Clip Styling Accessories For Makeup Removal, Makeup And Facial Washing"
573,Data Not Availabe,Link Not Available,#8 Best Sellers,in Other Styling Tools,6.59,35,100+ sold recently,"Teckwe Electric Fabric Shave,Lint Remover,Rechargeable Portable Lint Remover For Clothes Easy Remove Fuzz,Lint Balls,Bobbles"
574,Data Not Availabe,Link Not Available,#10 Best Sellers,in Kitchen Appliances,6.45,23,Recently Not Sell,"Electric Garlic Masher, Portable Mini Garlic Chopper, Garlic Blender, Household Electric Garlic Press, Wireless Garlic Mincer, Garlic Slicer, Portable & Compact Design, Easy To Use Kitchen Tool"
575,Data Not Availabe,Link Not Available,#10 Best Sellers,in Kitchen Appliances,6.7,23,100+ sold recently,"1pc PP Water Jug Pump, USB Charging Automatic Drinking Water Pump"
576,Data Not Availabe,Link Not Available,#6 Best Sellers,in Electronic Foot Files,14.9,23,Recently Not Sell,"Electric Callus Remover For Feet (with Dander Vacuum Cleaner), Rechargeable Foot Callus Remover Pedicure Tools Foot File, Professional Foot Care Kit Dead skin Remover With 3Heads&2Speed,LCD Display Foot Massager"
577,Data Not Availabe,Link Not Available,#5 Best Sellers,in Ultrasonic Cleaners,12.2,5,Recently Not Sell,"Multifunctional Cleaner, (350ML) Jewelry Cleaning Machine, Portable Professional Jewelry Cleaning Machine, Multi-Purpose Cleaning Machine, Suitable For Glasses, Rings, Earrings, Necklaces, Watch Straps, Makeup Brushes(USB Charging Version)"
578,Data Not Availabe,Link Not Available,#5 Best Sellers,in Ultrasonic Cleaners,1.3,5,600+ sold recently,"1pc False Eyelashes Applicator Tool For Wear Eyelashes, Eyelashes Extension Apply Clip, Lashes Buddy Makeup Tools More Convenient To Wear Lashes"
579,Data Not Availabe,Link Not Available,#9 Best Sellers,in Summer Travel Bestsellers,2.8,5,Recently Not Sell,"1pc Mini Fan With One Wind Speed And Hanging Rope - Party Gift (Batteries Not Included, Need To Be Purchased Separately)"
580,Data Not Availabe,Link Not Available,#10 Best Sellers,in Electronic Beauty Instruments,18.5,5,Recently Not Sell,1pc 7 Color LED Facial Covering For Clear Skin & Wrinkle Free Beauty
581,Data Not Availabe,Link Not Available,#10 Best Sellers,in Electronic Beauty Instruments,297.99,24,Recently Not Sell,"Havato Electric Fireplace Mantel Package Wood Surround Firebox Freestanding Corner Fireplace,Available in winter, Infrared Quartz Heater Adjustable Led Flame, w/Logs, Remote Control, 750W-1501W"
582,Data Not Availabe,Link Not Available,#4 Best Sellers,in Electric Hair Brushes,14.41,21,Recently Not Sell,Hair Dryer Brush Hot Air Brush Multi-Function Hair Dryer Straightener Curler Comb Professional Salon Hair Styler Equipm
583,Data Not Availabe,Link Not Available,#1 Best Sellers,in Juicer & Food Processor,18.8,21,Recently Not Sell,"16pcs/Set, Vegetable Chopper, Multifunctional Fruit Slicer, veggie slicer, Vegetable Slicer, Cutter With Container, Onion Mincer Chopper With Multiple Interchangeable Blades, Household Potato Shredder, Kitchen Stuff, Kitchen Gadgets"
584,Data Not Availabe,Link Not Available,#1 Best Sellers,in Juicer & Food Processor,2.3,21,Recently Not Sell,"1pc,Heatless Hair Curlers For Long Hair - No Heat Curling Rod Headband For Sleeping And DIY Lazy Hair Styling - Create Beautiful Curls Without Damaging Your Hair"
585,Data Not Availabe,Link Not Available,#1 Best Sellers,in Juicer & Food Processor,3.92,20,3.2k+ sold recently,"1pc Battery Portable Shaver Underarm Private Body Shaver HBN-01 Household Razor, Product Without Battery"
586,Data Not Availabe,Link Not Available,#1 Best Sellers,in Juicer & Food Processor,11.4,20,7.8k+ sold recently,"1pc Cordless Heating Pad With 1800mah Battery, 3 Heat Levels And 4 Massage Modes For Fast And Effective Back Or Abdominal Heating, Comfortable Warming Pad For Women And Girls"
587,Data Not Availabe,Link Not Available,#1 Best Sellers,in Egg Cookers,3.5,20,Recently Not Sell,"1pc Portable Detachable Electric Milk Frother & Egg Beater, Battery-Operated (AA Batteries Not Included)"
588,Data Not Availabe,Link Not Available,#1 Best Sellers,in Egg Cookers,1.9,20,90+ sold recently,3-in-1 Avocado Slicer Shea Corer Butter Fruit Peeler Cutter Pulp Separator Plastic Knife Kitchen Vegetable Tools Home Accessory
589,Data Not Availabe,Link Not Available,#1 Best Sellers,in Environmental Appliances,1.7,15,Recently Not Sell,10pcs Long-Lasting Air Humidifier Filter Replacement Sponge For Home And Office Aroma Diffusers - Refreshing And Moisturizing Benefits
590,Data Not Availabe,Link Not Available,#6 Best Sellers,in Coffee & Tea Appliances,9.9,15,Recently Not Sell,"Electric Wine Opener, Battery Operated Wine Bottle Openers , One-Click Button Reusable Automatic Wine Corkscrew Remover For Wine Lovers Gift Home Kitchen Party Bar Wedding,Electric Wine Bottle Openers, Wine Electric Opener,Wine Opener Battery Operated To Best Gift For Friends (Black- Wine Bottle Openers)"
591,Data Not Availabe,Link Not Available,#6 Best Sellers,in Coffee & Tea Appliances,14.3,15,Recently Not Sell,Wireless Car Vacuum Cleaner
592,Data Not Availabe,Link Not Available,#6 Best Sellers,in Coffee & Tea Appliances,6.37,43,200+ sold recently,"Ultra-Long Endurance Portable Hanging Neck Fan - USB Charging, 5 Gear Leafless, Quiet, Rechargeable, Perfect For Kitchen, Outdoor, Office, And More - Great Boyfriend/Girlfriend Gif"
593,Data Not Availabe,Link Not Available,#6 Best Sellers,in Coffee & Tea Appliances,2.1,43,40+ sold recently,1pc Lemon Zester Grater Stainless Steel Peeler Kitchen Stuff Kitchen Accessories Kitchen Gadgets
594,Data Not Availabe,Link Not Available,#1 Best Sellers,in Handle Fans,6.4,4,Recently Not Sell,"1pc Portable Handheld Spray Fan,Low Noise Water Spray Mist Fan,Desktop Student Dormitory Mini Fan,Summer Supplies, Cooling Tools,Outdoor Travel Small Fan,USB Power Cor"
595,Data Not Availabe,Link Not Available,#7 Best Sellers,in Humidifier,2.17,32,Recently Not Sell,"1pc Portable Cool Mist Humidifier, 7-Color Light, And Auto Shut-Off - Perfect For Travel, Home, And Bedroom"
596,Data Not Availabe,Link Not Available,#7 Best Sellers,in Humidifier,3.2,32,10+ sold recently,1 Set Body Fat Caliper & Tape Measure - Handheld BMI Body Fat Measuring Device - 3D Measurements For Arms/Waist/Chest/Hips/Legs - Skin Fold Thickness Caliper For Measuring Men And Women Body F
597,Data Not Availabe,Link Not Available,#4 Best Sellers,in Styling Tools & Appliances,10.3,32,Recently Not Sell,"Electric Hair Straightening Brush, Hot Comb, Curling Comb, 2-In-1 Hair Straightening And Curling Comb For Wet And Dry Hair, Electric Curling Iron Comb, Hair Styling Tool, Gift For Home Dormitory And Salon Use."
598,Data Not Availabe,Link Not Available,#2 Best Sellers,in Coffee & Tea Appliances,4.0,32,Recently Not Sell,"1pc 2*AA Batteries Powerful Milk Frother Handheld Foam Maker For Lattes - Whisk Drink Mixer For Coffee, Mini Foamer For Cappuccino, Frappe, Matcha, Hot Chocolate,With Stand,Father's Day, Mother's Day, Christmas, Thanksgiving, Halloween, Valentine's Day Gifts"
599,Data Not Availabe,Link Not Available,#1 Best Sellers,in Car Electronics,21.0,32,Recently Not Sell,Au Wireless Pink Handheld Vacuum Cleaner With Strong Suction Power For Home And Car
600,Data Not Availabe,Link Not Available,#1 Best Sellers,in Car Electronics,9.6,32,40+ sold recently,1pc Refrigerator Storage Side Door Triple-Layer Auto-Pop-Up Egg Tray Holder For Hom
601,Data Not Availabe,Link Not Available,#1 Best Sellers,in Car Electronics,26.1,32,Recently Not Sell,1pc Mini USB Rechargeable Portable Outdoor Party Bar Gift Wine Opener For Grape And Red Wi
602,Data Not Availabe,Link Not Available,#1 Best Sellers,in Car Electronics,1.3,32,40+ sold recently,Elastic Hair Band Cutters Disposable Rubber Band Remover Hair Ties Removing Tool Styling Accessories Prevent Hair Pulling Scalp
603,Data Not Availabe,Link Not Available,#3 Best Sellers,in Electronic Beauty Instruments,3.2,32,Recently Not Sell,"Mini Facial Steamer, Portable Handheld USB Facial Humidifier,Cold Water Spray Hydrating Beauty Device For Face Hydrating, Skin Care, Makeup"
604,Data Not Availabe,Link Not Available,#9 Best Sellers,in Aroma Diffuser,12.6,32,Recently Not Sell,"1pc 500ml Pure White Color Usb Powered Aromatherapy Diffuser SQ5, Essential Oil Aroma Diffuser Designed With Auto Shut Off (When Water Run Out) And 7 Color Atmosphere Lights, Comes With A Remote Control, Suitable For Room, Office, Spa Aromatherapy Fragranc"
605,Data Not Availabe,Link Not Available,#4 Best Sellers,in Specialty Kitchen Appliances,1.9,32,Recently Not Sell,1pc Fish Scales Graters Scraper Fish Cleaning Tool Scraping Scales Device With Cover Home Kitchen Cooking Fish Tool Kitchen Tools
606,Data Not Availabe,Link Not Available,#7 Best Sellers,in Other Styling Tools,4.9,32,Recently Not Sell,Hair Dryer Cap Warm Air Drying Baked Oil Cap Household H
607,Data Not Availabe,Link Not Available,#5 Best Sellers,in Laundry Appliances,5.8,32,Recently Not Sell,"1pc Usb-Powered Lint Trimmer, Electric Sweater Shaver, Mini Portable Fabric Shaver For Daily Clothes Fuzz Removing"
608,Data Not Availabe,Link Not Available,#5 Best Sellers,in Laundry Appliances,13.0,32,200+ sold recently,"1pc Electric Wine Opener Set - Perfect For Parties And Wine Lovers – Kitchen Accessories Gift For Opening, Pouring And Preserving Wine, With All-In-One Functionality And Stylish Base For Easy Storage. Battery-Powered Opener Comes With Electric Corkscrew Drill, Foil Cutter, Wine Stopper For Home Gathering, Wedding, Or Father's Day Present. Quick And Fun Way To Open Wine Bottles While Keeping Your Wine Fresh And Preserved. Set Includes 4 Battery Powered Corkscrew Screws And Accessories Like Foil Cutter, Pour Spout And Vacuum Seal, All In Sleek Black Design."
609,Data Not Availabe,Link Not Available,#2 Best Sellers,in Women Shave & Hair Removal Appliances,2.07,10,Recently Not Sell,"Electric Nose Hair Trimmer & Shaver For Men & Women, Ear, Neck & Eyebrow Trimming, Hair Clean Shaving, Grooming Kit 4-In-1 Electric Razor"
610,Data Not Availabe,Link Not Available,#2 Best Sellers,in Women Shave & Hair Removal Appliances,4.7,10,100+ sold recently,Knife Sharpener 4 Stages Professional Kitchen Sharpening Stone Grinder Knives Whetstone Tungsten Diamond Ceramic Sharpener Tool
611,Data Not Availabe,Link Not Available,#2 Best Sellers,in Women Shave & Hair Removal Appliances,69.8,10,Recently Not Sell,"Oral B Pro4000 3D Clean Rechargeable Electric Toothbrush, 1 Handle+1 Power Source+2 Brush Heads, Round Brush Head, 4 Brushing Modes, Pressure Sensor, IPX7 Waterproof, Couple Toothbrush, Gift For Boyfriend, Girlfri"
612,Data Not Availabe,Link Not Available,#2 Best Sellers,in Women Shave & Hair Removal Appliances,2.84,14,10+ sold recently,"1pc/Set, Cleaning Scraper, Multipurpose Scraper With Blade, Paint Scraper, Oil Dirt Cleaner, Kitchen Cleaner For Ceramic Induction Cooktops, Cleaning Tool, Cleaning Supplies, Ready For School, Apartment Essentials"
613,Data Not Availabe,Link Not Available,#2 Best Sellers,in Women Shave & Hair Removal Appliances,6.2,9,800+ sold recently,Portable Household Travel Lint Remover With Rechargeable Lithium Battery Portable Fabric Shaver For Clothes And Furniture Adapter Or Sweater Shaver Removing Fleece Fuzz
614,Data Not Availabe,Link Not Available,#4 Best Sellers,in Cleaning Appliance Parts,4.0,9,Recently Not Sell,"1pc Ultifunctional Glass Wiper With Watering Can - Perfect ForCleaning Mirrors, Windows, And Cars - Includes Bathroom Accessories"
615,Data Not Availabe,Link Not Available,#1 Best Sellers,in Hot Tea Makers,6.9,9,Recently Not Sell,1 Cup Warmer to Keep Drinks Warm Non-Slip Safe Winter Electric Heated Coasters Office Cup Warmer Keeps your coffee and tea warm all day long!
616,Data Not Availabe,Link Not Available,#2 Best Sellers,in Environmental Appliances,6.0,9,Recently Not Sell,"200ml Portable Mini Colorful Air Humidifier With Ultrasonic Cool Mist, Family Mist Spray Device For Bedroom, Car, Office - Super Quiet (Plug-In Type)"
617,Data Not Availabe,Link Not Available,#1 Best Sellers,in Electric Nose & Ear Trimmers,4.2,9,Recently Not Sell,Ear And Nose Hair Trimmer For Men Rechargeable USB Electric Nose Hair Trimmer For Men Painless Eyebrow Facial Hair Removal Nose Clipper
618,Data Not Availabe,Link Not Available,#10 Best Sellers,in Other Styling Tools,2.6,9,Recently Not Sell,DIY Hairdressing Cloak Umbrella Cloak  Shaving Cover Hairdressing Apron Household Cleaning Protectiv
619,Data Not Availabe,Link Not Available,#10 Best Sellers,in Other Styling Tools,9.2,3,20+ sold recently,"Men's Body Trimmer, Electric Shaver, Electric Inguinal And Pubic Hair Trimmer, Ceramic Blade Male Hygiene Shaver Trimmer, Full Body Beauty"
620,Data Not Availabe,Link Not Available,#10 Best Sellers,in Other Styling Tools,7.5,3,300+ sold recently,Pore Blackhead Cleaner S
621,Data Not Availabe,Link Not Available,#10 Best Sellers,in Other Styling Tools,219.99,70,Recently Not Sell,"Auertech 1.5 Cu.Ft Portable Clothes Dryer, 850W Compact Laundry Dryers Front Load Electric Dryers Machine With Stainless Steel Tub LCD Display"
622,Data Not Availabe,Link Not Available,#4 Best Sellers,in Juicer Machines,12.7,4,Recently Not Sell,"1pc 400ml Wireless Portable Electric Juicer, USB C Rechargeable Mini Fruit Juicer With 6 Blades And Dual Cup, Multi-Functional Juice Cup Blender Mixer, Perfect For Vegetables, Fruits, And Milkshakes"
623,Data Not Availabe,Link Not Available,#4 Best Sellers,in Juicer Machines,2.4,4,100+ sold recently,"1pc Stainless Steel Long Handle Egg Separator, Yolk & White Separator With Filter"
624,Data Not Availabe,Link Not Available,#4 Best Sellers,in Juicer Machines,3.4,6,500+ sold recently,"Lint Remover, Mini Fabric Shaver, Portable Fabric Defuzzer For Clothes And Furniture Adapter Or Sweater Shaver Removing Fleece Fuzz"
625,Data Not Availabe,Link Not Available,#4 Best Sellers,in Juicer Machines,1.9,6,300+ sold recently,"1pc Stainless Steel Egg Whisk, Daily Silver Long Handle Egg Beater For Kitch"
626,Data Not Availabe,Link Not Available,#1 Best Sellers,in Other Body Care Machines,4.6,6,Recently Not Sell,"1pc Micro-Vibration Face Lifting & Firming Massager, Portable Dolphin Tail Shaped Beauty Device For Facial And Neck, Home And Professional Us"
627,Data Not Availabe,Link Not Available,#3 Best Sellers,in Humidifier,3.1,6,Recently Not Sell,"1pc Usb-powered 220ml Mini Droplet-shaped Portable Air Humidifier & Essential Oil Diffuser, Car & Home Use, Suitable For Office & Hom"
628,Data Not Availabe,Link Not Available,#4 Best Sellers,in Kitchen Timers,2.1,6,Recently Not Sell,1pc Mini Egg Timer
629,Data Not Availabe,Link Not Available,#4 Best Sellers,in Kitchen Timers,2.5,6,1.0k+ sold recently,"1pc Mini Eggshell Nail Lamp, Professional Curing UV/LED Phototherapy Glue, Nail Polish Glue, USB Power Supply, Compact And Portable, Ready For Manicure At Any Tim"
630,Data Not Availabe,Link Not Available,#3 Best Sellers,in Ultrasonic Cleaners,5.03,48,Recently Not Sell,1pc Multi-Functional Makeup Brush Cleaning Tool With Automatic Electric Desig
631,Data Not Availabe,Link Not Available,#3 Best Sellers,in Ultrasonic Cleaners,108.8,48,Recently Not Sell,"Twin-Spiral Slow Juicer Matte Black Juicer With 5.1"" Wide Feeding Chute Cold Press Juicer For Vegetables And Fruits With Brush For Easy Cleaning Fruit Juice Cap And Coarse Filter Press Tofu Includes Two Juice Cups"
632,Data Not Availabe,Link Not Available,#4 Best Sellers,in Electric Nose & Ear Trimmers,3.2,48,Recently Not Sell,1pc Portable Electric Nose Hair Trimmer
633,Data Not Availabe,Link Not Available,#4 Best Sellers,in Other Body Care Machines,3.6,48,Recently Not Sell,Women Hair Removal Epilator Mini Facial Hair Remover Spring Threading Face Defeatherer For Cheeks Eyebrow DIY Makeup Beauty Tool
634,Data Not Availabe,Link Not Available,#4 Best Sellers,in Other Body Care Machines,4.0,48,70+ sold recently,"Stainless Steel Dumpling Maker Press, Easy-tool For Dumpling Wrapper Dough Stamp Cutter Pastry Pie Making"
635,Data Not Availabe,Link Not Available,#8 Best Sellers,in Massage Tools & Equipment,13.8,48,Recently Not Sell,"1PC Portable Electric Waist Massager for Abdominal Fitness Training - For Waist, Arms, Hips, Legs and Total Body Exercis"
636,Data Not Availabe,Link Not Available,#8 Best Sellers,in Massage Tools & Equipment,3.6,10,200+ sold recently,"Electric Eyebrow Trimmer Personal Trimmer & Detailer For Hygienic Grooming For Women, Rechargeable Hair Cutting Shaver With Charging Functio"
637,Data Not Availabe,Link Not Available,#7 Best Sellers,in Electronic Foot Files,7.2,10,Recently Not Sell,1pc UV LED Nail Lamp Dryer For Manicure Gel Lamps Set Sun Light Drying Curing Nails Varnish Polish Hybrid Machi
638,Data Not Availabe,Link Not Available,#7 Best Sellers,in Electronic Foot Files,7.6,10,1.0k+ sold recently,1pc UV LED Nail Lamp Dryer For Manicure Gel Lamps Set Sun Light Drying Curing Nails Varnish Polish Hybrid Machi
639,Data Not Availabe,Link Not Available,#7 Best Sellers,in Electronic Foot Files,1.3,10,400+ sold recently,1pc UV LED Nail Lamp Dryer For Manicure Gel Lamps Set Sun Light Drying Curing Nails Varnish Polish Hybrid Machi
640,Data Not Availabe,Link Not Available,#7 Best Sellers,in Electronic Foot Files,2.3,10,100+ sold recently,1pc Letter Graphic Egg Timer
641,Data Not Availabe,Link Not Available,#7 Best Sellers,in Electronic Foot Files,42.2,10,Recently Not Sell,KM-1763 Kemei/KEMEI New USB Fast Charging Adjustable Knife Head Electric Pusher LED Digital Display
642,Data Not Availabe,Link Not Available,#7 Best Sellers,in Electronic Foot Files,1.1,10,1.0k+ sold recently,"Stem Egg Separator, White and Yolk Filter, Kitchen Baking Separator Tool"
643,Data Not Availabe,Link Not Available,#8 Best Sellers,in Egg Cookers,2.0,10,Recently Not Sell,"1PC, Cute egg timer, Hard and soft Egg timer, Color-changing egg timer, with sensitive indicator, Kawaii Egg timer, watch egg ripener egg peeler, Home kitchen Egg timer, kitchen gadgets, RV gadgets, reusable, Christmas gif"
644,Data Not Availabe,Link Not Available,#6 Best Sellers,in Cleaning Appliance Parts,1.9,10,Recently Not Sell,"2pc V-Shaped Toilet Brush, Small Toilet Brush, No Dead Corner Cleaning Brush, The Household Bathroom Artifact, Can Turn The Toilet Elbow To Hang On The Wall"
645,Data Not Availabe,Link Not Available,#9 Best Sellers,in Massage Tools & Equipment,11.44,20,Recently Not Sell,"1 Pc Rechargeable Menstrual Heating Pad, Cycle Cordless Heating Pad For Cramps, Hot Massage Stomach Heating Pad With 3-Speed Temperature Adjustment And 4-Speed Massage Modes, Portable Electric Heating Belly Wrap Belt For Women And Girls' Gif"
646,Data Not Availabe,Link Not Available,#9 Best Sellers,in Egg Cookers,1.8,20,Recently Not Sell,"1pc Stainless Steel Egg Separator, Yolk White Divider, Egg Yolk Separator Tool, Kitchen Tool"
647,Data Not Availabe,Link Not Available,#9 Best Sellers,in Egg Cookers,3.25,52,1.4k+ sold recently,Portable Rechargeable Handheld Misting Fan - Battery Operated Mini Face Steamer For Travel & Outdoors(Long Press The Power Switch Is Required To Start The Fan)
648,Data Not Availabe,Link Not Available,#9 Best Sellers,in Egg Cookers,8.1,52,7.0k+ sold recently,1 Rechargeable 1800 MAh Portable Handheld Mini Fan N15 Five Wind Mute Foldable Suitable For Outing Play Desktop Office Us
649,Data Not Availabe,Link Not Available,#9 Best Sellers,in Egg Cookers,9.7,52,300+ sold recently,"1pc+Rechargeable+2000mAh+Portable Mini Fan For Outdoor Use In Summer, 3 Wind Speeds Adjustable, Compact & Delicate, Multi-Scenario Usages, Can Be Hung On Neck & Waist Or Put On Desktop"
650,Data Not Availabe,Link Not Available,#6 Best Sellers,in Environmental Appliances,2.9,52,Recently Not Sell,"Water Drop Shaped Mini Humidifier For Home/Office/Car/Desk/Dormitory, Cute Design, Quiet Operatio"
651,Data Not Availabe,Link Not Available,#6 Best Sellers,in Environmental Appliances,28.5,52,Recently Not Sell,"1pc High-Quality Silver Aluminum Alloy Electric Wine Opener For Charging, Portable Outdoor Party Gif"
652,Data Not Availabe,Link Not Available,#6 Best Sellers,in Environmental Appliances,5.2,13,500+ sold recently,"1pc Colorful 300ml Ultrasonic Humidifier-Usb Powered-Aromatherapy Essential Oil Diffuser For Room, Office, Desk, Home, Car -Air Purifier And Back-To-School Supplies"
653,Data Not Availabe,Link Not Available,#3 Best Sellers,in Meat & Poultry Tools,4.8,13,Recently Not Sell,"1pc Manual Chicken Shredder And Beef Mincer - Reusable And Washable Kitchen Gadget, Can Quickly Shred Chicken Breast, Vegetable Slicer, Potato Masher, Minced Meat Separator"
654,Data Not Availabe,Link Not Available,#2 Best Sellers,in Power Toothbrushes,6.7,3,Recently Not Sell,"Usb Rechargeable 6-Mode Electric Toothbrush, Sonic Automatic Toothbrush For Adult, With 4/8 Soft Brush Heads, Ideal Choice For Whitening Oral Health & Sensitive Gums, Waterproof Toothbrush For Home Travel, Gift Idea For Men And Wom"
655,Data Not Availabe,Link Not Available,#8 Best Sellers,in Household Appliances,3.57,6,Recently Not Sell,1pc Handheld Rechargeable Portable Mini Fan With 400mah Lithium Battery
656,Data Not Availabe,Link Not Available,#1 Best Sellers,in Kitchen Timers,2.8,6,Recently Not Sell,1pc Color Changing Egg Timer - Accurately Measure Hard And Soft Boiled Eggs With Sensitive Indicator
657,Data Not Availabe,Link Not Available,#1 Best Sellers,in Kitchen Timers,8.4,6,100+ sold recently,"1pc Usb Rechargeable Handheld Electric Milk Frother & Egg Beater With 2 Stainless Steel Attachments, 3 Speeds, Perfect For Coffee, Matcha Latte, Cappuccino And Hot Chocol"
658,Data Not Availabe,Link Not Available,#1 Best Sellers,in Kitchen Timers,1.1,6,Recently Not Sell,"Odor Neutralizing Balls - Fresh Scents For Shoes, Gym Bags & Lockers - Multi-Use Air Freshener For Home, Office, Car"
659,Data Not Availabe,Link Not Available,#2 Best Sellers,in Vacuum Food Sealers,1.27,25,Recently Not Sell,"5pcs Universal Food Clip, Stylish And Practical Household Sealing Clip, Keeping Purchased Products Fresh And Organized, Snack Bag Sealing Machine, Kitchen Tool"
660,Data Not Availabe,Link Not Available,#2 Best Sellers,in Vacuum Food Sealers,7.49,38,600+ sold recently,"Teckwe Car Vacuum Cleaner,Wireless Handheld Household Car Vacuum Cleaner,Mini Dust Blower For Home & Auto,Strong Suction & Rechargeable 12000Pa Including 6 Accessories"
661,Data Not Availabe,Link Not Available,#2 Best Sellers,in Vacuum Food Sealers,58.1,38,Recently Not Sell,Original Kemei Kits De Combinação De Metal Completo Aparador Cabelo Para Homens Barbeiro Profissional Máquina Cortar Cabelo Barba Elétrica Máquina Corte Cabelo
662,Data Not Availabe,Link Not Available,#1 Best Sellers,in Digital Kitchen Scales,8.1,38,Recently Not Sell,"1 Piece Small Stainless Steel Digital Kitchen Scale, 3000g, Multifunctional Pocket Cooking Scale, Mini Food Scale, Professional Electronic Jewelry Scale, With Backlit LCD Display, Tare And PCS Function, Stainless Steel (Battery Excluded)"
663,Data Not Availabe,Link Not Available,#1 Best Sellers,in Digital Kitchen Scales,7.4,15,300+ sold recently,"1 Portable Handheld Fan With LED Power Display Screen, Mini Handheld Fan, USB Charging Mini Pocket Handheld Fan, 90 ° Folding Electric Small Fan, Powerful Personal Handheld Fan, Suitable For Travel, Camping, Outdoor Office, And Hom"
664,Data Not Availabe,Link Not Available,#1 Best Sellers,in Digital Kitchen Scales,2.5,15,20+ sold recently,"Portable Mini Battery Operated Milk Frother - Handheld Blender and Foam Maker for Coffee, Cappuccino, Latte, Matcha, Hot Chocolate - Stainless Steel Whisk - Easy to Use and Travel-Friendly"
665,Data Not Availabe,Link Not Available,#9 Best Sellers,in Egg Tools,1.8,15,Recently Not Sell,"1pc Small And Large Size 2-in-1 Egg Slicer For Peeling And Cutting Eggs, And Chees"
666,Data Not Availabe,Link Not Available,#9 Best Sellers,in Egg Tools,2.4,15,200+ sold recently,"1pc Stainless Steel Kitchen Tool, Egg Slicer, Egg Cutter"
667,Data Not Availabe,Link Not Available,#9 Best Sellers,in Egg Tools,2.5,15,100+ sold recently,1pc Egg Shaped Egg Timer
668,Data Not Availabe,Link Not Available,#9 Best Sellers,in Egg Tools,3.1,15,100+ sold recently,"1pc Stainless Steel Egg Slicer, White 2 In 1 Egg Cutter For Kitch"
669,Data Not Availabe,Link Not Available,#9 Best Sellers,in Egg Tools,2.1,25,100+ sold recently,SHEIN Basic living 1pc Hand Press Whisk
670,Data Not Availabe,Link Not Available,#9 Best Sellers,in Egg Tools,5.45,21,200+ sold recently,"1pc Home Mini Kitchen Electronic Scale High Precision Baking, Medicinal Materials, Liquid Scale Table, Electronic Scal"
671,Data Not Availabe,Link Not Available,#9 Best Sellers,in Egg Tools,32.7,21,Recently Not Sell,Kemei Rechargeable Electric Hair Clipper	KM-1998  Fast Charging Long Time Working Metal Casing Salonprofessional Trimmer
672,Data Not Availabe,Link Not Available,#4 Best Sellers,in Kitchen Meat Grinders,6.4,21,Recently Not Sell,"1pc Hand-Operated Meat Grinder Multi-Functional Garlic Masher, Vegetable Chopper, Fruit Crusher, Kitchen Tool, Apartment Essential"
673,Data Not Availabe,Link Not Available,#10 Best Sellers,in Laundry Appliances,7.86,14,Recently Not Sell,"1 Piece Clothes Ball Remover, Rechargeable Ball Remover, Lint Trimmer Razor, Hair Ball Shaving Machine, Clothes Ball Remover"
674,Data Not Availabe,Link Not Available,#2 Best Sellers,in Kitchen Timers,2.9,14,Recently Not Sell,Timer Children Student Special Portable Visual Time Management Electronic Stopwatch Timer Kitchen Timer Reminder
675,Data Not Availabe,Link Not Available,#4 Best Sellers,in Coffee & Tea Appliances,3.9,14,Recently Not Sell,"Stainless Steel Handheld Milk Frother For Coffee, Cappuccino, And Chocolate - Perfect For Latte, Cream, And Foam Making No Battery"
676,Data Not Availabe,Link Not Available,#8 Best Sellers,in Digital Kitchen Scales,6.3,14,Recently Not Sell,Digital Luggage Scale Electronic Portable Suitcase Travel Weighs With Back Light Electronic Travel Hanging Scales
677,Data Not Availabe,Link Not Available,#8 Best Sellers,in Digital Kitchen Scales,2.7,14,200+ sold recently,"1pc Stainless Steel Eggshell Cutter, Silver Egg Topper For Kitch"
678,Data Not Availabe,Link Not Available,#8 Best Sellers,in Digital Kitchen Scales,8.2,2,300+ sold recently,"One Rechargeable Bladeless Neck Hanging Fan, Portable Mini Fan Usb Charging And Foldabl"
679,Data Not Availabe,Link Not Available,#1 Best Sellers,in Electric Space Heater,13.8,2,Recently Not Sell,"1pc Rechargeable Warm Palace Pad With 3 Heating Levels & 4 Vibration Modes,keep Warm & Relieve Menstrual Cramps,great For Girlfriend Or Mother's Day Gif"
680,Data Not Availabe,Link Not Available,#3 Best Sellers,in Kitchen Meat Grinders,4.7,2,Recently Not Sell,1pc Handheld Meat Chopper Grinder Mixer Shovel For Rice Stirring & Meat Mashing
681,Data Not Availabe,Link Not Available,#3 Best Sellers,in Kitchen Meat Grinders,42.7,2,Recently Not Sell,1pc Rechargeable S2508 Electric Shaver Three-Dimensional Floating Cutterhead 1 Hour Fast Charging 50-Minute Battery Lif
682,Data Not Availabe,Link Not Available,#3 Best Sellers,in Kitchen Meat Grinders,6.2,2,100+ sold recently,"1pc Nail Lamp, UV LED Nail Dryer Light 18pcs Nail Lamp Beads Portable Professional Curing Lamp For Gel Nails Polish 3 Timers Nail Art Tools Auto Sensor USB Plug"
683,Data Not Availabe,Link Not Available,#3 Best Sellers,in Kitchen Meat Grinders,2.9,2,40+ sold recently,1pc Stainless Steel Egg Divider
684,Data Not Availabe,Link Not Available,#9 Best Sellers,in Women Shave & Hair Removal Appliances,2.79,10,Recently Not Sell,"1pc Battery-Operated Electric Brow Shaver, Women's Eyebrow Trimmer, Nose Hair Clippers, Remover, Multi-Functional Body Hair Shaver, Depilatory Pen, Lipstick Shape, For Trimming Eyebrows And Facial Hair Razor"
685,Data Not Availabe,Link Not Available,#9 Best Sellers,in Women Shave & Hair Removal Appliances,10.5,10,30+ sold recently,"1pc Electric Heated Shoulder Massager With Heat Function For Neck & Joint Pain Relief, Winter"
686,Data Not Availabe,Link Not Available,#9 Best Sellers,in Women Shave & Hair Removal Appliances,2.59,35,70+ sold recently,"Teckwe Ear & Nose Hair Trimmer Clipper,Electric Nose Hair Trimmer,Battery-Operated Trimmer & Waterproof,Painless Eyebrow & Facial Hair Trimmer For Men Wom"
687,Data Not Availabe,Link Not Available,#5 Best Sellers,in Epilators,5.9,35,Recently Not Sell,Electric Shaver For Women Electric Razor For Womens Bikini Legs Underarm Public Hairs Portable Trimmer With Detachable Head Cordless Wet Dry Us
688,Data Not Availabe,Link Not Available,#5 Best Sellers,in Epilators,9.63,10,10+ sold recently,"1pc Rechargeable Fashionable Neck Hanging Fan, Silent And Long-Lasting Waist Hanging Fan, Adjustable Wind Speed In 3 Gears,With Neck Rop"
689,Data Not Availabe,Link Not Available,#5 Best Sellers,in Epilators,1.62,68,1.2k+ sold recently,"Silently Cool The Air Anywhere: Portable, Durable Mini Fan With High Performance USB Rechargeable Battery - Your Convenient Cool Companio"
690,Data Not Availabe,Link Not Available,#4 Best Sellers,in Water Treatment Appliances,9.1,68,Recently Not Sell,"Water dispenser portable water bottle pump is applicable to universal 3, 4 and 5 gallon with USB charging and automatic shutdown switch"
691,Data Not Availabe,Link Not Available,#4 Best Sellers,in Water Treatment Appliances,12.3,68,Recently Not Sell,"1pc  Battery-Powered Electric Toothbrush, Includes AA Battery, Cartoon Waterproof Soft Toothbrush, Specially Designed For Children's Teeth, Ideal Gift For Girls And Boys"
692,Data Not Availabe,Link Not Available,#4 Best Sellers,in Water Treatment Appliances,2.9,68,200+ sold recently,Mini Portable Pocket Facial Spray Usb Nano Misting Humidifier Oem Face Steamer Ionic Abs Charging
693,Data Not Availabe,Link Not Available,#4 Best Sellers,in Water Treatment Appliances,3.28,9,5.1k+ sold recently,Stay Cool On-The-Go: 1pc Portable USB Mini F
694,Data Not Availabe,Link Not Available,#1 Best Sellers,in Other Styling Tools,3.0,9,Recently Not Sell,"1pc Rib Shaped Comb, Large Curved Comb, Hair Styling Comb For Women With Curly & Straight Hair, Hair Massage Comb And Fluffy Hair Comb"
695,Data Not Availabe,Link Not Available,#4 Best Sellers,in Car Electronics,18.1,9,Recently Not Sell,"Car & Home Wired Vacuum Cleaner, Handheld Mini Dust Remover With Powerful Suction And Crevice Tool"
696,Data Not Availabe,Link Not Available,#3 Best Sellers,in Kitchen Timers,2.4,9,Recently Not Sell,"1pc Kitchen Electronic Learning Timer, Multifunctional Count Up & Count Down Timer, Reminder For Baking, Electronic Timer"
697,Data Not Availabe,Link Not Available,#3 Best Sellers,in Kitchen Timers,8.6,9,200+ sold recently,1pc Portable Neck F
698,Data Not Availabe,Link Not Available,#7 Best Sellers,in Women Electric Shavers,10.1,4,Recently Not Sell,"Electric Razor Foe Women, 4 In 1 Womens Shaver For Pubic Hair Wet & Dry Cordless Hair Remover For Eyebrow, Nose, Face, Legs, Underarms Portable Bikini Trimmer Rechargeable For Lady Hair Shaving, Hair Removal Set, Usb Rechargeable, Including Eyebrow Trimmer, Suitable For All Body Parts"
699,Data Not Availabe,Link Not Available,#7 Best Sellers,in Women Electric Shavers,2.3,4,10+ sold recently,"Wet & Dry Gentle Detangling Hair Brush With Scalp-Massaging Bristles For Healthy, Shiny Hair"
700,Data Not Availabe,Link Not Available,#7 Best Sellers,in Women Electric Shavers,2.9,4,700+ sold recently,"1pc Nano Facial Steamer, Handy Mini Mister, USB Rechargeable Mist Sprayer, 30ml Visual Water Tank Moisturizing&Hydrating For Face, Daily Makeup, Skin Care, Eyelash Extensions"
701,Data Not Availabe,Link Not Available,#7 Best Sellers,in Women Electric Shavers,329.9,34,Recently Not Sell,"Smart Function WiFi Portable AC with Remote Control - Cooling Only, UL Certified - Choose from DOE 10000 BTU - Compatible with Alexa Voice Control"
702,Data Not Availabe,Link Not Available,#1 Best Sellers,in Oral Care Appliances,6.2,34,Recently Not Sell,1pc Rechargeable Electric Toothbrush With 6 Adjustable Modes And 4 Brush Heads
703,Data Not Availabe,Link Not Available,#2 Best Sellers,in Kitchen Meat Grinders,14.6,34,Recently Not Sell,"1-Pack Chicken Chopper Meat Chopper Tool Swivel With Clear Cover, Ergonomic Handle And Non-Slip Base. Suitable For Pulled Pork, Beef, Chicken, Salads,"
704,Data Not Availabe,Link Not Available,#2 Best Sellers,in Kitchen Meat Grinders,1.48,51,100+ sold recently,Multifunctional Wooden Hand Massager With Acupressure Points And Pure Wooden Massage Roller
705,Data Not Availabe,Link Not Available,#2 Best Sellers,in Kitchen Meat Grinders,17.09,72,100+ sold recently,"KIPOZI Teeth Whitening Kit, LED Teeth Whitening Light With 6 X 3ml Carbamide Peroxide Teeth Whitening Gel, Included 2 Mouth Trays & Tray Case And Brush, Safe Enamel, Fast And Gentle Teeth Whitening"
706,Data Not Availabe,Link Not Available,#2 Best Sellers,in Kitchen Meat Grinders,1.7,72,200+ sold recently,"1pc White Egg Whisk, Simple White Silicone Egg Beater For Kitch"
707,Data Not Availabe,Link Not Available,#2 Best Sellers,in Kitchen Meat Grinders,16.7,72,70+ sold recently,"1pc Cross-Border Smart Remote Controlled Led Ceiling Fan Light With Aromatherapy And Fan Functions, 30"
708,Data Not Availabe,Link Not Available,#1 Best Sellers,in Electronic Beauty Instruments,15.5,72,Recently Not Sell,"Gua Sha Facial Tools,Remove Puffiness, Anti-Wrinkle,Anti-Aging, Electric Gua Sha Skin Beautifying Scraping Massage Tool, Heated Vibration Facial Massage Devic"
709,Data Not Availabe,Link Not Available,#1 Best Sellers,in Electronic Beauty Instruments,10.5,72,40+ sold recently,Portable Juicer Cup With Safety Lock - Suitable For Students And Sports Enthusiasts - Multifunctional And Rechargeabl
710,Data Not Availabe,Link Not Available,#1 Best Sellers,in Electronic Beauty Instruments,6.25,40,100+ sold recently,USB 3-Head Electric Mixer Charging Egg Beater Portable Cream Frother Milk Coffee Whisk Kitchen & Home Tools
711,Data Not Availabe,Link Not Available,#1 Best Sellers,in Electronic Beauty Instruments,28.2,40,Recently Not Sell,HD11 Electric Shaver
712,Data Not Availabe,Link Not Available,#1 Best Sellers,in Electronic Beauty Instruments,8.4,7,100+ sold recently,"1pc Rechargeable 1800mah Battery Digital Display Mini Portable Fan, Foldable Desktop/Handheld/Neck-Hanging Fan, 5-Speed, 5-Blade, Qui"
713,Data Not Availabe,Link Not Available,#1 Best Sellers,in Electric Hair Brushes,9.7,7,Recently Not Sell,"Electric Straightening Brush, Hair Straightener Brush For All Hair Types, Hot Pressing Comb, Curling Comb, Wet And Dry Straightening Brush, Suitable For Beard Straightening And Hair Styling"
714,Data Not Availabe,Link Not Available,#3 Best Sellers,in Hand Blenders,3.33,59,Recently Not Sell,"1pc Portable USB-Charged Electric Milk Frother: Handheld, 3-Speed6000 RPM With 2 Whisks-Compact Coffee Foamer"
715,Data Not Availabe,Link Not Available,#3 Best Sellers,in Hand Blenders,1.74,52,10k+ sold recently,1pc Usb Charging Hair Trimmer With Data Cabl
716,Data Not Availabe,Link Not Available,#3 Best Sellers,in Hand Blenders,4.7,52,400+ sold recently,"2pcs/set Non-stick Egg Frying Pan, Stainless Steel Egg Ring, Round Cooking Mold, Plastic Egg Shaper, Pancake Ring Maker For Home Breakfast Cooking Tools"
717,Data Not Availabe,Link Not Available,#3 Best Sellers,in Hand Blenders,2.4,52,100+ sold recently,1pc Egg Poacher  Microwave Egg Steamer  Round Shape Plastic Egg Omelette Tools  Kitchen Supplies  DIY Egg Tool Baking Tool
718,Data Not Availabe,Link Not Available,#1 Best Sellers,in Electric Eyebrow Trimmer,2.9,52,Recently Not Sell,1pc ABS Portable Electric Eyebrow Trimmer
719,Data Not Availabe,Link Not Available,#1 Best Sellers,in Electric Eyebrow Trimmer,1.6,52,90+ sold recently,"Soft Silicone Massage Shampoo Brush, 1pc Multicolor Manual Head Massager Bath Use Scalp Massager, Hair Brush/Hair Comb Black Friday"
720,Data Not Availabe,Link Not Available,#4 Best Sellers,in Hair Styling Care Appliances,9.12,35,Recently Not Sell,"Teckwe Hot Comb Straightener,Multi-Functional Hair Styling Tool For Family Daily Use,Quick And Easy,Copper Hair Straightening Comb For American African Hair,Ceramic Electric Hot Comb For Women Hair - US Plug"
721,Data Not Availabe,Link Not Available,#4 Best Sellers,in Hair Styling Care Appliances,9.3,19,Recently Not Sell,"Home Personal Care Electronic LCD Digital Arm Blood Pressure Monitor, Electronic Blood Pressure Monitor, Large Screen Arm English Blood Pressure Measurement, Essential For Home Testing(Product Does Not Contain Batteries)"
722,Data Not Availabe,Link Not Available,#2 Best Sellers,in Cleaning Appliances,8.5,19,Recently Not Sell,"Rechargeble Handheld Wireless Vacuum Cleaner, 1200mAH Battery, USB Charging, Reusable Filter Cartridge, For Car Cleaning"
723,Data Not Availabe,Link Not Available,#2 Best Sellers,in Cleaning Appliances,8.63,25,50+ sold recently,"1pc Portable Neck Fan, Hands Free Bladeless Fan, Leafless, Rechargeable, Headphone Design, USB Powered Desk Fan,3 Speeds"
724,Data Not Availabe,Link Not Available,#2 Best Sellers,in Cleaning Appliances,2.7,25,300+ sold recently,1pc Geometric Shaped Silicone Egg Ring
725,Data Not Availabe,Link Not Available,#1 Best Sellers,in Electric Cleaning Brushes,8.8,25,Recently Not Sell,"1pc White Multifunctional Electric Cleaning Brush, Portable Wireless Powerful Cleaning Brush, Replaceable Brush Head Handheld Electric Cleaning Brush, Suitable For Kitchen, Bathroom"
726,Data Not Availabe,Link Not Available,#1 Best Sellers,in Electric Cleaning Brushes,2.1,25,200+ sold recently,"1pc White Multifunctional Electric Cleaning Brush, Portable Wireless Powerful Cleaning Brush, Replaceable Brush Head Handheld Electric Cleaning Brush, Suitable For Kitchen, Bathroom"
727,Data Not Availabe,Link Not Available,#8 Best Sellers,in Milk Frothers,8.5,25,Recently Not Sell,"3pcs Household Stainless Steel Milk Frother Mixer Set, Including A Body, A Mixing Head, A Whisk Head And A Stand To Meet Different Needs"
728,Data Not Availabe,Link Not Available,#8 Best Sellers,in Milk Frothers,5.3,25,2.2k+ sold recently,"Chicken Chopper With Handle, Meat Chopper For Shredding Pork, Beef And Chicken, 1pc. Chicken Chopper Tool For Dicing And Shredding Chicken Breast, Chicken Stripper Tool"
729,Data Not Availabe,Link Not Available,#8 Best Sellers,in Milk Frothers,6.7,4,100+ sold recently,"4 In 1 Facial Electric Shaver For Women, Full Body Epilator Rechargeable Eyebrow Nose Bikini Hair Trimmer"
730,Data Not Availabe,Link Not Available,#8 Best Sellers,in Milk Frothers,5.7,19,800+ sold recently,Mini USB Fan Portable Fans Metal Cooler Cooling 4 Blades Desktop Mute Fans Silent Universal For Car Notebook Computer Desk F
731,Data Not Availabe,Link Not Available,#8 Best Sellers,in Milk Frothers,23.2,19,Recently Not Sell,KEmei Shaver KM-8512 Double-Layer Reciprocating Full Body Washing LED LCD Digital Display Electric Shaver
732,Data Not Availabe,Link Not Available,#8 Best Sellers,in Milk Frothers,3.7,19,Recently Not Sell,Mini Handheld Fan Battery Operated Small Personal Portable Fan Speed Adjustable USB Rechargeable Fan Cute Design Powerful Eyelash Fan For Home Office Car Outdoor Travel
733,Data Not Availabe,Link Not Available,#4 Best Sellers,in Hair Straightening Irons,9.5,3,Recently Not Sell,2-In-1 Hair Straightener And Curler Comb Hair Straightener Curling Iron Hot Tools Curling Iron Heated Styling Iron Brush Gift For Women Travel Home Salo
734,Data Not Availabe,Link Not Available,#4 Best Sellers,in Hair Straightening Irons,23.1,3,50+ sold recently,"800ml Anti-Gravity Humidifier With Reverse Water Dropping For Office, Home, Bedroom, Silent Large Mist Small Spray Humidifier"
735,Data Not Availabe,Link Not Available,#4 Best Sellers,in Epilators,12.3,3,Recently Not Sell,"Portable 4-in-1 Women's Electric Shaver For Shaping Eyebrows, Removing Hair From Temple, Underarm And Legs With Usb Charging"
736,Data Not Availabe,Link Not Available,#4 Best Sellers,in Epilators,9.4,3,100+ sold recently,"1PC Portable Wireless Handheld Car Vacuum Cleaner, Mini, For Home And Car Us"
737,Data Not Availabe,Link Not Available,#7 Best Sellers,in Dehumidifiers,3.9,3,Recently Not Sell,"1pc/4pcs/6pcs Portable Hanging Humidity Box Set Combination, Moisture-Proof Bag Moisture-Proof Box Set, Effectively Absorb Excess Moisture, Wardrobe Dehumidification And Deodorization, Suitable For Closets, Wardrobes, Bedrooms"
738,Data Not Availabe,Link Not Available,#9 Best Sellers,in Kitchen Appliances,14.8,3,Recently Not Sell,"1pc Ice Shaver And Snow Cone Machine, Portable Ice Crusher And Shaved Ice Machine With Free Ice Cube Trays,"
739,Data Not Availabe,Link Not Available,#9 Best Sellers,in Kitchen Appliances,10.9,5,10+ sold recently,"1pc Stainless Steel Kitchen Electronic Scale, 22lb/10kg Electric Digital Food Scale, 1g/0.04oz High Precision Measuring Scale For Weight Loss, Baking, Cooking, Kitchen Scale, Kitchen Gadgets, Kitchen Supplies"
740,Data Not Availabe,Link Not Available,#9 Best Sellers,in Kitchen Appliances,2.9,5,10+ sold recently,"Colorful Mini Humidifier, Compact, USB-Powered For Home, Car And Desktop Us"
741,Data Not Availabe,Link Not Available,#9 Best Sellers,in Kitchen Appliances,13.9,5,Recently Not Sell,"A Liushu Toilet Cleaner, Intelligent Toilet Cleaner, Toilet Accessory, Intelligent Induction Toilet Deodorizer For Removing Odor In Bathroom"
742,Data Not Availabe,Link Not Available,#9 Best Sellers,in Kitchen Appliances,6.9,5,40+ sold recently,"Handheld Fan, Portabe Fan Battery Powered Fan With LED, Small Personal Usb Folding Skincare Little Wireless Cooling Powerful Quiet Hand Fans, Mini Fan Handhel"
743,Data Not Availabe,Link Not Available,#9 Best Sellers,in Kitchen Appliances,4.6,5,6.9k+ sold recently,"Mini Handheld Fan USB Charging Ultra-Quiet Lightweight And Portable Desk Cooler, Portable Air Conditioner For Home Office Travel Outdoor, Aire Aconditionado"
744,Data Not Availabe,Link Not Available,#9 Best Sellers,in Kitchen Appliances,23.6,5,70+ sold recently,Electric Toothbrush 5 Modes 8 Replacement Brush Heads Wireless Charging Ipx7 Grade Waterproof Includes Travel Casual Box Ideal Gift For Home And Traveling Adults To Protect Oral Health With Teeth Whitening
745,Data Not Availabe,Link Not Available,#5 Best Sellers,in Vacuum Food Sealers,5.4,5,Recently Not Sell,"1pc Mini Portable Plastic Sealing Machine For Thin Plastic Bags/Packaging, 2xAA Battery Powered Small Sealer (Battery Not Included)"
746,Data Not Availabe,Link Not Available,#5 Best Sellers,in Vacuum Food Sealers,3.0,5,100+ sold recently,3pcs/6pcs/Set New Egglettes Egg Cooker Silicone Steamer Mini Steamer Egg Cup
747,Data Not Availabe,Link Not Available,#5 Best Sellers,in Digital Kitchen Scales,1.61,62,Recently Not Sell,"1pc LCD Display Measuring Spoon Scale, Adjustable Volume Digital Spoon Scale, Handheld Accessory Scale For Food Measuring, Suitable For Coffee And Milk Tea (Without Battery)"
748,Data Not Availabe,Link Not Available,#5 Best Sellers,in Digital Kitchen Scales,13.1,62,400+ sold recently,"1pc Usb Rechargeable Portable Neck Fan With 5 Modes, Digital Display, Led Lighting And Battery Indicator. Suitable For Home/Travel/Camping/Office/Exercise/Work/Night Running. Hands-Free, Keeping Cool And Comfortabl"
749,Data Not Availabe,Link Not Available,#5 Best Sellers,in Digital Kitchen Scales,4.4,62,100+ sold recently,"Mini Handheld Fan, 3 Speed USB Desk Fan, Lightweight Makeup USB Fan Small Personal Portable Table Fan With USB Rechargeable Battery Operated Cooling Folding Electric Fan For Travel Office Room Househol"
750,Data Not Availabe,Link Not Available,#7 Best Sellers,in Electronic Nail Art Equipment,10.4,62,Recently Not Sell,"1pc LED Nail Lamp, Nail Dryer Gel Nail Polish Curing LED UV Light, With 4 Timers Automatic Sensor LCD Display Professional Nail Art Tool, Accessories For Fingernail Toenail Salo"
751,Data Not Availabe,Link Not Available,#7 Best Sellers,in Electronic Nail Art Equipment,19.2,62,Recently Not Sell,1pc Battery Operated Portable Outdoor Party Bar Gift Wine Opener
752,Data Not Availabe,Link Not Available,#7 Best Sellers,in Electronic Nail Art Equipment,2.24,20,600+ sold recently,"1pc 2*AA Batteries Powerful Electric Milk Frother Handheld Foam Maker For Lattes - Whisk Drink Mixer For Coffee, Mini Foamer For Cappuccino, Frappe, Matcha, Hot Chocol"
753,Data Not Availabe,Link Not Available,#7 Best Sellers,in Electronic Nail Art Equipment,14.3,20,200+ sold recently,"360° High-Velocity Dual-Head USB Fan - Portable, Quiet Cooling With Touch Control, Perfect For Home & Car"
754,Data Not Availabe,Link Not Available,#7 Best Sellers,in Electronic Nail Art Equipment,6.0,20,70+ sold recently,"1pc Rechargeable Mini Portable Sealer With Opening Function, 2-in-1 Sealer For Thin Plastic Bags And Packets"
755,Data Not Availabe,Link Not Available,#7 Best Sellers,in Electronic Nail Art Equipment,10.8,20,200+ sold recently,"1pc Car Seat Cooling Fan, USB Interface Electric Car Fan, Multi-Functional Rear Seat Rear Fan, Strong Wind, Small And Portable F"
756,Data Not Availabe,Link Not Available,#7 Best Sellers,in Electronic Nail Art Equipment,10.4,20,1.0k+ sold recently,Pink New Desktop/Wall Mounted Usb Electric Fan For Household/Student Dormitory/Bedroom/Office With Mini Portable Siz
757,Data Not Availabe,Link Not Available,#8 Best Sellers,in Specialty Kitchen Appliances,1.7,20,Recently Not Sell,"1 fish scale remover, made of PP, easy to handle, easy to clean, non-slip and durable, suitable for kitchen Blue/Green/Beig"
758,Data Not Availabe,Link Not Available,#5 Best Sellers,in Air Fryers,5.0,20,Recently Not Sell,"100pcs Disposable Air Fryer Liners, Kitchen Accessories, Non-Stick Air Fryer Accessories, Oil-Proof And Waterproof, Suitable For Baking, Grilling And Microwave, Air Fryer Paper"
759,Data Not Availabe,Link Not Available,#5 Best Sellers,in Air Fryers,5.2,20,100+ sold recently,"1pc Plastic Manual Muscle Massage Roller With Round Handle, Massager Cellulite Roller For Leg Arm Back Muscle Pain Relief And Muscle Relaxatio"
760,Data Not Availabe,Link Not Available,#5 Best Sellers,in Air Fryers,14.0,20,50+ sold recently,"1pc Household Electric Milk Frother, Cream & Egg Whisk, Mixer"
761,Data Not Availabe,Link Not Available,#5 Best Sellers,in Air Fryers,35.1,20,Recently Not Sell,Kemei KM-2030 Rechargeable Profession Metallic Electric Trimmer Hair Clipper LCD Cordless Hair Trimmer Professional Hair Trimmer
762,Data Not Availabe,Link Not Available,#5 Best Sellers,in Air Fryers,3.45,52,100+ sold recently,1pc Handheld Spray Fan USB Charging Humidification Spray Hanging Neck Fan Outdoor Folding Mini Handheld Small Fan (4 Colors Optional)
763,Data Not Availabe,Link Not Available,#5 Best Sellers,in Air Fryers,2.6,52,100+ sold recently,"1pc New Mini Eggshell Nail Dryer Led Uv Lamp, Portable Gel Polish Curing Light, Nail Art Tool Set, Usb Powered, Best Gift For Wom"
764,Data Not Availabe,Link Not Available,#5 Best Sellers,in Air Fryers,1.6,52,400+ sold recently,8cm/10cm Humidifier Filter Mini Home Office Aroma Diffuser Replacement Sticks 10pcs/pack
765,Data Not Availabe,Link Not Available,#5 Best Sellers,in Air Fryers,4.84,22,200+ sold recently,"Mini Electric Lint Remover, Battery-operated Fabric Shaver, Clothes Fuzz Removing Machi"
766,Data Not Availabe,Link Not Available,#5 Best Sellers,in Air Fryers,10.0,22,60+ sold recently,2/4/6/9Cup Coffee Maker Stainless Steel Espresso Maker 100-470ML Mocha Pot Espresso Maker For Home Kitchen Camping
767,Data Not Availabe,Link Not Available,#6 Best Sellers,in Laundry Appliances,8.9,22,Recently Not Sell,"1pc Plug-In Mini Iron For Diy Heat Transfer, Lightweight And Portable, Enjoying Handicraft Fun, Making Delicate Iron On Transfer And Decals On Clothes For Childr"
768,Data Not Availabe,Link Not Available,#1 Best Sellers,in Styling Tools & Appliances,3.4,22,Recently Not Sell,1pc Professional Electric Hair Clipper T-Blade Beard Trimmer USBCharging Cordless Hair Clipper Set Retro Men's Hair Clipper  SuitableFor Father's Day Gifts
769,Data Not Availabe,Link Not Available,#1 Best Sellers,in Styling Tools & Appliances,4.0,2,100+ sold recently,"1pc Women's Rechargeable 2-In-1 Facial Shaver And Hair Trimmer With Epilator, Lip And Eyebrow Hair Removal - Get Smooth, Flawless Skin In Minutes!"
770,Data Not Availabe,Link Not Available,#1 Best Sellers,in Styling Tools & Appliances,12.6,2,300+ sold recently,Car Wire Vacuum Cleaner USB Charging Car Household Vacuum Cleaner Small Car With Fully Automatic High Power Powerful Cleaning Strong Suction Cleaning Mini Machine Wire Portable Handhled Blower Machine Air Duster For Home Appliances
771,Data Not Availabe,Link Not Available,#1 Best Sellers,in Styling Tools & Appliances,152.99,15,Recently Not Sell,"Havato Electric Fireplace 25"" Freestanding Electric Fireplace With Remote Control,Available In Winte,Overheating-Protection,Room Decor,Realistic Flame,Elegant Cathedral Design Electric Fireplace Heater For Indoor Us"
772,Data Not Availabe,Link Not Available,#1 Best Sellers,in Styling Tools & Appliances,2.7,15,200+ sold recently,"Mini Humidifier - Cool Mist Aroma Diffuser For Car, Office, Bedroom - 220mL Capacity - 2 Mist Modes - Quiet Operation Christmas Gif"
773,Data Not Availabe,Link Not Available,#9 Best Sellers,in Lint Removers,10.9,15,Recently Not Sell,"1pc Rechargeable Lint Remover, Portable Household Fabric Shaver, Sweater Pill Trimmer, Clothes Fuzz Removing Machine For Home Dorm Us"
774,Data Not Availabe,Link Not Available,#6 Best Sellers,in Milk Frothers,8.5,15,Recently Not Sell,"1 Three-Speed Adjustable Electric Handheld Milk Frother, Including 2 Mixing Heads And A Body, Silver-White Appearance, USB Rechargeable And Durabl"
775,Data Not Availabe,Link Not Available,#8 Best Sellers,in Electronic Nail Art Equipment,5.2,15,Recently Not Sell,UV Nail Dryer Lamp 18 UV LED Light For All Gels  Timer Professional Manicure Pedicure Nail Epuipm
776,Data Not Availabe,Link Not Available,#7 Best Sellers,in Egg Cookers,1.18,61,Recently Not Sell,"1pc Semi-automatic Rotary Egg Beater, Stainless Steel Egg Whisk, Kitchen Tools,Semi Automatic Whisk & 1pc Separator"
777,Data Not Availabe,Link Not Available,#7 Best Sellers,in Egg Cookers,5.8,61,400+ sold recently,"1pc Colorful 400ml Cool Mist Humidifier - Essential Oil Diffuser For Room, Office, Desktop, Home, Car - Air Fresheners And Back To School Supplies"
778,Data Not Availabe,Link Not Available,#1 Best Sellers,in Electric Kettles,27.9,61,Recently Not Sell,"1pc Electric Kettle For Boiling Water, Coffee Tea Maker, Stainless Steel Inner Lid And Filter, 63.5 Oz/1000 Watt, Hot Water Boiler, 45° Streamlined Spout Design, Large Opening And Auto-Close, , LED Ligh"
779,Data Not Availabe,Link Not Available,#1 Best Sellers,in Electric Kettles,3.6,61,200+ sold recently,"1pc Rechargeable Portable Men's Hair Clipper, Black One-piece Buddha Head, Suitable For Home And Professional Barbershop Us"
780,Data Not Availabe,Link Not Available,#1 Best Sellers,in Electric Kettles,8.3,61,500+ sold recently,"1pc Electric Garlic Chopper, Portable VeggieChopper , Garlic Press 250ML,100ML, Garlic GrinderMasher Onion Chopper, Blender To Vegetable,Cordless Food Processor For Ginger, Chili, FruitMeat, Spices, Beans,"
781,Data Not Availabe,Link Not Available,#1 Best Sellers,in Electric Kettles,39.99,20,Recently Not Sell,"Toaster 2 Slice with Extra-Wide Slot for Toasting Bagels, Breads, Waffles & Mor"
782,Data Not Availabe,Link Not Available,#1 Best Sellers,in Electric Kettles,9.9,20,400+ sold recently,1PC Rechargeable 2000mAh Portable Hanging Neck Fan Outdoor Summer Air Cooling Mini F
783,Data Not Availabe,Link Not Available,#1 Best Sellers,in Electric Kettles,12.6,20,600+ sold recently,Vehicle-Mounted Vacuum Cleaner Super Suction Super High Power Wet And Dry Cleaning Cat Hair Pet Hair Multi-Functional Portable Mini-Handheld In-Car Corded Cable Vacuum Cleaner For All Vehicles With Cigarette Lighter Sock
784,Data Not Availabe,Link Not Available,#1 Best Sellers,in Electric Kettles,9.9,20,100+ sold recently,"New Wireless Electric Single-Head Double-Bar USB Electric Mixer, Mini Cream Automatic Beater For Home Use, Cake Baking, Handheld Rechargeable, High Power Quick Mixing Food Blender, Electric Egg Beater (White/Black)"
785,Data Not Availabe,Link Not Available,#10 Best Sellers,in Electric Kettles,17.3,20,Recently Not Sell,"Electric Kettle, Stainless Steel Kettle, Household Electric Kettl"
786,Data Not Availabe,Link Not Available,#10 Best Sellers,in Electric Kettles,7.3,20,1.2k+ sold recently,"1pc, Mini Portable Foldable Fan With Spray Humidifier USB Rechargeable Handheld Fan With Water Mist, Cooling Comfort For Indoor & Outdoor Travel, Living Room Classroom, School Bedroom, Office Outdoor Sports, Picnic Travel, Summer Essential, Beach Vacation Essential Back To School Supplies"
787,Data Not Availabe,Link Not Available,#10 Best Sellers,in Electric Kettles,5.8,20,100+ sold recently,"Mini Makeup Brush, Eyelashes Cleaner Device Electric Automatic Washing Machine Sponge Cleaning Toy For Girls Ladies. Cute And Helpful: To Wash Your Makeup Brushes, Sponge, Powder Puff. 1pc Automatic Cleaning Washing Machine For Makeup Brush Sponge Eyelash, Makeup Tool Cleaner With Dry Bucket For Makeup Tool, Makeup Sponge Washing Machine, Deep Clean Mini Washing Machine, Electronic Washing Machine For Makeup Sponge, Powder Puffs"
788,Data Not Availabe,Link Not Available,#6 Best Sellers,in Beauty & Body Care Appliances,2.8,3,Recently Not Sell,Mini Bendable USB Nail Dryer Foldable UV LED Lamp For Nails Gel Polish Drying Glue Nail Drying Lamp Nail Art Manicure Tools
789,Data Not Availabe,Link Not Available,#2 Best Sellers,in Digital Kitchen Scales,8.3,3,Recently Not Sell,"1pc Mini Kitchen Baking Coffee Food Electronic Scale I2000, Square, Suitable For Home Cooking (Without Battery)"
790,Data Not Availabe,Link Not Available,#2 Best Sellers,in Hair Dryers,25.5,4,Recently Not Sell,"Professional Ionic Hair Dryer,1800W Quick Dry Low Noise Hair Dryer With 2 Concentrator Nozzles, 1 Diffuser Attachment For Home Lightweight Travel Hairdryer Salon Hair Blow Dryer Hair Care Gif"
791,Data Not Availabe,Link Not Available,#2 Best Sellers,in Hair Dryers,7.25,59,10+ sold recently,"PANCERKA 1 Set Electric Spin Scrubber With 5 Replaceable Brush Head, TYPE-C Rechargeable Power Cord Electric Cleaning Brush, Three-Speed Adjustable Handheld Shower Scrubber For Bathroom, Kitchen, Bathtub, Tile, Shower, Cleaning Supplies"
792,Data Not Availabe,Link Not Available,#2 Best Sellers,in Hair Dryers,117.99,21,Recently Not Sell,"16QT Air Fryer Toaster Oven Combo, 4-Slice Convection Oven With Air Fryer Function, Warm, Broil, Toast, Bake, Oil-Free Cooking, Includes Accessories, Stainless Steel"
793,Data Not Availabe,Link Not Available,#2 Best Sellers,in Hair Dryers,7.2,21,40+ sold recently,"1pc Wooden Roller Massage Stick, Legs, Back, Belly, Limbs, Neck And More Can Be Used, White Nine Wheels, Red Nine Wheels, Multiple Colors Availabl"
794,Data Not Availabe,Link Not Available,#2 Best Sellers,in Hair Dryers,2.8,21,300+ sold recently,"Mini Usb Mouse Shaped Uv Lamp For Nail Art, With Gel Polish And Top/base Coat, No Dark Skin, Fast Drying And Long Lasting"
795,Data Not Availabe,Link Not Available,#2 Best Sellers,in Hair Dryers,9.4,7,200+ sold recently,"1pc Smart Temperature Display Insulated Coffee Cup, Stainless Steel Portable Travel Mug, Double Wall Vacuum Insulated Cooler Mug For Hot And Cold Drinks, Holiday Gifts"
796,Data Not Availabe,Link Not Available,#10 Best Sellers,in Air Fryers,3.8,7,Recently Not Sell,"Round Air Fryer Parchment Paper, Oil-absorbing And Non-stick, Suitable For Baking And Roasting In Air Fryer"
797,Data Not Availabe,Link Not Available,#10 Best Sellers,in Air Fryers,23.9,7,100+ sold recently,"1pc Household Floor Sweeper,Upgrade Hand-Pushed Sweeping Robot With Dustpan Set - 2 In 1 Machine For Hardwood Surfaces, Wood Floors, Laminate, Tile - Small & Portable Broom, Cleans Dust Pet Hair, Manual Hand Push Mop Vacuum Cleaner"
798,Data Not Availabe,Link Not Available,#1 Best Sellers,in Water and Ice Dispensers,6.4,7,Recently Not Sell,"Wireless Usb Rechargeable Electric Water Pump Dispenser, Portable Pure Drinking Water Bottled Switch, Two Use For Home Office Kitchen Outdoor, Black & White, Size: 130*90*65mm/5.11*3.54*2.55inch"
799,Data Not Availabe,Link Not Available,#2 Best Sellers,in Hair Clippers,3.4,7,Recently Not Sell,"1pc Dragon & Phoenix Pattern Rechargeable Men's Hair Clipper, ABS Material, Portable & Professional For Home & Travel Us"
800,Data Not Availabe,Link Not Available,#4 Best Sellers,in Electric Salt & Pepper Grinders,6.4,7,Recently Not Sell,"2-In-1 Salt And Pepper Grinder Set, Double-Head Spice Grinder, Manual Pepper Mill -Household Sea Salt Ginder, Stainless Steel Spice Grinder, Manual Pepper Mill, Spice Crusher, Reusable Spice Bottle For BBQ Picnic Camping, Kitchen Gadgets, Gifts, Dorm Essentials, Back To School Supplies"
801,Data Not Availabe,Link Not Available,#4 Best Sellers,in Electric Salt & Pepper Grinders,42.7,7,Recently Not Sell,1pc Rechargeable  S2509 Electric Shaver Three-Dimensional Floating Cutterhead 1 Hour Fast Charging 50-Minute Battery Lif
802,Data Not Availabe,Link Not Available,#4 Best Sellers,in Electric Salt & Pepper Grinders,7.9,7,1.8k+ sold recently,"Mini Handheld Fan With 5 Speeds Wind Display, Portable & Quiet Fan For Office Desktop, Dorm Room, Rechargeable & Hand-held Fan For Outdoor Us"
803,Data Not Availabe,Link Not Available,#4 Best Sellers,in Electric Salt & Pepper Grinders,8.2,7,20+ sold recently,"1pc Mini Portable Fan, Handheld Fan Personal Mini Fan USB Rechargeable With 5 Speeds, 90° Foldable Battery Operated Mini Fan With LED Display, Desk Fan Working Time For Office Bedroom Outdoor Travel Camping Back To School Supplies"
804,Data Not Availabe,Link Not Available,#4 Best Sellers,in Electric Salt & Pepper Grinders,3.29,35,100+ sold recently,"Teckwe Fabric Shaver Lint Remover For Clothes,Mini Portable Hair Ball Trimmer Sweater Defuzzer Remove Fuzz,Lint Balls,Pills,Bobbles From Clothes,Furniture,Carpet,Couch (Batteries Not Included)"
805,Data Not Availabe,Link Not Available,#4 Best Sellers,in Electric Salt & Pepper Grinders,21.2,35,100+ sold recently,"Telescopic USB Rechargeable Foldable Portable Mini Fan For Dormitory Outdoor Activities, Portable USB F"
806,Data Not Availabe,Link Not Available,#4 Best Sellers,in Electric Salt & Pepper Grinders,9.1,35,200+ sold recently,1pc Portable Stroller Fan Flexible Tripod Clip On Fan With 3 Speeds And Rotatable Handheld Personal Fan For Car Seat Crib Bike Treadmill
807,Data Not Availabe,Link Not Available,#4 Best Sellers,in Electric Salt & Pepper Grinders,13.4,35,100+ sold recently,1pc Italian Style  Espresso Maker - Aluminum Moka Pot for Strong and Flavored Coffee - Easy to Operate and Cl
808,Data Not Availabe,Link Not Available,#4 Best Sellers,in Electric Salt & Pepper Grinders,2.9,3,90+ sold recently,1pc ABS Portable Charging Electric Eyebrow Trimmer Women's Eyebrow Pencil Automatic Eyebrow Knife Facial Hair Removal Beauty Trimmer Lipstick Shaver
809,Data Not Availabe,Link Not Available,#4 Best Sellers,in Hair Straightening Irons,17.4,3,Recently Not Sell,"Professional All-in-one Hair Drying Brush, Hot Air Brush, Hair Dryer Brush, Hair Styling Brush For Drying, Curling And Modeling Hair"
810,Data Not Availabe,Link Not Available,#4 Best Sellers,in Hair Straightening Irons,6.3,3,20+ sold recently,"Bladeless Halter Fan Slouchy, Silent, Portable Mini Foldable Fan With Three Speeds And Long Battery Lif"
811,Data Not Availabe,Link Not Available,#4 Best Sellers,in Hair Straightening Irons,5.3,3,Recently Not Sell,"1pc Compact And Portable Battery-Free High Quality Plastic Thermometer Hygrometer, White Circle Shape, Physically Induced High Precision Temperature And Humidity Measurement, Suitable For Home/Office/Warehouse/Laboratory/Greenhouse, For All Seasons"
812,Data Not Availabe,Link Not Available,#4 Best Sellers,in Hair Straightening Irons,13.88,22,100+ sold recently,"Wireless Vacuum Cleaner With Strong Suction Power And Multi-Functional Handheld Design - Suitable For Home, Commercial, Car, Industrial And Outdoor Use - Can Be Used For Cleaning Floors And As A Dust Collector"
813,Data Not Availabe,Link Not Available,#4 Best Sellers,in Exhaust Fans,12.9,22,Recently Not Sell,Desktop Leafless Fan Home Office Tower Fan Floor Leafless Tower Fan USB Rechargeable Portable Tower F
814,Data Not Availabe,Link Not Available,#4 Best Sellers,in Exhaust Fans,5.0,22,2.6k+ sold recently,Desktop Leafless Fan Home Office Tower Fan Floor Leafless Tower Fan USB Rechargeable Portable Tower F
815,Data Not Availabe,Link Not Available,#1 Best Sellers,in Ultrasonic Cleaners,6.0,6,Recently Not Sell,"Multifunctional Cleaner, Makeup Storage Cleaning, Jewelry Cleaning, Silverware Cleaning, Suitable For Glasses, Rings, Earrings, Necklaces, Watch Straps, Makeup Brushes"
816,Data Not Availabe,Link Not Available,#1 Best Sellers,in Ultrasonic Cleaners,4.23,10,60+ sold recently,"Versatile 5-In-1 Electric Epilator For Painless Hair Removal - Precision Trimmer For Bikini, Eyebrow & Body - Portable & Battery-Operated For Home And Travel Us"
817,Data Not Availabe,Link Not Available,#3 Best Sellers,in Curling Tongs & Curling Wands,11.23,8,Recently Not Sell,3 Barrels Hair Curling Roll Ceramic Iron 22Mm Temperature Adjustable Portable 3 Barrels Wave Iron Wand Curler Diy Curly Hair Styling Tools Gif
818,Data Not Availabe,Link Not Available,#4 Best Sellers,in Hand Blenders,15.3,8,Recently Not Sell,Household Handheld Egg White Cream Electric Mixer
819,Data Not Availabe,Link Not Available,#6 Best Sellers,in Curling Tongs & Curling Wands,25.7,4,Recently Not Sell,"1 Piece Automatic Curling Lron, Electric Heatedhair Curler, Automatical Rotating Curling Lronsportable Heated Hair Styling Tool For Home,Salon, Barbershop, Beauty Products Curling W"
820,Data Not Availabe,Link Not Available,#4 Best Sellers,in Blenders,20.5,4,Recently Not Sell,"PANCERKA Electric Vegetable Chopper & Mini Food Processor, Electric Food Chopper 1.5-Cup, For Dicing, Mincing, And Puree, Black"
821,Data Not Availabe,Link Not Available,#8 Best Sellers,in Vacuum Food Sealers,18.09,10,Recently Not Sell,"Vacuum Sealer Machine With Dry/Wet/External Vacuum System Modes, Led Display, Automatic And Manual Options For Food Storage And Air Sealing"
822,Data Not Availabe,Link Not Available,#8 Best Sellers,in Vacuum Food Sealers,3.3,8,60+ sold recently,1pc Rechargeable 500mAh Battery Portable Handheld Mini Fan With 3 Adjustable Speed Levels
823,Data Not Availabe,Link Not Available,#8 Best Sellers,in Vacuum Food Sealers,26.0,8,30+ sold recently,"1pc Multi-Functional Anti-Gravity Humidifier With Clock, Night Light, And Ornament - Enhance Your Home's Atmosphere And Health"
824,Data Not Availabe,Link Not Available,#8 Best Sellers,in Laundry Appliances,15.72,28,Recently Not Sell,"PANCERKA Steamer For Clothes, Garment Steamer, Handheld Garment Steamer, Portable Fabric Steamer, Clothes Wrinkle Remover, Home Ironing Machine, Suitable For Travel And Home Use - Fast Heating"
825,Data Not Availabe,Link Not Available,#4 Best Sellers,in Juicer & Food Processor,78.1,28,Recently Not Sell,Slow Masticating Juicer Cold Press Juice Extractor Apple Orange Citrus Juicer Machine with Wide Chute Quiet Motor for Fruit Vegetables
826,Data Not Availabe,Link Not Available,#4 Best Sellers,in Juicer & Food Processor,15.9,28,80+ sold recently,"MINI Fascia Gun Men's And Women's Creative Pocket Machine Portable Meridians Massage Parlor Electric Health Equipment Mini Fascia Gun,Massage G"
827,Data Not Availabe,Link Not Available,#4 Best Sellers,in Juicer & Food Processor,14.7,28,400+ sold recently,"1200mah Rechargeable Foldable Desktop Fan/Wall-Mounted Fan/Portable Air Conditioner, Foldable Fan, Table Fan, Mini Portable Fan, Suitable For Office, Home, Kitchen, Outdoor, 90° Adjustable, Quiet Operation, With Trackless Hook, Three Adjustable Speeds"
828,Data Not Availabe,Link Not Available,#4 Best Sellers,in Juicer & Food Processor,25.3,28,30+ sold recently,1 Pc USB Charging Electric Juicer 350ml Mini Portable Blender Fruit Mixers Fruit Extractors Multifunction Juice Maker Machine Blender Smoothies Mixer
829,Data Not Availabe,Link Not Available,#4 Best Sellers,in Juicer & Food Processor,5.0,28,1.7k+ sold recently,Rechargeable Handheld Mini Fan Small Desk Cooler Portable Air Conditioner Student Cute Mini Electric Fan Handheld Mute  Aire Aconditionado
830,Data Not Availabe,Link Not Available,#6 Best Sellers,in Ultrasonic Cleaners,7.8,28,Recently Not Sell,"Jewelry Cleaner Machine,Ultrasonic Jewelry Cleaner Machine Low Noise Ultrasound Silver Jewelry Cleaner For Retainer,Eyeglass,Watches,Coins,Dentures … …"
831,Data Not Availabe,Link Not Available,#6 Best Sellers,in Ultrasonic Cleaners,38.1,8,Recently Not Sell,"Electric Toothbrush For Adults,  Toothbrush With 3 Modes, USB Rechargeable Electric Toothbrush With 4 Brush Heads & 31,000 VPM Deep Clean Waterproof IPX7-Whi"
832,Data Not Availabe,Link Not Available,#6 Best Sellers,in Ultrasonic Cleaners,1.3,8,100+ sold recently,"Electric Toothbrush For Adults,  Toothbrush With 3 Modes, USB Rechargeable Electric Toothbrush With 4 Brush Heads & 31,000 VPM Deep Clean Waterproof IPX7-Whi"
833,Data Not Availabe,Link Not Available,#6 Best Sellers,in Ultrasonic Cleaners,4.2,8,1.9k+ sold recently,"1 Pocket Foldable Handheld Electric Fan, Rechargeable, Foldable, Handheld Small Fan, Portable Fan, Mini Handheld Fan, USB Handheld Small Pocket F"
834,Data Not Availabe,Link Not Available,#6 Best Sellers,in Ultrasonic Cleaners,6.2,8,300+ sold recently,1pc Portable Digital Kitchen Scal
835,Data Not Availabe,Link Not Available,#6 Best Sellers,in Ultrasonic Cleaners,11.3,8,400+ sold recently,"1pc Planet Humidifier Light, 3 Color LED Humidifier For Home Decor"
836,Data Not Availabe,Link Not Available,#3 Best Sellers,in Hair Clippers,11.9,8,Recently Not Sell,"Professional Barber Hair Clipper, Rechargeable Electric Cutting Machine Beard Trimmer Shaver Razor For Men Cutter"
837,Data Not Availabe,Link Not Available,#3 Best Sellers,in Electric Hair Brushes,9.3,8,Recently Not Sell,"1pc 28mm Plastic Spiral Curling Iron, Modern Two Tone Hair Curler For Hom"
838,Data Not Availabe,Link Not Available,#3 Best Sellers,in Electric Hair Brushes,15.44,31,1.4k+ sold recently,"1pc 120ML Steamer For Clothes, Portable Handheld Steam Iron, 6 Round Steam Vent For 30 Minutes Of Continuous Steaming, Fabric Wrinkle Remover Steam Iron For Home, Office And Travel"
839,Data Not Availabe,Link Not Available,#3 Best Sellers,in Electric Hair Brushes,7.6,31,50+ sold recently,"Electric milk frother Handheld Milk Frother Mini Foamer - Mini Drink Mixer for Hot Coffee, Electric Whisk With Stand, Coffee Mixer Wand, Drink Mixer Handheld for Lattes, Cappuccino"
840,Data Not Availabe,Link Not Available,#3 Best Sellers,in Electric Hair Brushes,8.3,31,200+ sold recently,"Mini Cartoon Bird Design Onion Humidifier, 300ml, Home/office/desktop Air Conditioning Room Moisturizing Devic"
841,Data Not Availabe,Link Not Available,#7 Best Sellers,in Kitchen Meat Grinders,33.3,31,Recently Not Sell,"5L Stainless Steel Electric Cooking Machine with 6-Leaf Pure Steel Knife - Fast Meat Mincer, Chopper, Garlic Mud Maker, Food Supplement, Juice and Noodle Machine - Multi-Purpose Kitchen Applianc"
842,Data Not Availabe,Link Not Available,#7 Best Sellers,in Kitchen Meat Grinders,15.5,3,100+ sold recently,"1pc Usb Rechargeable Led Display Halter Fan, Portable Bladeless Turbine Silent Slouchy Neck F"
843,Data Not Availabe,Link Not Available,#7 Best Sellers,in Kitchen Meat Grinders,27.99,60,200+ sold recently,"Yabano Sandwich Maker, Waffle Maker, Toaster and Electric Panini Press Grill with Non-stick Coating Plate, Easy to Clean, Heating Up Fast, Black"
844,Data Not Availabe,Link Not Available,#7 Best Sellers,in Women Shave & Hair Removal Appliances,10.44,10,Recently Not Sell,"Rechargeable 4-In-1 Electric Razor For Women - Painless Hair Trimmer For Face, Nose, Eyebrows, Beard, Mustache, Arm, Leg, Armpit, And Bikini - Portable Body Shavers Set Rechargeable Grooming Kit Perfect Personal Care Tool"
845,Data Not Availabe,Link Not Available,#7 Best Sellers,in Women Shave & Hair Removal Appliances,19.8,25,1.0k+ sold recently,"6l Mini-Foldable Washing Machine, Bucket-Type, Portable, Fully Automatic, With Washing And Dewatering Functions (No Drainpipe)"
846,Data Not Availabe,Link Not Available,#7 Best Sellers,in Women Shave & Hair Removal Appliances,25.85,50,Recently Not Sell,"Portable Multi-Functional Food Processor-Blender With Pulse Button Design For Kitchen, Easy Operation And Better Control Of Cutting Effect, Dual Sp"
847,Data Not Availabe,Link Not Available,#7 Best Sellers,in Women Shave & Hair Removal Appliances,259.99,13,Recently Not Sell,"WantJoin Commercial Professional Blender With Shield Quiet Sound Enclosure 2200W Industries Strong and Quiet Professional-Grade Power, Self-Cleaning, Silver"
848,Data Not Availabe,Link Not Available,#7 Best Sellers,in Women Shave & Hair Removal Appliances,86.4,13,Recently Not Sell,1pc Rechargeable PQ889 Electric Shaver Mini Washable Portable Organiser 1 Hour Battery Lif
849,Data Not Availabe,Link Not Available,#7 Best Sellers,in Women Shave & Hair Removal Appliances,5.22,20,Recently Not Sell,"1pc, Plug In Electric Mosquito Repellent Lamp For Household Use, Silent And Non Radiative, Electric Mosquito Catching And Repellent Device, Pest Control, Apartment Essentials, College Dorm Essentials, Household Gadgets Electric Mosquito Killer Lamp For Home Bedroom"
850,Data Not Availabe,Link Not Available,#7 Best Sellers,in Women Shave & Hair Removal Appliances,1.6,20,50+ sold recently,1pc Heart & Flower Shaped Random Egg Ring
851,Data Not Availabe,Link Not Available,#7 Best Sellers,in Women Shave & Hair Removal Appliances,17.4,4,Recently Not Sell,"1pc Rechargeable Electric Hair Shaver With 600mAh Battery, Digital Display, 5W, For Shaving The Beard, Body Hair, Underarm Hair, Nose Hair Trimming, Eyebrow Shaping, Pubic Hair Shaving, Hair Removal For Women, 5-In-1 Trimmer, Model 8308"
852,Data Not Availabe,Link Not Available,#7 Best Sellers,in Women Shave & Hair Removal Appliances,18.3,4,Recently Not Sell,Kemei-809A Professional Hair Trimmer Adjustable Electric Cord Cordless Hair Clipper For Men Haircut Machine Led Display
853,Data Not Availabe,Link Not Available,#7 Best Sellers,in Women Shave & Hair Removal Appliances,12.3,4,800+ sold recently,"1pc Intense Pulsed Neck Face  beauty instrument Firming Wrinkle Removal Tool - Heat Rejuvenation Device, Smooth And Firm Skin - Double  Reducer Slimmer Vibration Massage With 7 Color Modes For Wrinkles Appearance Remove And Skin Tightening Lifting Massager"
854,Data Not Availabe,Link Not Available,#7 Best Sellers,in Women Shave & Hair Removal Appliances,45.89,34,Recently Not Sell,"Katulan Compact Slow Juicer, Cold Press Juicer Machines with Auto-adjustable Speed for Nutrient & Vitamin Dense Fruits and Vegetables, Easy Clean Juicer"
855,Data Not Availabe,Link Not Available,#7 Best Sellers,in Women Shave & Hair Removal Appliances,14.5,34,Recently Not Sell,Ultra-Quiet Usb Charging Rechargeable Hair Beards Trimmer Kemei Km-1247 Household Cordless Electric Hair Trimmer Clipper
856,Data Not Availabe,Link Not Available,#7 Best Sellers,in Women Shave & Hair Removal Appliances,31.6,34,Recently Not Sell,"1pc 80X60cm Flannel Electric Heating Pad, Heated Blanket With 6 Temperature And 8 Time Settings, Washable And Reusable, Suitable For Full Body"
857,Data Not Availabe,Link Not Available,#7 Best Sellers,in Women Shave & Hair Removal Appliances,9.3,34,200+ sold recently,"1 Pc Rechargeable Digital Display Lint Remover, Electric Clothes Fuzz Shaver With Suction Cup For Home Us"
858,Data Not Availabe,Link Not Available,#7 Best Sellers,in Women Shave & Hair Removal Appliances,6.5,34,1.1k+ sold recently,"1PC Portable Handheld Misting Fan, Rechargeable Personal Mister Fan,Battery Operated Spray Water Mist Fan, Foldable Mini Face Steamer For Travel, Outdoors"
859,Data Not Availabe,Link Not Available,#7 Best Sellers,in Women Shave & Hair Removal Appliances,139.99,13,Recently Not Sell,"Afloia 2 in 1 HEPA Air Purifier with Humidifier, 3 Stage H13 Filters for Home Allergies Pets Hair Smoker Odors, Evaporative Humidifier, Auto Shut Off, Quiet Air Cleaner with Seven Color Light,MIROPRO"
860,Data Not Availabe,Link Not Available,#7 Best Sellers,in Women Shave & Hair Removal Appliances,11.2,13,20+ sold recently,Electric Pepper Mill Multifunctional Household Stainless Steel Grinder Black Pepper Grinder
861,Data Not Availabe,Link Not Available,#7 Best Sellers,in Women Shave & Hair Removal Appliances,7.85,13,Recently Not Sell,"1pc, Hair Removal Ball Clothes Scraper Hair Remover Ball Hair Removal Hair Removal Small Power Shaver Ball Remover Hair Ball Trimmer Clothes Cleaning, Household Tool, Cleaning Supplies, Cleaning Tool, Apartment Essentials, College Dorm Essentials"
862,Data Not Availabe,Link Not Available,#7 Best Sellers,in Women Shave & Hair Removal Appliances,7.3,13,10+ sold recently,1pc USB Power Cord 200ML Portable Mini Aroma Diffuser 7 Colors LED Aromatherapy Diffuser Sprayer USB Aroma Essential Oil Diffuser For Home Bedroom
863,Data Not Availabe,Link Not Available,#7 Best Sellers,in Women Shave & Hair Removal Appliances,31.65,25,100+ sold recently,"1set, Electric Spin Scrubber, Cordless Electric Shower Scrubber With 8 Replacement Brush Head, 2 Adjustable Speed, Bathroom Scrub Brush, Power Bathtub Scrubber With Extension Long Handle For Bathtub,Tile, Floor, Bathtub, Bathroom Cleaning Accessories"
864,Data Not Availabe,Link Not Available,#7 Best Sellers,in Women Shave & Hair Removal Appliances,10.6,3,20+ sold recently,"Ion Hair Straightener, Electric Ion Hair Straightener, Professional Mini Hair Straightener Curler 2-In-1 Flat Iron Small Plate Straight Hair Curling Styling Tool, Professional Hairdressing Tool, Perfect For Home And Travel, Great Holiday Gift For Women - Home Hair Design Tool, Create Salon-Quality Curls And Waves"
865,Data Not Availabe,Link Not Available,#7 Best Sellers,in Women Shave & Hair Removal Appliances,38.5,45,10+ sold recently,5 In 1 Multifunctional Hair Dryer Brush 60000RPM Blow Dryer Curling Wand Hot Air Brush
866,Data Not Availabe,Link Not Available,#7 Best Sellers,in Women Shave & Hair Removal Appliances,1.55,50,30+ sold recently,"1pc Stainless Steel Whisk, Minimalist Silver Egg Beater For Kitch"
867,Data Not Availabe,Link Not Available,#7 Best Sellers,in Women Shave & Hair Removal Appliances,3.2,3,60+ sold recently,"1pc Portable Cartoon Mini Fan - Watch Shaped With 1 AAA Dry Battery, 1 Gear For Outdoor Us"
868,Data Not Availabe,Link Not Available,#7 Best Sellers,in Women Shave & Hair Removal Appliances,4.38,40,200+ sold recently,"1pc Adult Electric Toothbrush, 3 Brush Heads, 5 Modes, Ipx7 Waterproof, Long Battery Life, Usb Charging, Portabl"
869,Data Not Availabe,Link Not Available,#7 Best Sellers,in Women Shave & Hair Removal Appliances,16.1,40,10+ sold recently,"PANCERKA 1set Electric Hand Mixer, 7-Speed Hand-Held Egg Beater Whisk Breaker, Electric Mixer, Home Appliances Stirrer, Electric Food Mixers Kitchen Bowl Aid Whisk Mixing"
870,Data Not Availabe,Link Not Available,#7 Best Sellers,in Women Shave & Hair Removal Appliances,9.2,40,100+ sold recently,"LED UV Nail Lamp, Rotatable Gooseneck Flash Cure Light For Nails, Hands Free Mini Lotus Nail Light Nail Dryer With Brush Holder Quick Dry Nail Curing Lamp For Home DIY& Salon Manicure Decor"
871,Data Not Availabe,Link Not Available,#10 Best Sellers,in Electric Lunch Boxes,20.3,3,Recently Not Sell,"Orange Single Electric Lunch Box, Portable Car Food Warmer Bento Box, With Electric Heating And Insulation Function, For Office Worker"
872,Data Not Availabe,Link Not Available,#10 Best Sellers,in Electric Lunch Boxes,4.4,10,400+ sold recently,"LED Travel Makeup Mirror, Lighted Compact Make Up Mirror, 2X Magnification, Handheld, Double Sided, Portable Folding Mirror For Pocket, Purse, Gif"
873,Data Not Availabe,Link Not Available,#10 Best Sellers,in Electric Lunch Boxes,8.1,10,200+ sold recently,1PC Colorful USB Crystal Humidifier 500ml Large Capacity Air Humidifier Portable Room Office Desktop Humidifier
874,Data Not Availabe,Link Not Available,#9 Best Sellers,in Electronic Nail Art Equipment,3.5,10,Recently Not Sell,Portable Salon Quick Dry USB Nail Dryer Machine UV LED Nail Light For Curing All Nail Gel Rechargeable Nail Art Tools Home Us
875,Data Not Availabe,Link Not Available,#9 Best Sellers,in Electronic Nail Art Equipment,1.9,10,10+ sold recently,"1pc Multi-Functional Water Hose, Suitable For Semi-Automatic Washing Machine Inlet Hose, Air Conditioner Drainage Hose And Home Drain Extension Hose, Thickened Condensation Drip Hose For Outdoor Anti-Sun Exposure, Large Diameter Flexible Pipe For Kitchen Water Connectio"
876,Data Not Availabe,Link Not Available,#9 Best Sellers,in Electronic Nail Art Equipment,10.3,10,1.1k+ sold recently,"Electric Meat Grinder Multifunction Food Processor, Baby Food Making, Mixing, Chopping, Crushing Garlic And Ginger Machi"
877,Data Not Availabe,Link Not Available,#9 Best Sellers,in Electronic Nail Art Equipment,21.5,4,200+ sold recently,"Professional Groin&Body Manscape Trimmer For Men, Electric Ball Shaver Replaceable Ceramic Blade Groomer, Pubic Grooming Clipper Male Razor Fully Waterproof Bikini Trimmer For Women, Best Gifts For Love, Mens Grooming Ki"
878,Data Not Availabe,Link Not Available,#9 Best Sellers,in Electronic Nail Art Equipment,4.0,7,Recently Not Sell,"Rechargeable Electric Nail Drill Set For Removing Acrylic Nails, Polishing Nails, Removing Dead Skin, And Nail Care For Hands And F"
879,Data Not Availabe,Link Not Available,#4 Best Sellers,in Electric Eyebrow Trimmer,2.66,11,Recently Not Sell,Electric/Battery Operated Women's Eyebrow Trimmer Shaver Hair Remover Beauty Grooming Tool
880,Data Not Availabe,Link Not Available,#4 Best Sellers,in Electric Eyebrow Trimmer,126.99,42,Recently Not Sell,"30/50 Pint Dehumidifier Ideal For Bedrooms Bathrooms Basements Garages 2500/4500 Sq Ft Quiet Dehumidifier High-Efficiency Dehumidifier With Touch Panel, Two-Way Timer, Multiple Mode Options, Universal Wheel Whi"
881,Data Not Availabe,Link Not Available,#9 Best Sellers,in Car Vacuum Cleaner,9.7,42,Recently Not Sell,Car Wireless Vacuum Cleaner Multifunctional Strong Power Suction Home Small Size Air Extraction Handheld High Power Blower
882,Data Not Availabe,Link Not Available,#9 Best Sellers,in Car Vacuum Cleaner,4.93,51,10+ sold recently,"60 Minute Visual Countdown Timer With Night Light, Suitable For Anyone's Visual Timer, Suitable For Silent Timers In Homes, Classrooms, And Kitchens  Purpl"
883,Data Not Availabe,Link Not Available,#9 Best Sellers,in Car Vacuum Cleaner,14.85,10,70+ sold recently,"Electric Foot Callus Remover Kit, Rechargeable Callus Removers 3 Grinding Heads, Waterproof Foot Scrubber File, Professional Pedicure Tools Kit With LCD Display, Feet Care For Dead, Cracked Dry Skin Ideal Gif"
884,Data Not Availabe,Link Not Available,#9 Best Sellers,in Car Vacuum Cleaner,189.99,21,10+ sold recently,"Havato 3.2 Cu.Ft Mini Fridge With Freezer, Double Door Compact Refrigerator, Retro Mini Refrigerator For Dorm, Office, Bar, RV, Bedroom(Green)"
885,Data Not Availabe,Link Not Available,#8 Best Sellers,in Other Body Care Machines,10.0,21,Recently Not Sell,Electric V-Face 6 Modes 12 Levels Of Intensity Facial Lifting Device For Women Skincare Home & Travel
886,Data Not Availabe,Link Not Available,#8 Best Sellers,in Other Body Care Machines,12.1,4,30+ sold recently,"1pc LED Touchscreen Makeup Mirror Rechargeable Tabletop Cosmetic Mirror With 3 Light Colors For Home, Dormitory, And Travel"
887,Data Not Availabe,Link Not Available,#8 Best Sellers,in Other Body Care Machines,4.17,20,100+ sold recently,"A Battery Operated Ladies' Hair Remover, Female Electric Shaver, Lip Hair & Underarm Hair Trimmer, Private Part Intimate Hair Removal Tool, Leg Hair And Pubic Hair Clipper, New Electric Shaving Machine, Household Full Body Hair Trimmer For Underarm, Private Part And Whole Body, With Two Color Choices - Pink And White, To Protect Your Privacy And Bodily Health"
888,Data Not Availabe,Link Not Available,#8 Best Sellers,in Other Body Care Machines,59.84,28,Recently Not Sell,"2 In 1 Facial Steamer With 3X Magnifying Lamp, Esthetician Steamer Professional Aromatherapy Humidifier Face Spa Mist Steam For Home Beauty Salon, Personal Skin Care Deep Cleaning"
889,Data Not Availabe,Link Not Available,#8 Best Sellers,in Other Body Care Machines,1.9,28,600+ sold recently,White Hair Removal Machine Wax Heater Depilatory Epilator Wax-Melt Waxing Kit Paraffin Heater Wax Beans Bead Heating Machine (Wax Bean Color Random)
890,Data Not Availabe,Link Not Available,#8 Best Sellers,in Other Body Care Machines,44.99,65,100+ sold recently,"Boriwat Back Massager With Heat, Massagers For Neck And Back, 3D Kneading Massage Pillow For Back, Neck, Shoulder, Leg Pain Relief, Gifts For Men Women Mom Dad, Stress Relax At Home Office And Car"
891,Data Not Availabe,Link Not Available,#8 Best Sellers,in Other Body Care Machines,8.1,65,400+ sold recently,"1pc Usb Powered 300ml Mini Air Humidifier, Wood Grain Aroma Diffuser, Ultrasonic Fogger, Colorful Night Light, Suitable For Home Bedroom Desktop Us"
892,Data Not Availabe,Link Not Available,#8 Best Sellers,in Other Body Care Machines,18.2,4,2.3k+ sold recently,1pc Foldable Foot Bath Bucket-Portable Foot Soaking Basin ForRelaxation And Pain Relief  Foot Soak Tub With Massager-Relax And Sleep Better
893,Data Not Availabe,Link Not Available,#7 Best Sellers,in Garment Steamers,26.99,55,Recently Not Sell,"Reemix Steamer for Clothes, Folding Handheld Design Garment Wrinkles Remover, 20g/min Strong Penetrating Steam, 25-Sec Fast Heat-up, for Home, Office and Travel"
894,Data Not Availabe,Link Not Available,#7 Best Sellers,in Garment Steamers,7.8,55,80+ sold recently,1pc Rechargeable Portable Neck Fan - Bladeless Personal Fan For Outdoor Sports - Hands-Free Cooling Solutio
895,Data Not Availabe,Link Not Available,#7 Best Sellers,in Garment Steamers,25.8,55,200+ sold recently,"Portable Standing Oscillating Fan With 4-Level Adjustable Speed, Quiet & Rechargeable Battery Usb Powered Floor Fan, Adjustable Height Foldable Desktop Fan, Suitable For Bedroom Home Us"
896,Data Not Availabe,Link Not Available,#7 Best Sellers,in Garment Steamers,6.0,3,100+ sold recently,"Lovely Gradient Multicolor Teddy Bear Handheld Mini Fan, Easy To Carry In Summer"
897,Data Not Availabe,Link Not Available,#7 Best Sellers,in Garment Steamers,17.5,3,Recently Not Sell,KM-779 Kemei/KEMEI New Pushing Hair Clipper With LCD Digital Display And Fast Oil Filling Head Carving For Hair Cutting
898,Data Not Availabe,Link Not Available,#7 Best Sellers,in Power Toothbrushes,2.07,31,Recently Not Sell,"New Portable Aa Battery Powered Electric Toothbrush With 30s Smart Timer, Sonic Electric Toothbrush For Oral Care - Unisex - Effectively Clean Teeth And Gums, Comes With 1+6 Replacement Heads, Ultra-Soft Brush For Sensitive Teeth And Gums"
899,Data Not Availabe,Link Not Available,#7 Best Sellers,in Power Toothbrushes,7.6,8,100+ sold recently,"LED Lighted Travel Makeup Mirror, 1x/2x Magnification, Compact, Portable For Handbag, Purse, Pocket, 3.5 Inch Illuminated, Folding, Handheld, 2-Sided, Round, White, Compact Mirror, Small Vanity Mirror, Living Room Home Bedroom Bathroom House Decor, Travel Stuff, Wedding, Party, Birthday, Gifts For Men Mom Dad Best Friends Teacher, New Years, Accessaries, Funny Gif"
900,Data Not Availabe,Link Not Available,#7 Best Sellers,in Power Toothbrushes,1.94,19,100+ sold recently,"1pc Rechargeable Deep Tissue Muscle Handheld Percussion Massager, For Body, Back And Neck Pain, With Ultra-Compact Elegant Design, High-Torque Driven Massage G"
901,Data Not Availabe,Link Not Available,#9 Best Sellers,in Vacuum Food Sealers,1.45,15,Recently Not Sell,"5pcs Universal Food Clips, Stylish & Practical Household Sealing Clips, Keep Purchased Food Fresh & Organized, Snack Bag Sealing Machine, Kitchen Tool"
902,Data Not Availabe,Link Not Available,#9 Best Sellers,in Vacuum Food Sealers,11.0,4,40+ sold recently,"Effortless & Sleek Hair Removal: 2-In-1 USB Rechargeable Epilator & Razor For Bikini, Face, And Mor"
903,Data Not Availabe,Link Not Available,#9 Best Sellers,in Vacuum Food Sealers,1.62,56,1.2k+ sold recently,1pc Rechargeable Usb Fan Folding Handheld Portable Fan With Three Speed Settings
904,Data Not Availabe,Link Not Available,#9 Best Sellers,in Vacuum Food Sealers,7.07,61,1.2k+ sold recently,"1pc Rechargeable Deep Tissue Muscle Handheld Percussion Massager, For Body, Back, And Neck Pain, Ultra-Compact Elegant Design, High Torque-Drive Massage G"
905,Data Not Availabe,Link Not Available,#2 Best Sellers,in Heater & Cooler,3.0,61,Recently Not Sell,"1Set Portable Handheld Fan With Hand Strap, Battery Operated, 1 Sp"
906,Data Not Availabe,Link Not Available,#1 Best Sellers,in Kitchen Appliance Parts,2.9,61,Recently Not Sell,1pc Air Fryer Special Baking Tray Barbeque Tray Reusable Bowl Baking Anti-stick Mat Thickened Silicone Baking Tray - Gray
907,Data Not Availabe,Link Not Available,#1 Best Sellers,in Other Kitchen Appliances,2.0,61,Recently Not Sell,"1pc Stainless Steel Probe Digital Food Thermometer With Modern Black LCD Screen For Instant Read Of Kitchen Liquid/Oil Temperature Sensor, For Cooking/Baking/Grilling/Meat/Ric"
908,Data Not Availabe,Link Not Available,#1 Best Sellers,in Other Kitchen Appliances,5.1,6,100+ sold recently,100pcs Air Fryer Disposable Paper Parchment Wood Pulp Steamer Cheesecake Air Fryer Accessories Baking Paper For Air Fryer
909,Data Not Availabe,Link Not Available,#1 Best Sellers,in Other Kitchen Appliances,0.65,75,100+ sold recently,30pcs Air Fryer Disposable Paper Parchment Wood Pulp Steamer Cheesecake Air Fryer Accessories Baking Paper For Air Fryer
910,Data Not Availabe,Link Not Available,#1 Best Sellers,in Other Kitchen Appliances,4.3,4,3.2k+ sold recently,"1pc Rechargeable Handheld Portable Mini Fan With 500mah Battery, Strap & 3-Speed Setting"
911,Data Not Availabe,Link Not Available,#4 Best Sellers,in Led Makeup Mirror,4.9,4,Recently Not Sell,"Pocket Mirror 1X/3X Magnifying Led Travel Makeup Mirror With Light, 2-Sided Foldable Handheld Illuminated Mirror For Home Tabletop Decoration, Bathroom, Dresser Vanity & Countertop Bedroom Travel Dormitory Mirror Women Gif"
912,Data Not Availabe,Link Not Available,#5 Best Sellers,in Power Toothbrushes,6.2,13,Recently Not Sell,"1pc Oral Care Appliance,  Electric Toothbrush With 3 Replaceable Brush Heads, IPX7 Waterproof, 5 Cleaning Modes, USB Rechargeable Portable Long-Lasting Battery, Pink Electric Toothbrush For Adult Women And Men, Personal Care Item For Protecting Family Oral Health"
913,Data Not Availabe,Link Not Available,#5 Best Sellers,in Power Toothbrushes,1.75,35,100+ sold recently,"1pc Oral Care Appliance,  Electric Toothbrush With 3 Replaceable Brush Heads, IPX7 Waterproof, 5 Cleaning Modes, USB Rechargeable Portable Long-Lasting Battery, Pink Electric Toothbrush For Adult Women And Men, Personal Care Item For Protecting Family Oral Health"
914,Data Not Availabe,Link Not Available,#5 Best Sellers,in Power Toothbrushes,2.7,7,600+ sold recently,"1PC Black Plastic Modern Clear Oil Sprayer 300ML , Oil Spray Bottle For Kitchen, For Camping Barbecue, Salad, Roasting, Cooking, Frying, Baking, Party"
915,Data Not Availabe,Link Not Available,#4 Best Sellers,in Home Appliances,7.7,5,Recently Not Sell,"1PC Black Plastic Modern Clear Oil Sprayer 300ML , Oil Spray Bottle For Kitchen, For Camping Barbecue, Salad, Roasting, Cooking, Frying, Baking, Party"
916,Data Not Availabe,Link Not Available,#4 Best Sellers,in Home Appliances,1.9,5,50+ sold recently,"1PC Black Plastic Modern Clear Oil Sprayer 300ML , Oil Spray Bottle For Kitchen, For Camping Barbecue, Salad, Roasting, Cooking, Frying, Baking, Party"
917,Data Not Availabe,Link Not Available,#4 Best Sellers,in Home Appliances,8.2,4,800+ sold recently,"1Pc Square-Shaped Desktop Detachable Dressing Table Mirror With Light For Ladies' Makeup, Led Princess Mirror For Home Tabletop Decoration, Bathroom, Dresser Vanity & Countertop Bedroom Travel Dormitory Hotel Mirror Women Gif"
918,Data Not Availabe,Link Not Available,#5 Best Sellers,in Portable Fans,4.3,4,Recently Not Sell,"1pc Rechargeable 500mah Battery Portable Handheld Mini Fan With Lanyard, 3-Sp"
919,Data Not Availabe,Link Not Available,#5 Best Sellers,in Portable Fans,4.2,4,7.7k+ sold recently,"1pc Portable Handheld Cat Ear Mini Fan With Long Press LED Light & 3-Speed Adjustment, Rechargeable 500mAh Battery, Including Charging Cable For Outdoor Us"
920,Data Not Availabe,Link Not Available,#5 Best Sellers,in Portable Fans,7.8,1,800+ sold recently,"1pc Portable Handheld Cat Ear Mini Fan With Long Press LED Light & 3-Speed Adjustment, Rechargeable 500mAh Battery, Including Charging Cable For Outdoor Us"
921,Data Not Availabe,Link Not Available,#2 Best Sellers,in Oral Irrigators,6.97,48,Recently Not Sell,"1 Set Teeth Whitening Kit, Including 1pc Electric Water Flosser With 4 Nozzles, 1pc Automatic Portable Oral Irrigator, 1pc Portable Round-Tube Toothbrush With Soft Bristles, 1pc Whitening Powder For Dental Hygiene, Dental Care, Oral Hygiene Teeth Cleaning, Multi-Functional Dental Cleaning Kit To Maintain Teeth Health For Family, With 1pc Waterproof Portable Storage Bag, Ideal As A Gift For Women, Mother's Day, Valentine's Day."
922,Data Not Availabe,Link Not Available,#2 Best Sellers,in Oral Irrigators,7.4,16,400+ sold recently,"1Pc Electric Toothbrush With 6 Replacement Heads, Usb Rechargeable, 5 Cleaning Modes, Wall-Mounted Toothbrush Holder Included, Travel Toothbrush Head Cap, Sonic Toothbrush Ipx7 Waterproof For Home Travel"
923,Data Not Availabe,Link Not Available,#2 Best Sellers,in Oral Irrigators,4.1,2,900+ sold recently,1pc Rechargeable 500mAh Battery Portable Handheld Long Press LED Light 3-Level Adjustable Outdoor Mini Cat Ear Fan With Charger Cabl
924,Data Not Availabe,Link Not Available,#2 Best Sellers,in Oral Irrigators,3.35,32,400+ sold recently,1pc Rechargeable 500mAh Battery Portable Handheld Long Press LED Light 3-Level Adjustable Outdoor Mini Cat Ear Fan With Charger Cabl
925,Data Not Availabe,Link Not Available,#2 Best Sellers,in Oral Irrigators,17.7,4,20+ sold recently,"Portable LED Makeup Mirror With 1x2x3 Magnification, Touch Control, And Dual Power Supply - Perfect For Women On The Go Complimentary X10 Magnification Small Circular Mirror  Mirror S"
926,Data Not Availabe,Link Not Available,#2 Best Sellers,in Oral Irrigators,9.8,4,50+ sold recently,"Portable LED Makeup Mirror With 1x2x3 Magnification, Touch Control, And Dual Power Supply - Perfect For Women On The Go Complimentary X10 Magnification Small Circular Mirror  Mirror S"
927,Data Not Availabe,Link Not Available,#2 Best Sellers,in Oral Irrigators,2.9,6,200+ sold recently,1pc Mini Portable Handheld Fan With 2xAA Battery Slot (Battery Not Included) And Gifted Lanyar
928,Data Not Availabe,Link Not Available,#2 Best Sellers,in Oral Irrigators,1.9,6,1.3k+ sold recently,1pc Mini Portable Handheld Fan With 2xAA Battery Slot (Battery Not Included) And Gifted Lanyar
929,Data Not Availabe,Link Not Available,#5 Best Sellers,in Coffee & Tea Appliances,5.6,2,Recently Not Sell,"1pc Rechargeable Handheld Portable Mini Coffee Milk Frother, Whisk, Egg Beater With Charging Cabl"
930,Data Not Availabe,Link Not Available,#9 Best Sellers,in Kitchen Timers,2.6,2,Recently Not Sell,1pc Flower Print Kitchen Timer
931,Data Not Availabe,Link Not Available,#7 Best Sellers,in Led Makeup Mirror,3.1,3,Recently Not Sell,"1Pc Small Gift Makeup Mirror With Light Portable Mirror Pocket Folding Mirror Double-Sided Small Gift Mirror Does Not Include Batteries And Needs To Be Purchased Separately Tabletop Bathroom, Dresser Vanity & Countertop Bedroom Travel Dormitory Mirror Women Gif"
932,Data Not Availabe,Link Not Available,#7 Best Sellers,in Led Makeup Mirror,7.7,3,30+ sold recently,USB Rechargeable Leafless Neck Hanging Fan Mini Fan Portable Folding F
933,Data Not Availabe,Link Not Available,#7 Best Sellers,in Led Makeup Mirror,2.36,13,50+ sold recently,USB Rechargeable Leafless Neck Hanging Fan Mini Fan Portable Folding F
934,Data Not Availabe,Link Not Available,#7 Best Sellers,in Led Makeup Mirror,2.43,10,100+ sold recently,USB Rechargeable Leafless Neck Hanging Fan Mini Fan Portable Folding F
935,Data Not Availabe,Link Not Available,#7 Best Sellers,in Led Makeup Mirror,4.4,10,700+ sold recently,"One Handheld Rechargeable Fan With Rope, Portable Mini Handheld Fan With Usb Rechargeable Battery, 3 Speeds Powerful Personal Desk Fan, Suitable For Women Men Home Office Makeup Outdoor Travel, Bl"
936,Data Not Availabe,Link Not Available,#7 Best Sellers,in Led Makeup Mirror,13.15,24,100+ sold recently,"1pc Rechargeable Handheld Deep Tissue Muscle Percussion Massage Gun, For Body, Back And Neck Pain, Super Compact And Elegant Design, High Torque Driven Massager"
937,Data Not Availabe,Link Not Available,#7 Best Sellers,in Led Makeup Mirror,4.2,24,4.5k+ sold recently,1pc Rechargeable 500mAh Battery Portable Handheld Press Button LED Light 3 Gears Adjustable Outdoor Cat Ear Mini Fan With Charging Cabl
938,Data Not Availabe,Link Not Available,#7 Best Sellers,in Led Makeup Mirror,8.5,24,1.0k+ sold recently,1pc Rechargeable 500mAh Battery Portable Handheld Press Button LED Light 3 Gears Adjustable Outdoor Cat Ear Mini Fan With Charging Cabl
939,Data Not Availabe,Link Not Available,#7 Best Sellers,in Led Makeup Mirror,5.05,32,300+ sold recently,"Battery Powered Pink Led 8 Lights Tri-Fold Portable Makeup Mirror Desktop Tabletop Vanity Mirror With Light For Home Tabletop, Bathroom, Dresser Vanity & Countertop Bedroom Travel Dormitory Mirror Women Gif"
940,Data Not Availabe,Link Not Available,#7 Best Sellers,in Led Makeup Mirror,14.1,32,100+ sold recently,"Battery Powered Pink Led 8 Lights Tri-Fold Portable Makeup Mirror Desktop Tabletop Vanity Mirror With Light For Home Tabletop, Bathroom, Dresser Vanity & Countertop Bedroom Travel Dormitory Mirror Women Gif"
941,Data Not Availabe,Link Not Available,#7 Best Sellers,in Led Makeup Mirror,2.9,3,100+ sold recently,"T9 Hair Clippers, Men's Trimmer, Black ABS Body, Buddha Pattern, 0mm Cutting Length"
942,Data Not Availabe,Link Not Available,#7 Best Sellers,in Led Makeup Mirror,8.58,22,300+ sold recently,"New Portable Bladeless Neck Fan & Handheld Bladeless Fan, 360° Cooling Wearable Personal Fan For Travel, Outdoor Sports"
943,Data Not Availabe,Link Not Available,#7 Best Sellers,in Led Makeup Mirror,4.2,22,2.5k+ sold recently,"1pc Rechargeable 500mAh Battery Portable Handheld Mini Fan With Long Press LED Light And 3 Gear Settings For Outdoor Use, With Charging Cabl"
944,Data Not Availabe,Link Not Available,#7 Best Sellers,in Electronic Beauty Instruments,8.6,22,Recently Not Sell,"1pc Rechargeable 1.5w 300mah Ultrasonic Skin Cleanser, Removes Dirt & Makeup Residue Deeply, Suitable For Year-Round Use At Home And Travel"
945,Data Not Availabe,Link Not Available,#7 Best Sellers,in Electronic Beauty Instruments,7.1,22,1.3k+ sold recently,Mini Portable Folding Handheld F
946,Data Not Availabe,Link Not Available,#7 Best Sellers,in Electronic Beauty Instruments,5.22,10,100+ sold recently,Mini Portable Folding Handheld F
947,Data Not Availabe,Link Not Available,#7 Best Sellers,in Electronic Beauty Instruments,5.0,10,800+ sold recently,"100-200pcs Disposable Air Fryer Parchment Paper Liners, Kitchen Accessories, Non-Stick, Waterproof, Suitable For Baking And Microwave, Air Fryer Accessories"
948,Data Not Availabe,Link Not Available,#7 Best Sellers,in Electronic Beauty Instruments,3.6,5,100+ sold recently,"1pc Anti-Leak Stainless Steel Tea Infuser And Cookware With Spice Filter, Suitable For Soup, Hotpot And Kitchen Usage, Kitchen Accessories, Kitchen Gadg"
949,Data Not Availabe,Link Not Available,#7 Best Sellers,in Electronic Beauty Instruments,8.7,5,20+ sold recently,"1pc Anti-Leak Stainless Steel Tea Infuser And Cookware With Spice Filter, Suitable For Soup, Hotpot And Kitchen Usage, Kitchen Accessories, Kitchen Gadg"
950,Data Not Availabe,Link Not Available,#7 Best Sellers,in Electronic Beauty Instruments,9.9,5,200+ sold recently,"1pc Anti-Leak Stainless Steel Tea Infuser And Cookware With Spice Filter, Suitable For Soup, Hotpot And Kitchen Usage, Kitchen Accessories, Kitchen Gadg"
951,Data Not Availabe,Link Not Available,#7 Best Sellers,in Top rated in Portable Fans,2.81,3,Recently Not Sell,"1pc Aa Battery-Powered Portable Handheld Mini Fan With One Gear Adjustment, Simple Style, Outdoor Use, With Lanyar"
952,Data Not Availabe,Link Not Available,#7 Best Sellers,in Top rated in Portable Fans,7.1,3,2.7k+ sold recently,"1pc ABS Mini Fan, Modern Foldable Handheld Fan For Outdoor"
953,Data Not Availabe,Link Not Available,#7 Best Sellers,in Top rated in Portable Fans,7.1,3,4.7k+ sold recently,1pc Mini Foldable Handheld USB F
954,Data Not Availabe,Link Not Available,#7 Best Sellers,in Top rated in Portable Fans,2.8,3,5.2k+ sold recently,"1pc AA Battery Operated Portable Mini Fan With Hanging Cord, Single-Speed Adjustment For Outdoor/Simple Desig"
955,Data Not Availabe,Link Not Available,#7 Best Sellers,in Egg Tools,1.2,3,Recently Not Sell,"1pc AA Battery Operated Portable Mini Fan With Hanging Cord, Single-Speed Adjustment For Outdoor/Simple Desig"
956,Data Not Availabe,Link Not Available,#7 Best Sellers,in Egg Tools,2.5,3,70+ sold recently,"1pc 4-Cup Egg Frying Pan, Kitchen Baking Mold Flower Shaped Silicone Egg Frying P"
957,Data Not Availabe,Link Not Available,#7 Best Sellers,in Egg Tools,3.4,3,100+ sold recently,"1pc 4-Cup Egg Frying Pan, Kitchen Baking Mold Flower Shaped Silicone Egg Frying P"
958,Data Not Availabe,Link Not Available,#2 Best Sellers,in Egg Tools,2.5,3,Recently Not Sell,"1pc Semi-automatic Rotary Egg Beater, Stainless Steel Egg Whisk, Kitchen Tools,Hand Press Whisk, Home Baking Tools, Cream Egg Hand Mixer Push Whisk Blender For Home - Versatile Tool For Egg Beater, Milk Frother, Hand Push Mixer Stirrer - Kitchen Utensil For Blending, Whisking, Beating"
959,Data Not Availabe,Link Not Available,#2 Best Sellers,in Egg Tools,5.12,20,1.3k+ sold recently,"1pc Semi-automatic Rotary Egg Beater, Stainless Steel Egg Whisk, Kitchen Tools,Hand Press Whisk, Home Baking Tools, Cream Egg Hand Mixer Push Whisk Blender For Home - Versatile Tool For Egg Beater, Milk Frother, Hand Push Mixer Stirrer - Kitchen Utensil For Blending, Whisking, Beating"
960,Data Not Availabe,Link Not Available,#2 Best Sellers,in Egg Tools,3.65,4,5.0k+ sold recently,1pc Rechargeable Mobile Handheld Mini Fan With 400 Mah Lithium Battery
961,Data Not Availabe,Link Not Available,#2 Best Sellers,in Egg Tools,8.3,4,1.8k+ sold recently,1pc Rechargeable Mobile Handheld Mini Fan With 400 Mah Lithium Battery
962,Data Not Availabe,Link Not Available,#2 Best Sellers,in Egg Tools,8.1,4,4.3k+ sold recently,1pc Rechargeable Mobile Handheld Mini Fan With 400 Mah Lithium Battery
963,Data Not Availabe,Link Not Available,#2 Best Sellers,in Egg Tools,8.1,4,800+ sold recently,1pc Rechargeable Mobile Handheld Mini Fan With 400 Mah Lithium Battery
964,Data Not Availabe,Link Not Available,#1 Best Sellers,in Aroma Diffuser,4.6,4,Recently Not Sell,"4pcs 10ml Essential Oil Refill For Aromatherapy Candles, Fragrant Stones And Gypsum, Oil-Based, Not Suitable For Humidifiers"
965,Data Not Availabe,Link Not Available,#1 Best Sellers,in Aroma Diffuser,3.65,4,4.8k+ sold recently,1pc Rechargeable 400mah Lithium Battery Portable Handheld Mini F
966,Data Not Availabe,Link Not Available,#4 Best Sellers,in Power Toothbrushes,6.9,4,Recently Not Sell,"6 Modes Multi-Functional Electric Sonic Toothbrush, Including 8Pcs/4Pcs Brush Heads Set, With 2 Minutes Smart Timer/30S Zone-Switch Reminder, Home Use Waterproof Usb Rechargeable Automatic Toothbrush Suitable For Couple, Adult, Kids, Oral Care Or Travel Us"
967,Data Not Availabe,Link Not Available,#3 Best Sellers,in Car Vacuum Cleaner,21.0,4,Recently Not Sell,Au Wireless Green Strong-suction Cordless Vacuum Cleaner For Home And Car Us
968,Data Not Availabe,Link Not Available,#3 Best Sellers,in Car Vacuum Cleaner,4.52,13,300+ sold recently,"Portable Multi-Functional Usb Rechargeable Sonic Electric Toothbrush With 30s Zone Change Reminder, 2 Min Timer, Whitening Function, 6 Replacement Heads, Waterproof Oral Care Brush, Ideal For Men & Women Home Travel, Perfect Gif"
969,Data Not Availabe,Link Not Available,#8 Best Sellers,in Lint Removers,5.8,13,Recently Not Sell,"1pc Mini Usb Rechargeable Electric Lint Remover With Data Cable, Portable Clothes Shaver Suitable For Daily Us"
970,Data Not Availabe,Link Not Available,#4 Best Sellers,in Oral Care Appliances,5.7,13,Recently Not Sell,1pc Rechargeable Electric Toothbrush With 6 Gear Adjustments And 4 Brush Heads
971,Data Not Availabe,Link Not Available,#5 Best Sellers,in Humidifier,1.08,66,Recently Not Sell,1pc Rechargeable Electric Toothbrush With 6 Gear Adjustments And 4 Brush Heads
972,Data Not Availabe,Link Not Available,#5 Best Sellers,in Humidifier,2.0,66,60+ sold recently,"1pc Kitchen Small Gadget Silicone Egg Beater Whisk With Egg Mixing Tool, Whi"
973,Data Not Availabe,Link Not Available,#5 Best Sellers,in Humidifier,3.0,66,3.8k+ sold recently,"1pc Handheld Fan With Strap, Portable, Self-Installed Battery And 1 Speed Setting"
974,Data Not Availabe,Link Not Available,#7 Best Sellers,in Lint Removers,5.8,66,Recently Not Sell,1pc Mini Portable Electric Lint Remover & Fabric Shaver With Usb Data Cable For Daily Use In Removing Clothes Bubbles
975,Data Not Availabe,Link Not Available,#7 Best Sellers,in Lint Removers,8.1,66,1.8k+ sold recently,1pc Mini Portable Electric Lint Remover & Fabric Shaver With Usb Data Cable For Daily Use In Removing Clothes Bubbles
976,Data Not Availabe,Link Not Available,#7 Best Sellers,in Lint Removers,4.6,66,4.2k+ sold recently,1pc Mini Portable Electric Lint Remover & Fabric Shaver With Usb Data Cable For Daily Use In Removing Clothes Bubbles
977,Data Not Availabe,Link Not Available,#7 Best Sellers,in Lint Removers,6.5,66,400+ sold recently,Handheld Fan With 6-Speed Adjustment And Battery Level Display
978,Data Not Availabe,Link Not Available,#7 Best Sellers,in Lint Removers,8.4,7,70+ sold recently,"1pc Rechargeable 1800mah Battery Digital Display Mini Portable Fan With Foldable, Desktop, Handheld, And Neck-Hanging Function, 5 Blades, 5-Speeds, Ultra-Qui"
979,Data Not Availabe,Link Not Available,#7 Best Sellers,in Lint Removers,9.78,15,60+ sold recently,"1pc Rechargeable 1800mah Battery Digital Display Mini Portable Fan With Foldable, Desktop, Handheld, And Neck-Hanging Function, 5 Blades, 5-Speeds, Ultra-Qui"
980,Data Not Availabe,Link Not Available,#7 Best Sellers,in Lint Removers,3.65,4,2.6k+ sold recently,1pc Rechargeable Portable Handheld Fan With 400mah Lithium Battery
981,Data Not Availabe,Link Not Available,#5 Best Sellers,in Car Vacuum Cleaner,20.3,4,Recently Not Sell,Au Wireless Black Strong Suction Dual Purpose Vacuum Cleaner For Home And Car
982,Data Not Availabe,Link Not Available,#5 Best Sellers,in Car Vacuum Cleaner,1.23,60,4.8k+ sold recently,"1pc Mini Portable Handheld Fan With Hanger, Requires 2 Aaa Batteries (Not Included)"
983,Data Not Availabe,Link Not Available,#7 Best Sellers,in Car Electronics,18.1,60,Recently Not Sell,Au-1 Corded White Vacuum Cleaner
984,Data Not Availabe,Link Not Available,#7 Best Sellers,in Car Electronics,6.9,5,700+ sold recently,Au-1 Corded White Vacuum Cleaner
985,Data Not Availabe,Link Not Available,#7 Best Sellers,in Car Electronics,7.6,5,200+ sold recently,Au-1 Corded White Vacuum Cleaner
986,Data Not Availabe,Link Not Available,#7 Best Sellers,in Car Electronics,5.7,3,200+ sold recently,"Pocket Mirror, 1X/2X Magnification LED Compact Travel Makeup Mirror With Light For Purse, 2-Sided, Portable, Folding, Handheld, Small Lighted Mirror For Gift, Pink Y2k Mom Gifts Valentines Gift Boyfriend Gifts Valentine Day Gifts Pink Cute St Patrick Day"
987,Data Not Availabe,Link Not Available,#7 Best Sellers,in Car Electronics,1.62,68,4.4k+ sold recently,"Pocket Mirror, 1X/2X Magnification LED Compact Travel Makeup Mirror With Light For Purse, 2-Sided, Portable, Folding, Handheld, Small Lighted Mirror For Gift, Pink Y2k Mom Gifts Valentines Gift Boyfriend Gifts Valentine Day Gifts Pink Cute St Patrick Day"
988,Data Not Availabe,Link Not Available,#7 Best Sellers,in Car Electronics,8.9,8,20+ sold recently,"USB Rechargeable LED Travel Makeup Mirror With 3 Lighting Modes, Polished Surface, Foldable Portable Vanity Mirror, Compatible With Glass, With Rechargeable Lithium Battery, Odorless"
989,Data Not Availabe,Link Not Available,#7 Best Sellers,in Car Electronics,4.8,8,3.1k+ sold recently,"USB Rechargeable LED Travel Makeup Mirror With 3 Lighting Modes, Polished Surface, Foldable Portable Vanity Mirror, Compatible With Glass, With Rechargeable Lithium Battery, Odorless"
990,Data Not Availabe,Link Not Available,#7 Best Sellers,in Car Electronics,3.0,3,100+ sold recently,"USB Rechargeable LED Travel Makeup Mirror With 3 Lighting Modes, Polished Surface, Foldable Portable Vanity Mirror, Compatible With Glass, With Rechargeable Lithium Battery, Odorless"
991,Data Not Availabe,Link Not Available,#7 Best Sellers,in Car Electronics,9.9,4,500+ sold recently,"USB Rechargeable LED Travel Makeup Mirror With 3 Lighting Modes, Polished Surface, Foldable Portable Vanity Mirror, Compatible With Glass, With Rechargeable Lithium Battery, Odorless"
992,Data Not Availabe,Link Not Available,#7 Best Sellers,in Car Electronics,7.6,4,300+ sold recently,"USB Rechargeable LED Travel Makeup Mirror With 3 Lighting Modes, Polished Surface, Foldable Portable Vanity Mirror, Compatible With Glass, With Rechargeable Lithium Battery, Odorless"
994,Data Not Availabe,Link Not Available,#7 Best Sellers,in Car Electronics,4.2,4,1.3k+ sold recently,"1pc Rechargeable 500mAh Battery Handheld LED Light Mini Fan With Cat Ear Shape, 3 Adjustable Speeds, Outdoor,  Including Charging Cabl"
995,Data Not Availabe,Link Not Available,#7 Best Sellers,in Car Electronics,3.8,4,Recently Not Sell,"1pc Silicone Kneading Bag For Restaurant, Flour Mixing Bag, Multifunctional Dough Mixing Bag, Suitable For Bread, Pastry, Pizza, Corn Cake, Flour Mixing Bag, Storage Bag, Cooking Tool For Restaur"
996,Data Not Availabe,Link Not Available,#7 Best Sellers,in Car Electronics,3.5,4,100+ sold recently,1pc 6W Mini Nail Dryer Machine Portable 6 LED UV Manicure Lamp Home Use Nail Lamp For Drying Polish Varnish With USB Power Cor
997,Data Not Availabe,Link Not Available,#7 Best Sellers,in Car Electronics,7.09,19,20+ sold recently,"1pc  Milk Frother With Replacement Head, Rechargeable Electric Drink Mixer For Kitch"
998,Data Not Availabe,Link Not Available,#7 Best Sellers,in Car Electronics,14.99,70,20+ sold recently,HOMM Foot Massage For Neuropathy -Feet Massager With Remote Control For Circulation And Pain Relief For Improved Circulation Or Muscle Relaxation And Pain Relief
999,Data Not Availabe,Link Not Available,#7 Best Sellers,in Car Electronics,9.9,4,400+ sold recently,HOMM Foot Massage For Neuropathy -Feet Massager With Remote Control For Circulation And Pain Relief For Improved Circulation Or Muscle Relaxation And Pain Relief
1000,Data Not Availabe,Link Not Available,#7 Best Sellers,in Car Electronics,3.0,50,800+ sold recently,"1PC Cartoon Plastic Water Bottle, Cute Straw Cup With Strap,600ml/20.29oz, Portable Water Bottle For Sports, Fitness, Outdoor Travel, Back To School Supplies"
1001,Data Not Availabe,Link Not Available,#9 Best Sellers,in Electronic Foot Files,18.2,50,Recently Not Sell,"Exfoliating Vacuum Foot Grinder, Electric Foot Files for Hard SkinRemover, Pedicure Tools for Man & Woman Stubborn Thick Callus DeadSkin Removing"
1002,Data Not Availabe,Link Not Available,#1 Best Sellers,in Slow Cookers,4.9,50,Recently Not Sell,"Slow Cooker Liners,10 Count Cooking Bags, BPA Free, Kitchen Disposable, for Oval or Round Pot, Size 13 x 21 Inches , Fit 3QT to 8QT"
1003,Data Not Availabe,Link Not Available,#1 Best Sellers,in Slow Cookers,21.99,19,10+ sold recently,"ColdSky Portable Handheld Turbo Fan, 5 Speed Adjustable Personal Small Fan With Digital Display, Powerful High Speed 6000mAh Battery Operated Cooling Fan With Base For Outdoors, Travel, Home, Desk"
1004,Data Not Availabe,Link Not Available,#1 Best Sellers,in Slow Cookers,4.61,29,100+ sold recently,"Handheld Fan, 6-Speed Adjustment, Battery Display"
1005,Data Not Availabe,Link Not Available,#1 Best Sellers,in Slow Cookers,15.11,32,100+ sold recently,"2pcs Professional Hair Clippers For Men, Hair Trimmer Barber Clippers Set, Beard Trimmer Cordless Hair Cutting Grooming Haircut Kit, Holiday Gift For Him"
1006,Data Not Availabe,Link Not Available,#1 Best Sellers,in Slow Cookers,5.0,32,1.8k+ sold recently,"2pcs Professional Hair Clippers For Men, Hair Trimmer Barber Clippers Set, Beard Trimmer Cordless Hair Cutting Grooming Haircut Kit, Holiday Gift For Him"
1007,Data Not Availabe,Link Not Available,#1 Best Sellers,in Slow Cookers,13.7,32,100+ sold recently,Super 4-In-1 Facial Wand | Red Light Therapy For Face And Neck | Microcurrent Facial Device For Anti-Aging | Face Massager
1008,Data Not Availabe,Link Not Available,#1 Best Sellers,in Slow Cookers,10.5,32,700+ sold recently,Light Pink Portable Handheld Car Vacuum Cleaner
1009,Data Not Availabe,Link Not Available,#1 Best Sellers,in Slow Cookers,3.5,32,50+ sold recently,"1pc Rechargeable Eyebrow Hair Remover Usb Painless Precision Trimmer For Face, Lips, Nose Hair Removal Unisex"
1010,Data Not Availabe,Link Not Available,#1 Best Sellers,in Slow Cookers,51.9,32,10+ sold recently,7 Color LED Light Therapy Facial And Body Skin Care Machine For Women - Multifunctional Folable Beauty Device For Home And Salon Us
1011,Data Not Availabe,Link Not Available,#1 Best Sellers,in Slow Cookers,3.16,1,80+ sold recently,"1pc 500mAh Rechargeable Lithium Battery Handheld Mini Fan With 3 Adjustable Speeds, USB Charging Cable And Lanyar"
1012,Data Not Availabe,Link Not Available,#7 Best Sellers,in Electric Hair Clippers,21.2,4,Recently Not Sell,Professional Hair Clippers For Men Hair Trimmer Barber Clippers Set Beard Trimmer Cordless Hair Cutting Grooming Haircut Kit With T-Blade Zero Gapped Rechargeable Adjustable Haircut Machine Trimmer Shaver
1013,Data Not Availabe,Link Not Available,#7 Best Sellers,in Electric Hair Clippers,1.5,4,30+ sold recently,"1pc Facial Massage Stick For Eye Care, Anti-Wrinkle, Absorption, Reduce Swelling, Eye Cream Applicator"
1014,Data Not Availabe,Link Not Available,#7 Best Sellers,in Electric Hair Clippers,21.0,4,Recently Not Sell,"1 Mushroom Rain Cloud Humidifier, 7 LED Light Droplets Cute Essential Oil Diffuser Rain Cloud Night Light, Quiet Humidifier For Room Relaxation Decoration, Small Night Light, Sleep Ligh"
1015,Data Not Availabe,Link Not Available,#7 Best Sellers,in Electric Grills & Electric Griddles,40.31,28,Recently Not Sell,"Indoor Grill Electric Smokeless, Indoor Grills For Kitchen With Non-Stick Cooking Removable Plate, Portable Korean BBQ Grill With Removable Temperature Control, Dishwasher Safe, 1500W"
1016,Data Not Availabe,Link Not Available,#7 Best Sellers,in Electric Grills & Electric Griddles,16.1,4,60+ sold recently,"Electric Razors For Women, BestMal Bikini Trimmer 5 In 1 Electric Shaver Razor For Women Wet/Dry Face Razors For Face Nose Eyebrow Arms Armpit Legs Pubic Area Painless Facial Hair Removal For Wom"
1017,Data Not Availabe,Link Not Available,#7 Best Sellers,in Electric Grills & Electric Griddles,3.1,4,10+ sold recently,"Portable Mini Reusable Crystal Depilatory Tool, Safe And Painless Hair Removal, Easy To Clean After Us"
1018,Data Not Availabe,Link Not Available,#7 Best Sellers,in Electric Grills & Electric Griddles,2.84,34,50+ sold recently,"1pc Mushroom Shaped Night Light, Desktop Decoration Table Lamp For Bedroom, Nursery, Kids Room, Mini Led Atmosphere Night Lamp, Glowing Toy Gif"
1019,Data Not Availabe,Link Not Available,#7 Best Sellers,in Electric Grills & Electric Griddles,2.7,34,Recently Not Sell,"1pc Red/Yellow Boiled Egg Timer, Color-Changing Boiled Egg Timer, Reusable Boiled Eggs And Boiled Eggs Heat Sensitive Durable Kitchen Tools For Breakfast, For Restaurant Us"
1020,Data Not Availabe,Link Not Available,#2 Best Sellers,in Aroma Diffuser,3.6,34,Recently Not Sell,"1pc Digital Display Aromatherapy Machine, Automatic Spraying Machine For Hotel, Toilet, Home, Air Refresher"
1021,Data Not Availabe,Link Not Available,#2 Best Sellers,in Aroma Diffuser,1.7,48,1.1k+ sold recently,"1pc Digital Display Aromatherapy Machine, Automatic Spraying Machine For Hotel, Toilet, Home, Air Refresher"
1022,Data Not Availabe,Link Not Available,#8 Best Sellers,in Kitchen Scales,11.7,48,Recently Not Sell,"1pc, Food Scale Black, 22lb/10kg Digital Kitchen Scale Grams And Oz For Baking Cooking And Weight Loss, 1g/0.04oz Precise Graduation, Easy Clean Stainless Steel, Kitchen Gadgets, Kitchen Supplies, Kitchen Tools, Kitchen Stuff, Kitchen Utensils"
1023,Data Not Availabe,Link Not Available,#8 Best Sellers,in Kitchen Scales,25.9,14,Recently Not Sell,"Household Oral Irrigator, Calculus Removal Tooth Cleaner, Water Flosser, Electric Tooth Rinser, Portable Tooth Cleaning Artifac"
1024,Data Not Availabe,Link Not Available,#8 Best Sellers,in Kitchen Scales,3.0,14,200+ sold recently,"1pc AA Battery Powered Portable Handheld Mini Fan With Hanging Strap, Simple Outdoor Style, One Speed Level Adjustm"
1025,Data Not Availabe,Link Not Available,#8 Best Sellers,in Kitchen Scales,0.85,50,Recently Not Sell,"4 Pcs Bread Bag Clips Value Set Grade Food Bag Squeeze Clips Food Fruit Bread Bag Cinch Non-Slip Grip Sealer Rubber Pads Or Lid On Bottom, Easy To Squeeze Lock Releas"
1026,Data Not Availabe,Link Not Available,#5 Best Sellers,in Women Shave & Hair Removal Appliances,3.4,3,Recently Not Sell,1pc Charging Epilator Face Hair Removal Lipstick Shaver Electric Eyebrow Trimmer Women's Painless Hair Remover Mini Shaver Epilator For Wom
1027,Data Not Availabe,Link Not Available,#5 Best Sellers,in Women Shave & Hair Removal Appliances,2.5,3,10+ sold recently,"1pc Mini Temperature And Humidity Meter With Temperature Switch, Electronic Temperature And Humidity Display, Car Temperature And Humidity Measur"
1028,Data Not Availabe,Link Not Available,#3 Best Sellers,in Aroma Diffuser,13.8,3,Recently Not Sell,"1pc 500ml Yellow Wood Grain Color Usb Powered Aromatherapy Diffuser SQ5, Essential Oil Aroma Diffuser Designed With Auto Shut Off (When Water Run Out) And 7 Color Atmosphere Lights, Comes With A Remote Control, Suitable For Room, Office, Spa Aromatherapy Fragranc"
1029,Data Not Availabe,Link Not Available,#3 Best Sellers,in Aroma Diffuser,11.88,34,100+ sold recently,Massage Comb| Electric Spray Massage Comb Three Gear Vibrating Spray Massage Comb Micro Current Head Meridian Massager Physiotherapy Red And Blue Light Nourishing Scalp
1030,Data Not Availabe,Link Not Available,#3 Best Sellers,in Aroma Diffuser,8.4,6,10+ sold recently,"10X Magnifying LED Fill Light Makeup Mirror, Vanity Mirror, Beauty Lighted Mirror With Suction Cup, Bathroom Mirror, Makeup Mirror, Dry Battery Fill Light Mirror, Bathroom Mirror, Detachable, Portable Beauty And Personal Care... Bathroom Mirror"
1031,Data Not Availabe,Link Not Available,#6 Best Sellers,in Hair Curling Irons,15.4,6,Recently Not Sell,"1pc Stainless Steel Hair Curling Iron, Modern Two Tone Styling Tool For Hom"
1032,Data Not Availabe,Link Not Available,#6 Best Sellers,in Hair Curling Irons,2.6,6,100+ sold recently,"1pc Pink Miniature Egg-Shaped Led Nail Dryer Cure Lamp For Nail Polish Gel Manicure, Usb Powered Portable Nail Lamp, A Great Gift For Women Who Love Nail Ar"
1033,Data Not Availabe,Link Not Available,#6 Best Sellers,in Hair Curling Irons,28.1,6,Recently Not Sell,"2200mah Rechargeable Electric Vibrating Massager, In-Stock, Home Portable Handheld Massage Devic"
1034,Data Not Availabe,Link Not Available,#6 Best Sellers,in Hair Curling Irons,2.2,6,30+ sold recently,"16/12/4pcs Professional Replacement Toothbrush Heads For Series, Soft Bristles Brush For Best Oral Car"
1035,Data Not Availabe,Link Not Available,#9 Best Sellers,in Led Makeup Mirror,11.1,3,Recently Not Sell,"Car Sun Visor LED Makeup Mirror, Rechargeable Led Mirror With Dimmable Touch Screen, Makeup Mirror With 3 Light Modes,Adjustable Brightness, Clip-On Rear View Sun-Shading Cosmetic Mirror, Car Accessories"
1036,Data Not Availabe,Link Not Available,#3 Best Sellers,in Portable Vacuums,7.7,3,Recently Not Sell,"1pc Multifunctional Handheld Wireless Car/Home Vacuum Cleaner With Strong Suction, High-Power Dust Blower For Desktop Cleaning"
1037,Data Not Availabe,Link Not Available,#10 Best Sellers,in Milk Frothers,15.0,3,Recently Not Sell,"1pc 7-Speed Electric Hand Mixer With Dough Hooks, Beaters, And Whisk - Easy Mixing And Baking, 220V, Whi"
1038,Data Not Availabe,Link Not Available,#10 Best Sellers,in Milk Frothers,7.9,3,200+ sold recently,"1pc 7-Speed Electric Hand Mixer With Dough Hooks, Beaters, And Whisk - Easy Mixing And Baking, 220V, Whi"
1039,Data Not Availabe,Link Not Available,#10 Best Sellers,in Milk Frothers,2.4,4,80+ sold recently,"Men USB Quick Rechargeable Electric Shaver Portable Mini Beard Razor Hair Clipper Turbo Rotating Razor With Detachable Blade Head For Home Travel Use, Gender Neutral"
1040,Data Not Availabe,Link Not Available,#10 Best Sellers,in Milk Frothers,7.3,4,Recently Not Sell,"1pc Multifunctional USB Rechargeable Electric Eyelash Curler And Eyebrow Trimmer, Portable 2-In-1 Heating Eyelash Curler"
1041,Data Not Availabe,Link Not Available,#10 Best Sellers,in Milk Frothers,13.3,4,70+ sold recently,"New 2024 Ultra Light Neck Fan With Long Battery Life, TYPE-C Fast Charging, LED Display, No-Blade Design. Portable USB Mini Fan For Outdoor, Indoor Activities Such As College, Shopping, Working, Traveling And Fishing."
1042,Data Not Availabe,Link Not Available,#10 Best Sellers,in Milk Frothers,5.66,36,70+ sold recently,"Water Bottle With LED Temperature Display,Double Walled Vacuum Insulated Water Bottle,Stainless Steel Sports AutomotiveTravel Mug,BPA-Free Leak Proof Keep Cold And Keep Warm 12H"
1043,Data Not Availabe,Link Not Available,#7 Best Sellers,in Hair Dryers,1.8,40,Recently Not Sell,"Hair Dryer Cap Heat Styling And Conditioning Cap For Home Use, Ideal For Drying And Styling Hair"
1044,Data Not Availabe,Link Not Available,#10 Best Sellers,in Styling Tools & Appliances,5.7,40,Recently Not Sell,"Professional Cordless Hair Trimmer, Men's T-Shaped Blade Hair Clipper, Zero-Gap Trimmer Rechargeable Beard Trimmer Sharpener"
1045,Data Not Availabe,Link Not Available,#10 Best Sellers,in Styling Tools & Appliances,14.2,40,200+ sold recently,8 Modes 15 Intensities EMS Massage Nerve Stimulator TENS Machine Body Massager Full Body Massage With 5pcs Cervical EMS Pulse Massage Stickers
1046,Data Not Availabe,Link Not Available,#10 Best Sellers,in Styling Tools & Appliances,59.99,67,100+ sold recently,"Tower Fan, 36"" Oscillating Tower Cooling Fan With Remote Control, 12-Hour Timer And Sleep Mode, Portable Stand Up Floor Bladeless Fan (Black)"
1047,Data Not Availabe,Link Not Available,#10 Best Sellers,in Styling Tools & Appliances,4.9,2,40+ sold recently,1pc Rechargeable Portable Handheld Mini Fan With LED Light And USB Charging Cabl
1048,Data Not Availabe,Link Not Available,#10 Best Sellers,in Styling Tools & Appliances,9.2,2,40+ sold recently,"Portable Mini Electric Juicer, USB Rechargeable Smoothie Maker, Automatic Freshly Squeezed Orange/Lemon Fruit Blender For Kitch"
1049,Data Not Availabe,Link Not Available,#10 Best Sellers,in Styling Tools & Appliances,4.65,47,100+ sold recently,1pc Manual Colorful Garlic Masher
1050,Data Not Availabe,Link Not Available,#10 Best Sellers,in Styling Tools & Appliances,3.6,47,1.4k+ sold recently,1pc Manual Colorful Garlic Masher
1051,Data Not Availabe,Link Not Available,#10 Best Sellers,in Styling Tools & Appliances,15.9,4,2.8k+ sold recently,"Electric Hair Split Ends Trimmer, Portable Usb Rechargeable Haircut Device Trimmer Shaver Haircut Machine For Home Us"
1052,Data Not Availabe,Link Not Available,#10 Best Sellers,in Styling Tools & Appliances,3.86,47,80+ sold recently,1pc Wooden Yoga Massage Stick - Waist Cervical Spine Back Shoulder Leg Wooden Meridian Fitness Massager
1053,Data Not Availabe,Link Not Available,#10 Best Sellers,in Styling Tools & Appliances,3.95,33,400+ sold recently,1pc Wooden Yoga Massage Stick - Waist Cervical Spine Back Shoulder Leg Wooden Meridian Fitness Massager
1054,Data Not Availabe,Link Not Available,#10 Best Sellers,in Styling Tools & Appliances,9.6,33,Recently Not Sell,"Portable 5-Layer Blade Shaver With Storage Box, Anti-Slip Handle And Smooth Shaving Experience, Ideal For Traveling And Suitable For Both Men And Women, Hair Remover Tool"
1055,Data Not Availabe,Link Not Available,#10 Best Sellers,in Styling Tools & Appliances,7.6,1,1.0k+ sold recently,"Portable 5-Layer Blade Shaver With Storage Box, Anti-Slip Handle And Smooth Shaving Experience, Ideal For Traveling And Suitable For Both Men And Women, Hair Remover Tool"
1056,Data Not Availabe,Link Not Available,#10 Best Sellers,in Styling Tools & Appliances,10.5,1,40+ sold recently,"1pc Visual Timer (vt01) In Blue Color, Suitable For Learning, Kitchen, Office, Etc."
1057,Data Not Availabe,Link Not Available,#10 Best Sellers,in Styling Tools & Appliances,4.3,1,100+ sold recently,Vibrating Massager Remove Dark Eye Circles Remove Eye Bags Mini Massage Pen Lifting And Firming Beauty Instrum
1058,Data Not Availabe,Link Not Available,#10 Best Sellers,in Styling Tools & Appliances,13.4,1,90+ sold recently,"1pc, Car Fan, Powerful 12v24v Rear Seat Back Usb Interface Double-Head Electric Fan, Strong Wind, Small And Portable, Does Not Take Up Space In The Car,Car Supplies Picnic Travel Summer Essential Beach Vacation Essential Back To School Supplies"
1059,Data Not Availabe,Link Not Available,#10 Best Sellers,in Styling Tools & Appliances,17.13,28,Recently Not Sell,"Slicer Shredder Attachment For All KitchenAid Stand Mixer With 5 Blades, Even For The Cuisinart Stand Mixer S-M-50, S-M-50BC, And S-M-50R"
1060,Data Not Availabe,Link Not Available,#3 Best Sellers,in Popcorn Makers,34.2,28,Recently Not Sell,"1pc DIY Cotton Candy Maker, Portable Cotton Candy Machine, Mini Homemade Cotton Candy Production Machine, Efficient Heating Mini Cotton Candy Maker, Ideal For Birthday Parties"
1061,Data Not Availabe,Link Not Available,#3 Best Sellers,in Popcorn Makers,10.4,4,10+ sold recently,"1pc10x Magnifying LED Lighted Makeup Mirror, Bathroom Magnification Vanity Mirror With Suction Cup, 360 Degree Swivel, Daylight, Battery Operated, Cordless & Travel Mirror"
1062,Data Not Availabe,Link Not Available,#3 Best Sellers,in Popcorn Makers,4.3,4,60+ sold recently,"1pc Purple/Pink Electric Facial Cleansing Brush, Silicone Mini Face Wash Machine For Women And Men, Waterproof And Portable, With Built-In Battery, Ultrasonic Soft Hair Cleaning Device For Face Pore, Non-Replaceable, Can Be Soaked, Washed And Travel-Friendly; Great Gift For Girlfriend, Wife, Mother, Valentine's Day"
1063,Data Not Availabe,Link Not Available,#3 Best Sellers,in Popcorn Makers,0.95,47,Recently Not Sell,"1pc, Whisk, Stainless Steel Egg Beater, Blender, Mixer, For Blending, Whisking, Beating And Stirring, Baking Tools, Kitchen Gadgets, Kitchen Accessories"
1064,Data Not Availabe,Link Not Available,#3 Best Sellers,in Popcorn Makers,10.9,4,2.0k+ sold recently,"1pc 2024 New Car Sun Visor LED Cosmetic Mirror, Rechargeable Led Car Makeup Mirror With Dimmable Touch Screen, Makeup Mirror With 3 Light Modes, Clip-On Rear View Sun-Shading Cosmetic Mirror, Car Accessories"
1065,Data Not Availabe,Link Not Available,#7 Best Sellers,in Specialty Kitchen Appliances,16.9,4,Recently Not Sell,"Vacuum Sealer With Built-in Cutter And Bag Storage Function, Air Sealing Machine For Sous Vide And Food Preservation, With 10 Vacuum Sealer Bags"
1066,Data Not Availabe,Link Not Available,#7 Best Sellers,in Specialty Kitchen Appliances,169.99,15,40+ sold recently,"COSVALVE Drinking Water Dispenser, 5 Gallon Top Loading Hot and Cold Water Dispenser with Refrigerated Cabinet, Compression Cooling with Child Safety Lock for Home Offices, Apartments and Dormitories"
1067,Data Not Availabe,Link Not Available,#7 Best Sellers,in Specialty Kitchen Appliances,11.7,12,Recently Not Sell,"1pc Cordless Heating Pad, 3 Temperature Heating Levels, 4 Vibration Massage Modes, Fast And Effective Back And Abdominal Massage Heating, Comfortable Warming Pad For Women And Girls"
1068,Data Not Availabe,Link Not Available,#7 Best Sellers,in Specialty Kitchen Appliances,7.36,23,80+ sold recently,"1pc Portable Air Humidifier, 300ml USB Desktop Diffuser Humidifier with LED Night Ligh"
1069,Data Not Availabe,Link Not Available,#7 Best Sellers,in Specialty Kitchen Appliances,10.08,55,80+ sold recently,"Mini Foldable & Telescopic Fan, Usb Charging, Quiet, Portable, Floor & Desk F"
1070,Data Not Availabe,Link Not Available,#9 Best Sellers,in Kitchen Scales,5.36,19,Recently Not Sell,"1pc  Kitchen Digital Scale, Kitchen Scale, Food Scale, Kitchen Weighing Scale, LED Electronic Scale, Kitchen Food Scale, Kitchen Restaurant Food Weight Measuring Tool, Kitchen Baking Tool, 11.02LB/0.04oz (Not Included Battery )"
1071,Data Not Availabe,Link Not Available,#9 Best Sellers,in Kitchen Scales,2.3,23,100+ sold recently,"Battery Operated Mini Portable Fan, Lightweight Handheld Fan - Ideal For Office, Outdoor, Traveling And Camping - Stay Cool Anytime, Anywhere! (Requires AAA Batteries, Not Included)"
1072,Data Not Availabe,Link Not Available,#9 Best Sellers,in Kitchen Scales,8.7,23,60+ sold recently,2024 New Rechargeable 1200mAh Mini Table Fan Foldable Desk Fan With LED Display 3 Speed  Portable Wall-Mounted Fan For Home Office Outdoor
1073,Data Not Availabe,Link Not Available,#9 Best Sellers,in Kitchen Scales,4.4,23,700+ sold recently,"1pc White Portable Mini Handheld Fan With Charging Cord & Hanging Rope, Usb Rechargeable Battery, 3 Speed Settings, Strong Personal Desk Fan, Suitable For Women, Men, Home, Office, Makeup, Outdoor Travel"
1074,Data Not Availabe,Link Not Available,#9 Best Sellers,in Kitchen Scales,3.5,23,100+ sold recently,"1pc Plug-in Dual Speaker Ultrasonic Pest Repeller, Indoor Insect And Rodent Repellent For Mosquitoes, Bugs, Mice, Spiders, Bed Bugs, Ants And Cockroaches"
1075,Data Not Availabe,Link Not Available,#10 Best Sellers,in Massage Tools & Equipment,33.8,6,Recently Not Sell,"1pc Electric Rechargeable Shiatsu Shoulder & Neck Massager With 6D Simulated Massage Head, For Home, Office, Travel, Holiday Gifts"
1076,Data Not Availabe,Link Not Available,#10 Best Sellers,in Massage Tools & Equipment,4.3,4,300+ sold recently,"1 Pack Painless Portable 2-In-1 Electric Epilator And Hair Remover For Women - Eyebrow Trimmer, Lipstick Shape Razor Shaver Shaver And Hair Remover For Women - Mini Size For Eyebrow, Lipstick, And Facial Hair Removal"
1077,Data Not Availabe,Link Not Available,#10 Best Sellers,in Massage Tools & Equipment,10.6,19,30+ sold recently,Powerful 304 Stainless Steel Portable Electric Food Chopper & Processor - Plastic 350ml Mini Usb Wireless Handheld Garlic Slicer For Vegetables & M
1078,Data Not Availabe,Link Not Available,#10 Best Sellers,in Massage Tools & Equipment,17.05,13,300+ sold recently,"Rechargeable Hair Trimmer For Split Ends, Portable Electric Hair Cutting Machine For Home Use, Trimmer Shaver Automatic Clippers For Men And Wom"
1079,Data Not Availabe,Link Not Available,#10 Best Sellers,in Massage Tools & Equipment,12.6,13,10+ sold recently,"Air Humidifier Small Volcano Humidifier, 300ml/10.14oz Desktop USB Humidifier With  Atmosphere Night Lights, Simulation  Flame Humidifier, Air Humidification For Home Bedroom Offic"
1080,Data Not Availabe,Link Not Available,#8 Best Sellers,in Electronic Foot Files,13.5,13,Recently Not Sell,Electric Nail Drill Professional Manicure Machine Nail Sander Set Nail Drill Bit Portable Nail Salon Polisher Equipm
1081,Data Not Availabe,Link Not Available,#8 Best Sellers,in Electronic Foot Files,15.4,4,200+ sold recently,1Pc Women Rechargeable Automatic Wireless Ceramic Rotation Hair Curler Digital Temperature Control Electric Curling Iron Fast Heating Iron Curling W
1082,Data Not Availabe,Link Not Available,#8 Best Sellers,in Electronic Foot Files,11.2,4,Recently Not Sell,"400ml Wireless Portable Electric Juicer, USB Rechargeable Mini Fruit Juicer With 6 Blades And Dual Cup, Multi-Functional Juice Cup Blender Mixer, Perfect For Vegetables, Fruits, And Milkshakes,Vegetable Fruit Tools,Kitchen Items,Cutter,Food,Salad,Decor,Storage,Party,Birthday,Camping,Summer Beach."
1083,Data Not Availabe,Link Not Available,#8 Best Sellers,in Electronic Foot Files,13.8,4,30+ sold recently,"Black Teeth Whitening Kit Gel Pen, 16x LED Light Teeth Whitening Agent For Sensitive Teeth Care, Household Dental Beauty Products, With 1pc Mouth Tray & 3pcs 3ml Gel P"
1084,Data Not Availabe,Link Not Available,#8 Best Sellers,in Electronic Foot Files,4.7,4,400+ sold recently,Mini Portable Fan  Cute Handheld Fan Battery Operated Lightweight Small Personal Fan With 3 Speeds And USB Rechargeable Eyelash Fan For Stylish Girl Kids Women Men Office Outdoor Travel Camping
1085,Data Not Availabe,Link Not Available,#5 Best Sellers,in Led Makeup Mirror,4.3,7,Recently Not Sell,High-Definition 5x Mirror Magnification Patch Mirror Three Level Dimming Portable Flip Cover Circular Folding LED Makeup Mirror With One Side Enlarged 2X Beauty Mini USB Light Emitting Charging Small Mirror
1086,Data Not Availabe,Link Not Available,#3 Best Sellers,in Electric Deep Fryers,49.99,58,Recently Not Sell,"Electric Deep Fryer, 1.5 Liters/1.6 Qt. Oil Capacity, Small Deep Fryer With Basket For Home Use, Cool Touch Sides Easy To Clean, Nonstick Bask"
1087,Data Not Availabe,Link Not Available,#3 Best Sellers,in Electric Deep Fryers,7.3,58,100+ sold recently,"Electric Deep Fryer, 1.5 Liters/1.6 Qt. Oil Capacity, Small Deep Fryer With Basket For Home Use, Cool Touch Sides Easy To Clean, Nonstick Bask"
1088,Data Not Availabe,Link Not Available,#3 Best Sellers,in Electric Deep Fryers,6.5,58,10+ sold recently,"1Pc USB Desktop Can Be Any Modeling Fan, Outdoor Stroller Handheld Fan, Summer Quiet Small Multi-Functional Octopus Mini F"
1089,Data Not Availabe,Link Not Available,#3 Best Sellers,in Electric Deep Fryers,4.2,58,Recently Not Sell,"1pc Battery Operated EMS Abdominal Massager With 6 Modes, Portable Training Device CSB-1, Suitable For Home And Office Use For Both Men And Wom"
1090,Data Not Availabe,Link Not Available,#3 Best Sellers,in Electric Deep Fryers,199.99,34,Recently Not Sell,"HOMCOM 9 Lbs Portable Clothes Dryer 120V/850W, 4 Drying Modes, 1.5 Cu.F"
1091,Data Not Availabe,Link Not Available,#2 Best Sellers,in Juicer Machines,12.7,3,Recently Not Sell,"1pc 450ml Wireless Portable Electric Juicer, USB Rechargeable Mini Fruit Juicer Optional Double Cup Portable USB Charging Juice Cup, Super Long Battery Life, Home Fruit Blender For Kitchen, Home, Travel"
1092,Data Not Availabe,Link Not Available,#2 Best Sellers,in Juicer Machines,22.4,3,70+ sold recently,"Aromatherapy Essential Oil Diffuser Sy-Xxj04, 500ml Large Capacity Indoor Smart Ultrasonic Essential Oil Aromatherapy Machine, White, Cold Mist Humidifier, 24-Hour Continuous Spray, Silent Timer Work, Seven Color Lights, Three Spray Methods, Automatic Shut-Off Without Water, Suitable Home, Office, Indoor Sports Us"
1093,Data Not Availabe,Link Not Available,#2 Best Sellers,in Juicer Machines,2.8,3,60+ sold recently,Nail care light mini nail care light baking light nail polish glue quick drying small handheld light treatment machine no black hands usb
1094,Data Not Availabe,Link Not Available,#2 Best Sellers,in Juicer Machines,5.0,9,30+ sold recently,"Electric Cat Dog Steamy Brush, 3 In 1 Self-Cleaning Massage Combs, Rechargeable Cat Comb Floating Hair Removal Comb, Pet Care Pet Grooming Brush For Cat And Dog Remove Tangled And Loose Hair"
1095,Data Not Availabe,Link Not Available,#2 Best Sellers,in Juicer Machines,5.6,2,100+ sold recently,1pc Rechargeable Handheld Mini Milk Frother And Egg Beater With Charging Cabl
1096,Data Not Availabe,Link Not Available,#2 Best Sellers,in Juicer Machines,2.2,4,20+ sold recently,"New Electric Shaver For Men, Washable Mini Beard Trimmer, Portable And Rechargeable, Long And Sleek Design, Ideal Gift For M"
1097,Data Not Availabe,Link Not Available,#2 Best Sellers,in Juicer Machines,7.3,4,1.0k+ sold recently,"1pc ABS Mini Fan, Modern White Handheld Fan For Outdoor"
1098,Data Not Availabe,Link Not Available,#2 Best Sellers,in Juicer Machines,6.3,4,30+ sold recently,Bladeless Neck Hanging Fan Slouchy Quiet Portable Mini Foldable Fan Three Gears Strong Wind Long Battery Lif
1099,Data Not Availabe,Link Not Available,#2 Best Sellers,in Juicer Machines,6.5,6,200+ sold recently,High Definition LED Portable Desktop Dormitory Makeup Mirror Fill Light Beauty Mirror Portable Desktop Makeup Mirror Square Student Folding Mirror LED Mirror USB Plug-In Dry Battery Version (Self Equipped Battery)
1100,Data Not Availabe,Link Not Available,#2 Best Sellers,in Juicer Machines,12.8,4,100+ sold recently,"Electric Shaver, 1pc Men's Rechargeable Wet & Dry Head Waterproof Razor Electric Head Hair Shaver, Upgraded Razor 5 Floating Heads"
1101,Data Not Availabe,Link Not Available,#2 Best Sellers,in Juicer Machines,5.7,3,200+ sold recently,"Electric Shaver, 1pc Men's Rechargeable Wet & Dry Head Waterproof Razor Electric Head Hair Shaver, Upgraded Razor 5 Floating Heads"
1102,Data Not Availabe,Link Not Available,#7 Best Sellers,in Digital Thermometers & Timers,2.56,20,Recently Not Sell,"1pc Electronic Thermometer With Flexible Tip For Accurate Temperature Measurement, Celsius & Fahrenheit Dual Switch, Portable And Suitable For Household Us"
1103,Data Not Availabe,Link Not Available,#7 Best Sellers,in Digital Thermometers & Timers,5.4,2,300+ sold recently,Simple Desktop Handheld USB Charging Summer Dormitory Desktop Fan Pocket Fan Portable Portable Portable Small
1104,Data Not Availabe,Link Not Available,#7 Best Sellers,in Digital Thermometers & Timers,12.6,9,Recently Not Sell,"1pc Portable Juicer, Multifunctional And Rechargeable, With Separable Cup Body And Auto Shut-Off Function, Convenient For Picnic And Travel,Kitchen Portable Fruit Machine,Portable Juicer And Blender,Juice,Lemon."
1105,Data Not Availabe,Link Not Available,#7 Best Sellers,in Digital Thermometers & Timers,10.4,9,500+ sold recently,"White New Desktop Wall-Mounted Electric Fan With Usb For Home, Student Dormitory, Portable Bedside Mini F"
1106,Data Not Availabe,Link Not Available,#7 Best Sellers,in Digital Thermometers & Timers,7.53,43,100+ sold recently,"1set, Electric Juicer Cup, Optional Double Cup Portable Charging Small Sports Juice Cup Student Home Multifunctional Juicer Juicer Cup, Weird Stuff Christmas Gift Ideas Teen Girl Gifts Winter Essential"
1107,Data Not Availabe,Link Not Available,#7 Best Sellers,in Digital Thermometers & Timers,4.8,4,400+ sold recently,Compact Small Mini Gift Vanity Table Folding Led Lights Portable Hand Held Pocket Makeup Mirror 2X Magnifying
1108,Data Not Availabe,Link Not Available,#1 Best Sellers,in Air Fryers,49.99,69,Recently Not Sell,"5.8 Quart Air Fryer, Electric Hot Oven Oilless Multifunctional Cooker With Digital LED Touchscreen, Auto Shut-Off"
1109,Data Not Availabe,Link Not Available,#6 Best Sellers,in Laser Hair Removal Devices,34.65,10,Recently Not Sell,"Painless IPL Epilator Laser Hair Removal Device IPL Hair Removal For Women And Men, At-Home Permanent Hair Removal Device 5 Levels Upgraded 999990 Flashes Hair Remover For Whole Body Armpits Back Legs Arms Face Bikini Line, Corded, Glasses And Razor Included, Handhold Touch Operated, Reduce Hair Growth"
1110,Data Not Availabe,Link Not Available,#6 Best Sellers,in Personal Care Appliance,12.3,4,Recently Not Sell,"Hair Clipper & Trimmer, Hair Clipper,Multifunctional Antique Bronze Color 3-In-1 Quick Charge Long Standby Razor, Shaver, Nose Hair Trimmer, Usb Car Charger, Water Resistant, For Men, Father's Day Gift, Cordless Rechargeable Mens Grooming Kit For Beard, Head, Hair, Body, Groin, And Face Hair Trimmer Shaver For M"
1111,Data Not Availabe,Link Not Available,#6 Best Sellers,in Personal Care Appliance,13.8,4,40+ sold recently,"Air Flame Aroma Volcano Fire Diffuser For Essential Oil, USB Portable Air HumidifirElectric Humidifier 7 Color Night Light Aromatherapy Ultrasonic Cool Mist Diffuser For Home, Bedroom, USB Free Filter Essential Oil Diffuser"
1112,Data Not Availabe,Link Not Available,#6 Best Sellers,in Personal Care Appliance,3.0,3,2.1k+ sold recently,"Lipstick Shaver Electric Hair Removal Machine Eyebrow Trimmer MINI Facial Hair Removal Instrument Lady Face Electric Razor Facial Shaving Instrument For Lip, Chin,Arms,The Best Female Mustache Remover"
1113,Data Not Availabe,Link Not Available,#6 Best Sellers,in Personal Care Appliance,7.1,3,800+ sold recently,"1pc ABS Mini Fan, Modernist Coffee Brown Foldable Handheld Fan For Home, School"
1114,Data Not Availabe,Link Not Available,#6 Best Sellers,in Personal Care Appliance,5.8,5,Recently Not Sell,Pin  Ultrasonic Dog Repellent Pet Dog Trainer LED Flashligh
1115,Data Not Availabe,Link Not Available,#6 Best Sellers,in Massage Tools & Equipment,37.7,5,Recently Not Sell,1pc Multifunctional Neck Massager With Trapezius Hot Compress And Wireless Charging Functio
1116,Data Not Availabe,Link Not Available,#6 Best Sellers,in Massage Tools & Equipment,7.92,40,Recently Not Sell,"1pc Gold Olive Oil Dispenser Bottle Oil Dispenser Bottle For Kitchen Olive Oil Dispenser,Coffee Syrup Dispenser For Coffee Bar Accessories, Cooking Oil Dispenser Glass Bottles,With Random Stickers"
1117,Data Not Availabe,Link Not Available,#6 Best Sellers,in Massage Tools & Equipment,5.0,40,2.9k+ sold recently,"1pc Gold Olive Oil Dispenser Bottle Oil Dispenser Bottle For Kitchen Olive Oil Dispenser,Coffee Syrup Dispenser For Coffee Bar Accessories, Cooking Oil Dispenser Glass Bottles,With Random Stickers"
1118,Data Not Availabe,Link Not Available,#4 Best Sellers,in Electric Blade Grinders,13.67,39,Recently Not Sell,"1pc,  Coffee Grinder,200W Powerful Electric Coffee Grinder,Quiet Spice Grinder,Fresh Grinding For Coffee Beans,Spices,Nuts,Grain,Peanut,One Touch Coffee Mill With Large Capacity"
1119,Data Not Availabe,Link Not Available,#6 Best Sellers,in Digital Thermometers & Timers,2.5,39,Recently Not Sell,"1pc Electronic Digital Thermometer, With Hard Probe, High Accuracy, Portable, Celsius, General Purpose For Home Us"
1120,Data Not Availabe,Link Not Available,#6 Best Sellers,in Digital Thermometers & Timers,15.72,21,50+ sold recently,"1PC 7 Color Flame Humidifier, Capable Of Regularly Changing 7 Flame Colors, With A 150ml Capacity For Automatic Power-Off Protection In Case Of Water Shortage. The Aromatherapy Machine Powered By USB C Cable Is Used For Home, Office, Other Occasions Black (Without Essential Oils)"
1121,Data Not Availabe,Link Not Available,#3 Best Sellers,in Hair Dryers,18.8,4,Recently Not Sell,Lightweight Hair Dryer Powerful Negative Ionic Fast Dry Low Noise Blow Dryer Professional High Speed Salon Hair Dryer Sui
1122,Data Not Availabe,Link Not Available,#6 Best Sellers,in Portable Vacuums,8.88,40,Recently Not Sell,1pc Cordless Handheld Vacuum Cleaner Portable Desktop Cleaning Mini Vacuum Cleaner For Hom
1123,Data Not Availabe,Link Not Available,#6 Best Sellers,in Portable Vacuums,11.97,35,400+ sold recently,A 180kg Intelligent App Connected Body Fat Scale For Home Use - Accurately Measures Body Fat Percentage & More During Exercise Or Fitness Activities
1124,Data Not Availabe,Link Not Available,#6 Best Sellers,in Portable Vacuums,7.44,40,Recently Not Sell,1Pc Electric Mosquito Racket Mosquito Killer Lamp USB Rechargeable Foldable Mosquito Swatter Fly Swatter Repellent Lamp
1125,Data Not Availabe,Link Not Available,#6 Best Sellers,in Portable Vacuums,2.0,40,10+ sold recently,"1/4pcs Silicone Layered Cake Molds (4''), Silicone Air Fryer Baking Pans, Non-Stick Muffin Pans, Reusable Air Fryer Egg Mold, Round Shape Silicone Bread Pan, Toast Bread Molds, Cake Tray Molds, Non-Stick Baking Tools. Soap Mold, Round Whoopie Pie Pan, Great For Burger, Tarts, Baking Tools, Kitchen Gadgets, Hamburger Bun Pan, Air Fryer Accessories, Kitchen Accessories, Home Kitchen Items"
1126,Data Not Availabe,Link Not Available,#6 Best Sellers,in Portable Vacuums,11.9,4,300+ sold recently,Kemei Brand Km-189A Electric Epilator Lady'S Hair Remove Machine From Hair Root Women'S Hair Scraping Shaver Painless Razor For Body Armpit Leg Bikini Private Part Hair Remove Clean Machi
1127,Data Not Availabe,Link Not Available,#6 Best Sellers,in Portable Vacuums,43.9,4,Recently Not Sell,"New Summer Macaron Colors Arrivals! Cute And Fashionable Mini Fridge, Portable Car Fridge, Suitable For Cosmetics, Clothes And Bathroom Storage. (Please Note That It Has Lower Power, If You Need Frozen Function, Please Choose A Bigger Fridge. Our Portable Fridge Cannot Freeze Items.)"
1128,Data Not Availabe,Link Not Available,#6 Best Sellers,in Portable Vacuums,17.7,5,200+ sold recently,"New Summer Macaron Colors Arrivals! Cute And Fashionable Mini Fridge, Portable Car Fridge, Suitable For Cosmetics, Clothes And Bathroom Storage. (Please Note That It Has Lower Power, If You Need Frozen Function, Please Choose A Bigger Fridge. Our Portable Fridge Cannot Freeze Items.)"
1129,Data Not Availabe,Link Not Available,#6 Best Sellers,in Portable Vacuums,25.6,5,50+ sold recently,High Power Portable Handheld Vacuum Cleaner
1130,Data Not Availabe,Link Not Available,#6 Best Sellers,in Portable Vacuums,6.08,22,1.7k+ sold recently,"Handheld Mini Fan, Hand Fan, 1Pc Portable USB Rechargeable Small Pocket Fan, Battery Operated Fan With Power Bank, Feature For Women,Travel,Outdoor"
1131,Data Not Availabe,Link Not Available,#6 Best Sellers,in Portable Vacuums,12.6,5,20+ sold recently,"2024 New Smart Slide Adjustment Halter Fan, TYPE-C Quick Charge, Long-Lasting Battery Life, No Blade LED Display Halter Fan, Outdoor Portable USB Mini Fan, Silent Strong Wind, Student Fan / Shopping / Home / Office / Travel / Fishing, 1pc"
1132,Data Not Availabe,Link Not Available,#6 Best Sellers,in Portable Vacuums,7.9,5,100+ sold recently,1pc Rechargeable 500mAh Table/Desktop Clamp Fan With 3 Adjustable Speeds And Simple Desig
1133,Data Not Availabe,Link Not Available,#6 Best Sellers,in Portable Vacuums,5.51,5,70+ sold recently,3-In-1 Lipstick Shaped Shaver Electric Hair Removal Eyebrow Trimmer Usb Rechargeable Full Body Epilator For Women Facial Eyebrow Nose Armpit Hair Removal Gift For Wom
1134,Data Not Availabe,Link Not Available,#4 Best Sellers,in Vacuum Cleaners,89.0,44,Recently Not Sell,"INSE N5T Cordless Vacuum Cleaner, 6 In 1 Rechargeable Powerful Lightweight Stick Vacuum With 2200 MAh Battery For Home Hard Floor Carpet Pet Hair"
1135,Data Not Availabe,Link Not Available,#4 Best Sellers,in Vacuum Cleaners,3.5,44,Recently Not Sell,"1pc Large Display Calculator, Cute Creative Macaron Color Simple Portable Button Calculator, Desktop Office Calculator"
1136,Data Not Availabe,Link Not Available,#4 Best Sellers,in Vacuum Cleaners,12.8,10,20+ sold recently,"Portable Folding Handheld Fan With Digital Display, Silent Desktop Mini Fan, Rechargeable Battery Operated, 6 Speed Settings And 7 Blades, Long Battery Life."
1137,Data Not Availabe,Link Not Available,#7 Best Sellers,in Laser Hair Removal Devices,17.5,4,Recently Not Sell,"Hair Household Painless Hair Removal Instrument,Suitable For Men And Women Long-Lasting Hair Remover"
1138,Data Not Availabe,Link Not Available,#7 Best Sellers,in Laser Hair Removal Devices,9.7,4,100+ sold recently,"1pc 2200w Outdoor Solar Powered Induction Street Light With Pir Motion Sensor, Remote Control Led Wall Lamp, Waterproof Yard Light For Gar"
1139,Data Not Availabe,Link Not Available,#7 Best Sellers,in Portable Vacuums,9.2,4,Recently Not Sell,Mini Vacuum Cleaner Desk Table Dust Vacuum Table Sweeper Desktop Cleaner With Clean Brush For Home Offic
1140,Data Not Availabe,Link Not Available,#7 Best Sellers,in Portable Vacuums,8.0,4,200+ sold recently,1 PC 1200mAh Rechargeable Portable Electric F
1141,Data Not Availabe,Link Not Available,#7 Best Sellers,in Portable Vacuums,5.4,4,70+ sold recently,1pc Water Ripple Mini Electric Usb/Battery Operated Vibrating Triangle Massage Tool
1142,Data Not Availabe,Link Not Available,#7 Best Sellers,in Portable Vacuums,79.99,44,50+ sold recently,Costway Electric Food Stand Mixer 6 Speed 4.3Qt 550W Tilt-Head Stainless Steel Bowl N
1143,Data Not Availabe,Link Not Available,#7 Best Sellers,in Portable Vacuums,6.2,7,40+ sold recently,"1pc Mist Humidifier, Silent USB Aroma Diffuser, Mini Wood Grain Round Shape 200ml, For Living Room, Bedroom, Car"
1144,Data Not Availabe,Link Not Available,#7 Best Sellers,in Portable Vacuums,6.7,7,50+ sold recently,"New Portable Octopus Handheld Fan, Foldable & Low-Noise, Suitable For Desk, Bike And Dorm"
1145,Data Not Availabe,Link Not Available,#7 Best Sellers,in Portable Vacuums,71.9,55,100+ sold recently,7 In 1 Hair Blow Brush Curling Wand Hair Dryer Styler
1146,Data Not Availabe,Link Not Available,#7 Best Sellers,in Portable Vacuums,1.65,48,200+ sold recently,"Portable Handheld Mini Fan, Super Silent, Pink (One Size Fits All), White (B), Blue (L)"
1147,Data Not Availabe,Link Not Available,#5 Best Sellers,in Oral Irrigators,17.8,48,Recently Not Sell,Electric Dental Flusher Portable Large Tank Rechargeable Oral Water Flosser Multiple Modes 4 Nozzles Tartar Cleaner Suitable For Home And Travel Us
1148,Data Not Availabe,Link Not Available,#5 Best Sellers,in Oral Irrigators,3.48,40,Recently Not Sell,"1 Pc Large Capacity And Lightweight Of 780ml Water Bottle Sports Water Bottle, Fashionable And Simple For Outdoor, Sports And Mountain Climbing"
1149,Data Not Availabe,Link Not Available,#5 Best Sellers,in Oral Irrigators,2.9,3,20+ sold recently,Hair Clipper Electric Pusher Haircut Machine Electric Clipper Oil Head Carving Razor For Bald Head Haircut Fast Charging Portable Hair Clipper Multifunctional Household Electric Clipper New Professional Engraving Hair Clipper
1150,Data Not Availabe,Link Not Available,#10 Best Sellers,in Aroma Diffuser,3.4,3,Recently Not Sell,1ps Rechargeable 10ml Intelligent Car Fragrance Machine Ultrasonic Atomization Automatic Start Stop Car Air Vent Fragrance Machi
1151,Data Not Availabe,Link Not Available,#10 Best Sellers,in Aroma Diffuser,19.9,3,Recently Not Sell,"2-In-1 Portable Shoe Dryer/Warmer With Deodorizer, Auto-Off Timer And Foldable Desig"
1152,Data Not Availabe,Link Not Available,#10 Best Sellers,in Aroma Diffuser,8.5,17,50+ sold recently,"0.35/0.51-Inch 9/13MM Curling Wand, Produces Classic Curls – For Use On Short, Medium, And Long Hair"
1153,Data Not Availabe,Link Not Available,#10 Best Sellers,in Aroma Diffuser,23.39,21,10+ sold recently,"Upgraded DG64-00473A Stove Knobs Compatible for Gas Range, Stainless Steel Top Burner Control Dial Knob Replacement for Stove Burner Oven (5 Pack)"
1154,Data Not Availabe,Link Not Available,#10 Best Sellers,in Power Toothbrushes,7.1,3,Recently Not Sell,"Electric Sonic Toothbrush With 6 Modes, Smart Timer - Unisex - Effectively Cleans Teeth & Gums, Rechargeable By Usb, 4/8 Replacement Heads, Extra Soft Brush For Sensitive Teeth & Gums, Oral Hygiene & Health"
1155,Data Not Availabe,Link Not Available,#10 Best Sellers,in Power Toothbrushes,6.15,16,700+ sold recently,"Electric Sonic Toothbrush With 6 Modes, Smart Timer - Unisex - Effectively Cleans Teeth & Gums, Rechargeable By Usb, 4/8 Replacement Heads, Extra Soft Brush For Sensitive Teeth & Gums, Oral Hygiene & Health"
1156,Data Not Availabe,Link Not Available,#10 Best Sellers,in Power Toothbrushes,4.6,16,30+ sold recently,"Thickened Version Bidirectional Drum Hair Scraper For Manual Hair Removal, Clothing Dust Removal, Adhesive Hair Brush, Clothing Water Absorption Brush, Reusable Roller, Adhesive Hair Removal, Pet Hair Removal Brush, Manual Electrostatic Adhesive Hair Removal Pet Hair Dust Removal Brush, Carpet Pet Dog And Cat Hair Removal Brush, Used For Clothing, Sofas, Furniture, Bedding, Floors"
1157,Data Not Availabe,Link Not Available,#10 Best Sellers,in Power Toothbrushes,2.1,16,100+ sold recently,Replacement Toothbrush Heads 7X Whitening Electric Toothbrush Compatible With Oral-B  - Replacement Heads Refill Pro 500/1000/1500/3000/3757/5000/7000/7500/8000
1158,Data Not Availabe,Link Not Available,#10 Best Sellers,in Power Toothbrushes,5.0,16,100+ sold recently,"Usb Rechargeable Handheld Mini Fan, Portable Pocket-Size Design, Suitable For Students And Adults, Perfect For Summer Heat Relief"
1159,Data Not Availabe,Link Not Available,#10 Best Sellers,in Power Toothbrushes,38.1,16,20+ sold recently,1pc Relieve Shoulder Pain Instantly with Electric Heated Shoulder Strap Massager - Perfect for Men & Wom
1160,Data Not Availabe,Link Not Available,#10 Best Sellers,in Power Toothbrushes,7.9,16,Recently Not Sell,1PC Electronic Ashtray New Car Interior Intelligent Ashtray Home Multi Functional Negative Ion Car Anti Fly Ash Living Room Air Purifier Portable New Ashtray
1161,Data Not Availabe,Link Not Available,#10 Best Sellers,in Power Toothbrushes,5.9,17,600+ sold recently,1pc Rechargeable Portable Hands-Free Hat Fan With 3 Speeds
1162,Data Not Availabe,Link Not Available,#10 Best Sellers,in Power Toothbrushes,5.34,40,Recently Not Sell,1PC New Dry-Cell Wine Bottle Opener Simple Shape Easy To Us
1163,Data Not Availabe,Link Not Available,#10 Best Sellers,in Power Toothbrushes,8.2,30,10+ sold recently,"1pc Portable Charcoal Aromatherapy Diffuser 300ml Large Capacity Simulated Charcoal Two Spray Modes Cool Mist Silent Design Suitable For Home, Office, Bedroom Humidifier"
1164,Data Not Availabe,Link Not Available,#10 Best Sellers,in Power Toothbrushes,2.9,30,Recently Not Sell,"Upgrade Super Fast Portable Brushes Cleaner, Wash And Dry Brushes In Seconds, Cosmetic Spinner Cleaner For Most Size Brushes"
1165,Data Not Availabe,Link Not Available,#10 Best Sellers,in Power Toothbrushes,10.8,4,300+ sold recently,"5 In 1 Women's Body Hair Trimmer, Shaver For Armpit Hair, Arm Hair, Leg Hair, Bikini Hair, Nose Hair, Eyebrow Hair And Facial Hair Removal, For Lady Hair Shaving"
1166,Data Not Availabe,Link Not Available,#10 Best Sellers,in Power Toothbrushes,1.74,40,Recently Not Sell,Car Bluetooth Anti Lost Device Locator Mini GPS Tracker Kids Pet Wallet Bag Tracking For IOS/Android Smart Finder Accessories
1167,Data Not Availabe,Link Not Available,#10 Best Sellers,in Power Toothbrushes,12.1,40,50+ sold recently,1pc Intelligent V-Shape Facial Massager
1168,Data Not Availabe,Link Not Available,#10 Best Sellers,in Power Toothbrushes,4.3,40,200+ sold recently,1pc Portable Usb Ultrasonic Air Humidifier Essential Oil Diffuser Car Purifier Aromatherapy Negative Ion Mist Maker With Led Romantic Ligh
1169,Data Not Availabe,Link Not Available,#10 Best Sellers,in Power Toothbrushes,70.99,34,50+ sold recently,"HOMCOM Room Air Cooler With Ice Packs, Timer, Oscillating, LED Display"
1170,Data Not Availabe,Link Not Available,#10 Best Sellers,in Power Toothbrushes,8.08,15,400+ sold recently,"1pc Portable Foldable LED Makeup Mirror With 1200mAh USB Rechargeable Battery, 3 Adjustable Lighting Options (White, Yellow, Warm), Touch-Sensitive Dimming, Square Shape, In Pink Or White Color, Suitable For Home, Dorm And Travel"
1171,Data Not Availabe,Link Not Available,#10 Best Sellers,in Power Toothbrushes,7.95,29,50+ sold recently,1pcs Electric Ladies Shaver Home Portable 4-in-1
1172,Data Not Availabe,Link Not Available,#3 Best Sellers,in Electric Cleaning Brushes,31.7,29,Recently Not Sell,"Electric Cleaning Brush,Rotary Floor Scrubber,Wireless Electric Rotary Scrubber,Replaceable 6 Brush Heads And Adjustable Extension Handle,360 Cordless Cleaning Brush For Bathroom,Bathtub,Tiles,USB-C Charging Line Rotary Cleaning Brush"
1173,Data Not Availabe,Link Not Available,#3 Best Sellers,in Electric Cleaning Brushes,12.9,29,10+ sold recently,"1pc USB 7 Color Lights Ultrasonic Essential Oil Diffuser & MINI Humidifier With USB Power Cord And Auto Shut-Off Function, Suitable For Small Romm Aromatherapy Humidificatio"
1174,Data Not Availabe,Link Not Available,#3 Best Sellers,in Electric Cleaning Brushes,10.8,29,50+ sold recently,"1pc ABS V Shape Face Lift Device, Modern Electronic Beauty Instrument For Personal Car"
1175,Data Not Availabe,Link Not Available,#3 Best Sellers,in Electric Cleaning Brushes,8.0,5,200+ sold recently,"LLANO LED Lighted Travel Makeup Mirror, 1x/2x Magnification, Compact, Portable For Handbag, Purse, Pocket, 3.5 Inch Illuminated, Folding, Handheld, 2-Sided, Round, Girls Makeup Mirror Pink, Compact Mirror, Pocket Small Vanity Mirror, Living Room Home Bedroom Bathroom House Decor, Travel Stuff, Wedding, Party, Birthday, Gifts For Men Mom Dad Best Friends Teacher, New Years, Accessories, Funny Gif"
1176,Data Not Availabe,Link Not Available,#3 Best Sellers,in Electric Cleaning Brushes,8.1,5,40+ sold recently,Aroma Diffuser Electric Air Humidifier Cool Mist Maker Fogger Essential Oil Diffuser With LED Lamp
1177,Data Not Availabe,Link Not Available,#3 Best Sellers,in Electric Cleaning Brushes,4.8,5,2.3k+ sold recently,Aroma Diffuser Electric Air Humidifier Cool Mist Maker Fogger Essential Oil Diffuser With LED Lamp
1178,Data Not Availabe,Link Not Available,#3 Best Sellers,in Electric Cleaning Brushes,16.98,39,40+ sold recently,1000W/2000W Portable Electric Burner Single/Dual Stove Hot Plate Heating Cooktop Camping
1179,Data Not Availabe,Link Not Available,#3 Best Sellers,in Electric Cleaning Brushes,3.8,39,100+ sold recently,1pc 60 Minute Kitchen Timer Alarm Mechanical Teapot Shaped Timer Clock Counting Tools(6.0 X 5.8cm)
1180,Data Not Availabe,Link Not Available,#3 Best Sellers,in Electric Cleaning Brushes,4.87,65,10+ sold recently,"3 In 1 Electric Teeth Cleaner, Five-Speed Electric Toothbrush Set, Green. Multi-Functional Sonic Vibrating Toothbrush, Portable Removal Of Dental Calculus, Teeth Washing, Beauty Instrument, IPX6 Waterproof."
1181,Data Not Availabe,Link Not Available,#3 Best Sellers,in Electric Cleaning Brushes,3.53,52,70+ sold recently,1 Pc Four-Speed Wind Adjustable Mini Handheld Spray Fan Can Be Hung/Handheld Small Fan USB Charging Desktop Silent Small Fan Humidification Spray
1182,Data Not Availabe,Link Not Available,#2 Best Sellers,in Car Electronics,19.3,52,Recently Not Sell,Au-1 Corded Black Vacuum Cleaner
1183,Data Not Availabe,Link Not Available,#2 Best Sellers,in Car Electronics,17.1,52,Recently Not Sell,"1pc Seasoning Chili Garlic Slicer, Manual Multifunctional Food Processor, Vegetable Fruit Chop Up Machi"
1184,Data Not Availabe,Link Not Available,#2 Best Sellers,in Car Electronics,6.0,52,200+ sold recently,"1pc T9 Fashionable Hair Clipper With Cartoon Pattern, Professional Electric Hair Trimmer For Oil Head Carving And Hair Cutting, Multicolor And Random Styles, Rechargeable Haircut Machine For Home Us"
1185,Data Not Availabe,Link Not Available,#2 Best Sellers,in Car Electronics,18.99,24,60+ sold recently,"Electric Muscle Toner Batteries Operated(No.AAA Needed), Abs Stimulator Workout Equipment, Abdominal Belt Fitness Portable Ab Stimulator, Home Office Fitness Workout Gear for Arm/Leg"
1186,Data Not Availabe,Link Not Available,#2 Best Sellers,in Car Electronics,12.2,24,Recently Not Sell,Home Portable Vibrating Abdominal Massage Belt Waist Support Fitness Equipm
1187,Data Not Availabe,Link Not Available,#2 Best Sellers,in Car Electronics,14.7,24,70+ sold recently,White Head Massager
1188,Data Not Availabe,Link Not Available,#2 Best Sellers,in Car Electronics,10.8,24,40+ sold recently,White Head Massager
1189,Data Not Availabe,Link Not Available,#2 Best Sellers,in Car Electronics,17.9,24,50+ sold recently,"Massage Gun, Deep Tissue Muscle Relax Electric Massager Gun With 6 Adjustable Intensity Levels And 4 Heads, Portable Handheld Multi-Function Membrane Massage G"
1190,Data Not Availabe,Link Not Available,#2 Best Sellers,in Car Electronics,18.8,24,200+ sold recently,"1pc USB 5V 80ml Resin Ultrasonic Essential Oil Diffuser, Suitable For Small Room Aromatherapy Humidificatio"
1191,Data Not Availabe,Link Not Available,#2 Best Sellers,in Car Electronics,5.5,24,100+ sold recently,"1PC Portable Fan MiNi Hand-Held Quiet Small USB 500mAh Rechargeable Mini Neck Fan For Student Dormitory Office Outdoor Hand Fan,Pocket F"
1192,Data Not Availabe,Link Not Available,#2 Best Sellers,in Car Electronics,26.9,24,Recently Not Sell,"1 Piece Ultrasonic Cool Mist Humidifier With Removable 1.5 Liter Tank Diffuser, Non-Interfering Work For Office/Bedroom/Nursery And Plant Humidifiers"
1193,Data Not Availabe,Link Not Available,#8 Best Sellers,in Rice Cookers,31.99,51,Recently Not Sell,"Housewares 1.5Qt. Rice & Grain Cooker,Black,6-Cup Cooked / 3-Cup Uncook"
1194,Data Not Availabe,Link Not Available,#6 Best Sellers,in Cooking Appliances,20.2,51,Recently Not Sell,"Comfee 680W High-Efficiency Toaster - Perfectly Toasted 2 Slices With 6 Browning Levels, Whi"
1195,Data Not Availabe,Link Not Available,#6 Best Sellers,in Cooking Appliances,9.7,4,60+ sold recently,1pc Women Hair Removal Epilator Female Shaving Machine Women Razor Leg Body Electric Lip Shaver For Women Cheek Chin Lady Shaver
1196,Data Not Availabe,Link Not Available,#6 Best Sellers,in Cooking Appliances,17.1,4,100+ sold recently,"1pc USB Powered Aroma Diffuser, 180ml Capacity, Ultrasonic Type, Equipped With V21b Mini And Seven-Color Imitation Flame, Volcano-Like Jellyfish With Spray Dual Mode Adjustment, Suitable For Aromatherapy, Featuring Simple Appearance, Available In Black And White Colors, Equipped With Built-In Smart Chip And Automatic Power-Off Function For Water-Shortage Protection."
1197,Data Not Availabe,Link Not Available,#4 Best Sellers,in Aroma Diffuser,8.9,4,Recently Not Sell,"A Desktop USB Ultrasonic 7-Color Gradient Flame Light Aromatherapy Machine, Cool And Colorful, Aromatherapy Humidifier, Visible Humidification And Expansion, Water Replenishment Device, Air Purifier, Suitable For Home, Office Desktop, Bedroom Headboard, Car Travel, Air Humidification Regulator That Can Add Essential Oils."
1198,Data Not Availabe,Link Not Available,#4 Best Sellers,in Aroma Diffuser,42.63,28,Recently Not Sell,"Kitchen Aid Stainless Steel Spiral Dough Hook,Aid Whisk And Beater,Stainless Steel 3 Piece Kit - Dough Hook,Beater,Wire Whip Fits For KitchenAid 4.5-5QT Tilt-Head Stand Mixer K45SS, KSM75, KSM90, KSM95, KSM150, Heavy Duty And Dishwasher Saf"
1199,Data Not Availabe,Link Not Available,#4 Best Sellers,in Aroma Diffuser,12.6,11,400+ sold recently,"Portable Handheld Fan, Battery Operated Fan With Base, 8 Hours, Digital Display, 90° Ajustable, Rechargeable Mini Fan For Outdoor Indoor"
1200,Data Not Availabe,Link Not Available,#4 Best Sellers,in Aroma Diffuser,1.65,55,600+ sold recently,1pc Rechargeable Usb Fan With 3-level Foldable Adjustable Wind Speed And Handheld Portable Featur
1201,Data Not Availabe,Link Not Available,#4 Best Sellers,in Aroma Diffuser,11.36,28,Recently Not Sell,"Multi-Function Stainless Steel Vegetable Slicer For Conveniently Cutting Potatoes, French Fries, Vegetable Sticks And Strips In Home Kitch"
1202,Data Not Availabe,Link Not Available,#3 Best Sellers,in Hot Tea Makers,10.4,28,Recently Not Sell,"Automatic Sensor Coffee Cup Warmer For Desk - Keep Your Coffee, Tea, Milk And Water Warm - Auto Shut Off/On - Cup Warmer For Home And Office - Without Cup"
1203,Data Not Availabe,Link Not Available,#3 Best Sellers,in Hot Tea Makers,3.9,40,Recently Not Sell,"1pc Small Hand-Held Garlic Masher With 3 Blades And 500ml Capacity, Household Manual Garlic Press Chopper For Garlic And Ginger"
1204,Data Not Availabe,Link Not Available,#9 Best Sellers,in Personal Care Appliances,2.8,40,Recently Not Sell,"Mouse Shaped Mini Nail Dryer Lamp For Gel Polish, With Uv Led Phototherapy, No Harm To Hands"
1205,Data Not Availabe,Link Not Available,#9 Best Sellers,in Personal Care Appliances,9.3,40,400+ sold recently,Combination Vacuum Cleaner USB Charging Car Household Vacuum Cleaner Small Car With Fully Automatic High Power Powerful Cleaning Strong Suction Cleaning Mini Machine Wireless Portable Handhled Blower Machine Air Duster For Home Appliances
1206,Data Not Availabe,Link Not Available,#9 Best Sellers,in Personal Care Appliances,16.4,4,600+ sold recently,"Electric Split End Hair Trimmer, Portable USB Rechargeable Home Hair Cutter, Hair Trimming Devic"
1207,Data Not Availabe,Link Not Available,#9 Best Sellers,in Oral Irrigators,17.8,4,Recently Not Sell,"Electric Split End Hair Trimmer, Portable USB Rechargeable Home Hair Cutter, Hair Trimming Devic"
1208,Data Not Availabe,Link Not Available,#9 Best Sellers,in Oral Irrigators,8.5,4,200+ sold recently,"Mini Handheld Fan, Portable Personal Fan, Neck Fan 90° Adjustable USB Rechargeable 1800mAh Small Table Fan 5 Speed Suitable For Home Office Travel, Office Desktop Multifunctional Folding Head Small Electric Fan With Neck Hanging, Keep Cool Anytime And Anywhere: Small Handheld USB Fan - Ideal For Students And Desks To Carry And Charg"
1209,Data Not Availabe,Link Not Available,#9 Best Sellers,in Oral Irrigators,2.6,4,Recently Not Sell,"1pc ABS Electric Eyelash Curler, Modern Beauty Eye Instrument For Home, Long-Lasting Curl Electric Eye Lash Perm Eyelashes Clip Eyelash Curler Device Makeup Tools"
1210,Data Not Availabe,Link Not Available,#9 Best Sellers,in Oral Irrigators,25.99,45,10+ sold recently,110V 1200W 1.8L Electric Glass Kettle US Plug
1211,Data Not Availabe,Link Not Available,#9 Best Sellers,in Oral Irrigators,2.04,40,Recently Not Sell,"2024 New Flat Iron Comb Attachment Clip On, Flat Iron Hair Straightener Comb Attachment, Barber Hair Straightening Comb Flat Iron Comb Attachment Clip On Comb Attachment For Flat Iron, Professional Or Home Use Compact Hair Styling Tool"
1212,Data Not Availabe,Link Not Available,#9 Best Sellers,in Air Fryers,5.0,40,Recently Not Sell,"100pcs Air Fryer Liners, Disposable Parchment Paper Liners For Air Fryer, Steaming Basket, Cooking & Baking, Prevents Grease And Oil, Non-Stick, Easy To Cl"
1213,Data Not Availabe,Link Not Available,#5 Best Sellers,in Aroma Diffuser,6.0,40,Recently Not Sell,"Car Aroma Diffuser With Perfume,USB Car Scent Diffuser,Small Mini Aromatherapy Diffuser With Projective Star Light For Car,Ambient Lighting Changes According To The Rhythm Of Music,Nano Spray,Three-Mode Adjustment,Colorful Streamer Atmosphere Light,Home Mode, Induction Start And Stop When Getting On And Off The Car, Suitable For Mothers And Babies"
1214,Data Not Availabe,Link Not Available,#5 Best Sellers,in Aroma Diffuser,3.8,40,300+ sold recently,"Men's Car Electric Razor Electric Razor Cross-Border Steel Gun Mini Portable Razor Electric Razor For Men, Lightweight Handheld Design, Waterproof Razor Precision Trimmer, Cordless Rotate Shaver"
1215,Data Not Availabe,Link Not Available,#5 Best Sellers,in Aroma Diffuser,8.8,40,30+ sold recently,"Bug Zapper, Fruit Flies Trap, Electric Mosquito & Fly Zappers/Killer - Insect Attractant Trap Powerful Little Gnats, Hangable Mosquito Lamp For Home, Indoor, Outdoor, Patio"
1216,Data Not Availabe,Link Not Available,#5 Best Sellers,in Aroma Diffuser,3.2,32,Recently Not Sell,Stay Cool On-The-Go: 1pc Portable USB Mini Fan Summer Travel School Outdoor Activity Cooling Off Summer H
1217,Data Not Availabe,Link Not Available,#5 Best Sellers,in Aroma Diffuser,7.2,1,70+ sold recently,1pc Rechargeable 500mAh Desktop Fan With 3 Adjustable Speeds And Simple Styl
1218,Data Not Availabe,Link Not Available,#5 Best Sellers,in Aroma Diffuser,11.7,7,200+ sold recently,"1Pcs Upgraded 3000V Rechargeable Foldable Mosquito Swatter Fly Swatter With USB Type-C, Fly Killer With 3-Layer Protection Grid Bug Zapper Racket For Home Bedroom Kitchen Office Backyard Patio Indoor Outdoor"
1219,Data Not Availabe,Link Not Available,#5 Best Sellers,in Aroma Diffuser,21.14,46,90+ sold recently,"Electric Massaging Pad - Neck, Shoulder, Waist, Leg, Relaxation Massager With Deep Tissue Kneading And Heat Therapy, Convenient For Home, Office, Travel"
1220,Data Not Availabe,Link Not Available,#5 Best Sellers,in Aroma Diffuser,1.4,50,Recently Not Sell,10pcs Buffing Sanding Files Block Pedicure Manicure Care Sponge Nail Art Buffer Grinder Polishing No Hurt Nail Art Tools
1221,Data Not Availabe,Link Not Available,#5 Best Sellers,in Aroma Diffuser,6.0,3,100+ sold recently,"Cute Cartoon Bear Shaped Colorful Gradient Mini Fan, Portable Handheld Fan For Summer"
1222,Data Not Availabe,Link Not Available,#6 Best Sellers,in Health & Wellness Monitors,8.7,5,Recently Not Sell,"1pc Portable Usb-Powered Battery-Powered Nourishing Moisturizing Spray Machine With Continuous Spraying Function, Suitable For Personal Car"
1223,Data Not Availabe,Link Not Available,#6 Best Sellers,in Health & Wellness Monitors,2.5,5,80+ sold recently,50ml Essential Oils For Diffuser Fragrance Oils Aromatherapy Machine And Home Reed Diffuser For Aroma Sprayer Perfume Candle So
1224,Data Not Availabe,Link Not Available,#1 Best Sellers,in Air Purifiers,13.0,5,Recently Not Sell,"1pc Small USB Portable Air Purifier, Circulation System To Remove Odors, Suitable For Use In The Car And At Hom"
1225,Data Not Availabe,Link Not Available,#1 Best Sellers,in Air Purifiers,80.3,5,Recently Not Sell,"15l Large Capacity Portable Washing Machine, New Ultraviolet Sterilization & Folding Design-3 Deep Cleaning Modes, Mini Washer, Suitable For Underwear, Towels, Socks, Baby Clothes, Outdoor, Camping, Rv, Travel!"
1226,Data Not Availabe,Link Not Available,#1 Best Sellers,in Air Purifiers,15.9,5,Recently Not Sell,"Boeica-XM13 Portable Handheld Cordless Vacuum Cleaner, Dual-Use For Car And Household, Strong Suction Power, Small And Lightweight, Black"
1227,Data Not Availabe,Link Not Available,#1 Best Sellers,in Air Purifiers,3.9,5,90+ sold recently,"Boeica-XM13 Portable Handheld Cordless Vacuum Cleaner, Dual-Use For Car And Household, Strong Suction Power, Small And Lightweight, Black"
1228,Data Not Availabe,Link Not Available,#1 Best Sellers,in Air Purifiers,39.99,44,80+ sold recently,Costway Multifunction Portable Steamer Household Steam Cleaner 1050W W/Attachments
1229,Data Not Availabe,Link Not Available,#5 Best Sellers,in Electric Grills & Electric Griddles,54.9,39,Recently Not Sell,"Extra Large Electric Griddle Nonstick With Adjustable Temperature, Electric Grills Kitchen Appliances, Smokeless  Griddles Restaurant,Pancake Indoor Grill, Cool-Touch Handles Electric Barbecue, Non Deep Friyer"
1230,Data Not Availabe,Link Not Available,#5 Best Sellers,in Electric Grills & Electric Griddles,4.5,4,700+ sold recently,"Finishing Touch Hair Removal Device, Tv Product, Women'S Epilator Electric Razor"
1231,Data Not Availabe,Link Not Available,#5 Best Sellers,in Electric Grills & Electric Griddles,14.7,4,60+ sold recently,1pc Summer Outdoor Portable Climbing Usb Rechargeable Waist Hanging F
1232,Data Not Availabe,Link Not Available,#5 Best Sellers,in Electric Grills & Electric Griddles,22.6,4,40+ sold recently,"1pc Rechargeable Portable Micro-Current Electric Massage Comb, Red And Blue Light Therapy, High Frequency Vibration, Scalp Massage Comb"
1233,Data Not Availabe,Link Not Available,#5 Best Sellers,in Electric Grills & Electric Griddles,2.8,4,Recently Not Sell,"Multifunctional Large Screen Timer With Clock For Kitchen Baking And Time Management For Students, 1pc"
1234,Data Not Availabe,Link Not Available,#5 Best Sellers,in Electric Grills & Electric Griddles,5.6,4,10+ sold recently,"Milk Frother, Household Electric Milk Frother, Handheld Whisk, Coffee Whew, Milk Whisk (Battery Version, No Battery)"
1235,Data Not Availabe,Link Not Available,#5 Best Sellers,in Electric Grills & Electric Griddles,11.22,28,Recently Not Sell,1pcs Automatic Hair Curler Rechargeable Curling Iron Cordless Hair Curlers Wave Rotating Styler Hair Curling Devic
1236,Data Not Availabe,Link Not Available,#5 Best Sellers,in Electric Grills & Electric Griddles,7.09,38,200+ sold recently,"2l Pink Dual Nozzle Usb Large Capacity Humidifier, Mute & Powerful Spray, Suitable For Bedroom, Office And Other Spaces"
1237,Data Not Availabe,Link Not Available,#5 Best Sellers,in Electric Grills & Electric Griddles,14.4,4,90+ sold recently,"Travel Makeup Case With Lighted Mirror, Partitionable Cosmetic Bag, Professional Cosmetic Artist Organizer, Waterproof Portable, Travel Toiletry Bag For Women, Makeup Bag Case With 4 Compartments"
1238,Data Not Availabe,Link Not Available,#4 Best Sellers,in Waffle Makers,16.8,4,Recently Not Sell,"1PC Wall Plug 350-watt 4-inch Mini Waffle Maker for Individual Waffles, Hash Browns, Keto Chaffles with Easy to Clean, Non-Stick Surfaces"
1239,Data Not Availabe,Link Not Available,#4 Best Sellers,in Waffle Makers,3.24,10,300+ sold recently,1pc Panda Shaped Usb-Powered Humidifier For Indoor And Car Us
1240,Data Not Availabe,Link Not Available,#4 Best Sellers,in Waffle Makers,2.0,29,70+ sold recently,Revolutionize Your Cooking Experience With An Air Fryer M
1241,Data Not Availabe,Link Not Available,#4 Best Sellers,in Waffle Makers,2.3,29,20+ sold recently,"5pcs/set, Refrigerator Drain Clogged Remover Unclog Cleaning Tool Refrigerator Hole Brush Drain Cleaner for Household Cleaning"
1242,Data Not Availabe,Link Not Available,#4 Best Sellers,in Waffle Makers,10.65,21,10+ sold recently,"1 Pc Greek Yogurt Maker,Colander Whey Separator, Extra Fine Mesh Stainless Steel Strainer Basket, Fine Mesh Strainer, Yogurt Milk Maker, Homemade, Square,BAP-Free Greek Yogurt Strainer,Kitchen Food Gadgets Tools"
1243,Data Not Availabe,Link Not Available,#4 Best Sellers,in Waffle Makers,19.8,25,500+ sold recently,"1 Pc Greek Yogurt Maker,Colander Whey Separator, Extra Fine Mesh Stainless Steel Strainer Basket, Fine Mesh Strainer, Yogurt Milk Maker, Homemade, Square,BAP-Free Greek Yogurt Strainer,Kitchen Food Gadgets Tools"
1244,Data Not Availabe,Link Not Available,#1 Best Sellers,in Lint Removers,5.5,10,Recently Not Sell,1pc Usb Powered Three-Leaf Blade Lint Remover With 1 Brush For Home Us
1245,Data Not Availabe,Link Not Available,#1 Best Sellers,in Lint Removers,5.3,2,50+ sold recently,"1pc 500mAh Rechargeable Lithium Battery Handheld Foldable Mini Fan With 5 Gears Wind Speed Adjustment, Digital Display And Power Indicator, Including USB Charging Cabl"
1246,Data Not Availabe,Link Not Available,#1 Best Sellers,in Lint Removers,2.34,10,40+ sold recently,Electric Eyelash CurlerElectric Eyelash CurlerHeated CurlerHeated Curl Styling Electric Eyelash Curler.
1247,Data Not Availabe,Link Not Available,#1 Best Sellers,in Lint Removers,15.5,4,50+ sold recently,"1pc Electric Shaver, Multifunctional, 5-Head Charging, Razor, Whole-Body Washable, Bald-Headed Machine,"
1248,Data Not Availabe,Link Not Available,#1 Best Sellers,in Lint Removers,16.6,4,700+ sold recently,"Portable USB Rechargeable Automatic Hair Trimmer, Electric Split Ends Trimmer,Trimming Split Ends 1pc"
1249,Data Not Availabe,Link Not Available,#1 Best Sellers,in Lint Removers,37.99,61,200+ sold recently,"Juicer Machine, 500W Centrifugal Juicer Extractor With Wide Mouth 3"" Feed Chute For Fruit Vegetable, Easy To Clean, Stainless Steel,R"
1250,Data Not Availabe,Link Not Available,#1 Best Sellers,in Lint Removers,15.5,61,20+ sold recently,"One Piece E27 Base Led Light & Fan Combo With Remote Control, Detachable Bulb Head, 30w Indoor Fan Ligh"
1251,Data Not Availabe,Link Not Available,#1 Best Sellers,in Lint Removers,3.7,3,90+ sold recently,"LARGER Portable Full Body Washable Mini Electric Shaver Razor For Shaving And Hair Removal With USB Charging, Long Battery Life And Strong Cutting Capability, Great Gift For Boyfriend Or Father"
1252,Data Not Availabe,Link Not Available,#6 Best Sellers,in Wax Heaters,11.6,3,Recently Not Sell,Hair Removal Machine Wax Heater Depilatory Epilator Wax-Melt Waxing Paraffin Heater Wax Beans Heating Machi
1253,Data Not Availabe,Link Not Available,#2 Best Sellers,in Other Styling Tools,1.28,62,Recently Not Sell,"1pc Hair Dryer & Curler With Air Comb, Hair Root Volumizer And Styler For Salon & Home Use. Anti-Static, Heat-Resistant Round Brush For Thick & Curly Hair."
1254,Data Not Availabe,Link Not Available,#2 Best Sellers,in Other Styling Tools,2.8,3,1.5k+ sold recently,"1pc Single AA Battery Powered Portable Handheld Mini Fan With Hanging Rope, One-Speed Adjustment, Simple Design For Outdoor Us"
1255,Data Not Availabe,Link Not Available,#2 Best Sellers,in Other Styling Tools,6.9,40,Recently Not Sell,USB Rechargeable Mosquito Repellent For Household Outdoor Lighting
1256,Data Not Availabe,Link Not Available,#2 Best Sellers,in Other Styling Tools,34.99,51,100+ sold recently,ITopRoad 800W 110V Home Use Multi-function Electric Juicer US Plug Black
1257,Data Not Availabe,Link Not Available,#2 Best Sellers,in Other Styling Tools,1.4,51,50+ sold recently,"1pc Nail Grinding Head Cleaning Brush Combination With Copper Wire & Soft Brush, Electric Manicure Drill Accessory Dust Brush"
1258,Data Not Availabe,Link Not Available,#2 Best Sellers,in Table Fans,33.0,51,Recently Not Sell,Portable Air Conditioner Cooler Refrigeration Desktop Cooling Fan Water Cooling Spray Fan USB Air Conditioning Cooler Ultrasonic Atomization Cooling
1259,Data Not Availabe,Link Not Available,#2 Best Sellers,in Table Fans,16.5,4,300+ sold recently,"LARGNER® Electric Groin Hair Trimmer,Body Hair Trimmer,  Trimmer For Intimate Parts, Groin And Testicles For Men And Women ,Ultimate Male Body Hair Razor,Private Trimmer Shaver,Replaceable Ceramic Blade Heads, Waterproof Wet/Dry Clippers, Standing Recharge Dock,   Fast Charging Ultra Long Standby"
1260,Data Not Availabe,Link Not Available,#2 Best Sellers,in Table Fans,7.1,4,1.9k+ sold recently,"1pc Usb Rechargeable Portable Octopus Mini Glowing Toy Fan With 3 Speed Levels, Can Be Hung, Placed Or Wrapped Around; Suitable For Strollers, Handheld Fan Without Blades, Mini Foldable Fan, Silent Desk/Outdoor Cooling Fan, Neck Fan, Stand Fan; Suitable As A Toy F"
1261,Data Not Availabe,Link Not Available,#2 Best Sellers,in Table Fans,19.0,4,40+ sold recently,"Rechargeable Silicone Electric Bath Massage Brush With Multiple Functions And Vibration, Waterproof Back Rubbing Tool"
1262,Data Not Availabe,Link Not Available,#2 Best Sellers,in Table Fans,32.99,35,Recently Not Sell,"Teckwe 6-In-1Curling Iron,Interchangeable Electric Tourmaline Ceramic Curling Iron With LED Display,Multilevel Temperature Control,And Long-Lasting Styling,Hair Curler Set Suitable For Curly Hair - US Plug"
1263,Data Not Availabe,Link Not Available,#2 Best Sellers,in Table Fans,5.4,35,100+ sold recently,"1pc 3w Usb-Powered Portable Lint Remover With Transparent Protective Cover, Mini Size & Easy To Carry"
1264,Data Not Availabe,Link Not Available,#2 Best Sellers,in Table Fans,3.3,35,200+ sold recently,1pc Thick Neck Stretcher Neck Traction Device Neck Massage Pillow Travel Neck Pillow Neck Relaxation Pillow Neck Stretch Pillow Neck Traction Pillow Inflatable Pillo
1265,Data Not Availabe,Link Not Available,#2 Best Sellers,in Table Fans,12.3,3,70+ sold recently,"Orinatola Electric Toothbrush, 2 Toothbrush Heads, USB C Charging, IPX7 Waterproof, 3 Modes, Comes With Travel Case, Can Be Used In The Shower"
1266,Data Not Availabe,Link Not Available,#5 Best Sellers,in Juicer & Food Processor,42.99,49,Recently Not Sell,"Countertop Blender,1200W,52oz Glass Jar, 22oz Travel Cup ,3 Adjustable Speed Control for Frozen Fruit Drinks, Smoothies, Sauces, Sliver."
1267,Data Not Availabe,Link Not Available,#8 Best Sellers,in Air Purifiers,26.4,9,Recently Not Sell,"Bedroom Air Purifier, True HEPA Air Filter, Silent Air Purifier With Night Light, Portable Small Air Purifier For Home, Office, Living Room,(White)"
1268,Data Not Availabe,Link Not Available,#8 Best Sellers,in Air Purifiers,8.9,4,100+ sold recently,"Spiral Curling Iron Mini Convenient Home Use Hair Styling Tool With Anti-Scald Feature, Spiral Curly Hair Roller Automatic Hair Curler Rotating Wand Curling Iron Gift For Tevael Home Salo"
1269,Data Not Availabe,Link Not Available,#8 Best Sellers,in Air Purifiers,29.3,4,Recently Not Sell,"Multi Functional Wireless Electric Cleaning Brush With Extended Pole, Waterproof, Household Bathroom, Fish Tank, Ceramic Tile, Floor Cleaning Brush"
1270,Data Not Availabe,Link Not Available,#3 Best Sellers,in Electric Kettles,20.8,4,Recently Not Sell,"Comfee 800W Mini Electric Kettle - 0.6L Fast Boil Tea Pot With Stainless Steel Interior, Auto Shut-Off, Boil-Dry Protection, Portable & Easy-Clean Travel Kettle, Ideal Christmas Gift, Whi"
1271,Data Not Availabe,Link Not Available,#2 Best Sellers,in Laser Hair Removal Devices,32.67,10,Recently Not Sell,Laser Depilator With Cooling System At-Home IPL Hair Removal For Women Men Upgraded To Infinite Flashes Permanent Hair Removal Device On Facial Legs Arms Bikini Li
1272,Data Not Availabe,Link Not Available,#2 Best Sellers,in Laser Hair Removal Devices,45.99,23,Recently Not Sell,Laser Depilator With Cooling System At-Home IPL Hair Removal For Women Men Upgraded To Infinite Flashes Permanent Hair Removal Device On Facial Legs Arms Bikini Li
1273,Data Not Availabe,Link Not Available,#2 Best Sellers,in Laser Hair Removal Devices,3.4,23,60+ sold recently,Brighten Your Smile With The Blue LED Teeth Whitening Accelerator  - Women's Health & Beauty Must-Have!
1274,Data Not Availabe,Link Not Available,#2 Best Sellers,in Laser Hair Removal Devices,4.84,32,10+ sold recently,"1pc USB-Charged Multi-Functional Frother -Stainless Steel, Wireless &Portable Blender For Creamy Coffee And Baking"
1275,Data Not Availabe,Link Not Available,#10 Best Sellers,in Electric Hair Clippers,1.7,43,Recently Not Sell,"1pc USB-Charged Multi-Functional Frother -Stainless Steel, Wireless &Portable Blender For Creamy Coffee And Baking"
1276,Data Not Availabe,Link Not Available,#10 Best Sellers,in Electric Hair Clippers,11.97,10,20+ sold recently,"1pc Solar Energy Car Air Purifier 8819, Intelligent Ozone Deodorizer For Car"
1277,Data Not Availabe,Link Not Available,#10 Best Sellers,in Electric Hair Clippers,17.99,51,50+ sold recently,"JISULIFE Handheld Mini Fan, 3 IN 1 Hand Fan, Portable USB Rechargeable Small Pocket Fan, Battery Operated Fan [14-21 Working Hours] With Power Bank, Flashlight Feature For Women,Travel,Outdoor"
1278,Data Not Availabe,Link Not Available,#10 Best Sellers,in Electric Hair Clippers,7.8,51,200+ sold recently,"1pc Handheld Fan With ABS Material, Rechargeable Design, Mini LCD Display, Foldable And Neck Hanging Function, Portable Charging F"
1279,Data Not Availabe,Link Not Available,#4 Best Sellers,in Digital Kitchen Scales,2.57,34,Recently Not Sell,"1pc Handheld Electronic Digital Balance Scale With Hook For Luggage, Fishing, Mini Shopping, Travel"
1280,Data Not Availabe,Link Not Available,#4 Best Sellers,in Digital Kitchen Scales,10.6,3,30+ sold recently,"Ionic Hair Straightener, Professional Mini Straightening & Curling Iron With Thin Plates, 2-In-1 Flat Iron Styling Tool, Electric Ionic Hair Straightener Comb For Salo"
1281,Data Not Availabe,Link Not Available,#4 Best Sellers,in Digital Kitchen Scales,7.6,3,100+ sold recently,"Ionic Hair Straightener, Professional Mini Straightening & Curling Iron With Thin Plates, 2-In-1 Flat Iron Styling Tool, Electric Ionic Hair Straightener Comb For Salo"
1282,Data Not Availabe,Link Not Available,#4 Best Sellers,in Digital Kitchen Scales,3.3,3,Recently Not Sell,Electric Nose Hair Trimmer Eyebrow Shaver Mini Shaver Sideburns Hair Cutter Nose Hair Clippers Shaving Knif
1283,Data Not Availabe,Link Not Available,#4 Best Sellers,in Digital Kitchen Scales,9.8,5,Recently Not Sell,"Lighted Makeup Vanity Mirror,16 LED Lighted Mirror With Touch Sensor Dimming, 360°Adjustable Rotation, Portable Cosmetic Mirror"
1284,Data Not Availabe,Link Not Available,#4 Best Sellers,in Digital Kitchen Scales,34.7,9,200+ sold recently,"Travel Makeup Bag With LED Mirror, Cosmetic Bag Organizer Bag Makeup Case With Lighted Mirror 3 Color Lights, Portable Waterproof Makeup Box Adjustable Dividers"
1285,Data Not Availabe,Link Not Available,#4 Best Sellers,in Digital Kitchen Scales,3.5,3,60+ sold recently,"1pc New Portable Men Mini Electric Shaver, Rechargeable Wireless Razor, Ideal For Shaving On The Go, Travel, Or Car Us"
1286,Data Not Availabe,Link Not Available,#6 Best Sellers,in Electronic Nail Art Equipment,2.9,3,Recently Not Sell,UV Nail Lamp Mini Bendable USB Nail Dryer Foldable UV LED Lamp For Nails Gel Polish Drying Glue Nail Drying Lamp Nail Art Manicure Tools
1287,Data Not Availabe,Link Not Available,#6 Best Sellers,in Electronic Nail Art Equipment,10.6,9,70+ sold recently,"1pc Neck Hanging Fan, Portable Bladeless Neck Fan With 5 Adjustable Speeds And LED Display, Suitable For Students, Office, Outdoor Travel, Perfect Gif"
1288,Data Not Availabe,Link Not Available,#6 Best Sellers,in Electronic Nail Art Equipment,5.36,29,100+ sold recently,"1pc Neck Hanging Fan, Portable Bladeless Neck Fan With 5 Adjustable Speeds And LED Display, Suitable For Students, Office, Outdoor Travel, Perfect Gif"
1289,Data Not Availabe,Link Not Available,#7 Best Sellers,in Refrigerators,195.99,34,Recently Not Sell,"HOMCOM 3.2 Cu.Ft Mini Fridge With Freezer, Double Door Compact Refrigerator With Adjustable Thermostat, Shelf And Reversible Door For Bedroom, Dorm, Home Office, Energy Efficient, Black"
1290,Data Not Availabe,Link Not Available,#7 Best Sellers,in Refrigerators,29.99,23,10+ sold recently,"1pc Electric Mini Iron, Travel Iron With Dual Voltage - 120V/220V Dry For Clothes (No Steam),  Lightweight And Portable, Non-Stick Ceramic Soleplate, 302℉ Mini Heat Press Machine, W/Spray Bottle, Pouch & Silicone S"
1291,Data Not Availabe,Link Not Available,#7 Best Sellers,in Refrigerators,5.5,23,10+ sold recently,New USB Electric Shock Mosquito-Killing Light Home Outdoor Charging Mosquito Repellent Magic Indoor Silent Plug Mosquito-Killing Ligh
1292,Data Not Availabe,Link Not Available,#7 Best Sellers,in Refrigerators,4.8,23,80+ sold recently,1 Pair Factory Price Silver Fiber Fabric Massage Gloves 3.5mm Snap Electrode Massage Accessories For TENS EMS Pulse Massager Hand Finger Massag
1293,Data Not Availabe,Link Not Available,#10 Best Sellers,in Hair Curling Irons,13.3,23,Recently Not Sell,1PC-Professional Hair Curling Iron Ceramic Triple Barrel Hair Curler Irons Hair Wave Waver Styling Tools Hair Styler Wand Heated Styling Iron Brush Fast Heating Hair Wand Curler In All Hair Typ
1294,Data Not Availabe,Link Not Available,#10 Best Sellers,in Hair Curling Irons,1.8,23,Recently Not Sell,"1pc Corn Stripper, Plastic Corn Cob Stripper, Household Corn Peeler, Reusable Corn Thresher, Creative Corn Stripper, Multifunctional Peeler For Kitchen, Corn Cobber Tools, Vegetable Peeler, Kitchen Stuff, Kitchen Gadgets"
1295,Data Not Availabe,Link Not Available,#10 Best Sellers,in Hair Curling Irons,7.5,3,1.6k+ sold recently,"1pc Corn Stripper, Plastic Corn Cob Stripper, Household Corn Peeler, Reusable Corn Thresher, Creative Corn Stripper, Multifunctional Peeler For Kitchen, Corn Cobber Tools, Vegetable Peeler, Kitchen Stuff, Kitchen Gadgets"
1296,Data Not Availabe,Link Not Available,#10 Best Sellers,in Hair Curling Irons,1.8,40,Recently Not Sell,"1pc Digital Kitchen Timer, Countdown Cooking Timer, Stand Timer, Teacher Timer, Easy-To-Use Timer, Kitchen Gadget, Dormitory Necessity, No Battery Incl"
1297,Data Not Availabe,Link Not Available,#10 Best Sellers,in Hair Curling Irons,17.99,74,Recently Not Sell,Wand Massager Cordless Waterproof Vibrate Rechargeable Full Body Massage Stick
1298,Data Not Availabe,Link Not Available,#10 Best Sellers,in Hair Curling Irons,3.9,74,400+ sold recently,"1pc Portable & Foldable Handheld Fan, Rechargeable, 4w, 500mah, Model: Fs20"
1299,Data Not Availabe,Link Not Available,#10 Best Sellers,in Hair Curling Irons,4.99,22,400+ sold recently,"Portable Air Conditioning Fan With Humidifying Spray, Wireless Charging, Color Random - Personal Use Quiet Water-Cooled F"
1300,Data Not Availabe,Link Not Available,#10 Best Sellers,in Hair Curling Irons,3.2,22,200+ sold recently,"1pc 60ml USB Charging Ultrasonic Aromatherapy Diffuser With Colorful Atmosphere Light, 4-Level Adjustment, Tabletop/Wall-Mountable, Essential Oil To Be Purchased Separately"
1301,Data Not Availabe,Link Not Available,#10 Best Sellers,in Hair Curling Irons,14.99,59,200+ sold recently,"1pc 60ml USB Charging Ultrasonic Aromatherapy Diffuser With Colorful Atmosphere Light, 4-Level Adjustment, Tabletop/Wall-Mountable, Essential Oil To Be Purchased Separately"
1302,Data Not Availabe,Link Not Available,#10 Best Sellers,in Hair Curling Irons,36.99,47,Recently Not Sell,Mini Donut Maker Machine For Kids Snack Breakfast Desserts With 16 Doughnuts Holes Non Stick Coating Double-Side Heating Plates Overheating Protectio
1303,Data Not Availabe,Link Not Available,#10 Best Sellers,in Hair Curling Irons,6.7,47,60+ sold recently,1pc USB Charging Automatic Drinking Water Dispenser
1304,Data Not Availabe,Link Not Available,#10 Best Sellers,in Hair Curling Irons,16.99,40,Recently Not Sell,"Portable Fan, 4200mAh Battery Operated Fan, 5 Speeds&Digital Display, 180° Foldable Makeup Fan For Women With Base, Handheld/Neck/Desk 3in1 Fan For Outdoor Indoor,Ultra Quiet (Pink)"
1305,Data Not Availabe,Link Not Available,#10 Best Sellers,in Hair Curling Irons,7.6,40,300+ sold recently,"Foldable Portable Fan, USB Rechargeable  Handheld Fan  Mini   With , Working  For Office Bedroom Home Outdoor Travel Camping"
1306,Data Not Availabe,Link Not Available,#10 Best Sellers,in Hair Curling Irons,11.76,40,10+ sold recently,Portable Wireless Charging Fresh Fruit Juicer Original Juicer Home Juice Separator Automatic Small Juicer
1307,Data Not Availabe,Link Not Available,#10 Best Sellers,in Hair Curling Irons,1.2,40,40+ sold recently,"1pc Stainless Steel Multifunction Whisk, 13cm Mini Simple Egg Beater, For Hom"
1308,Data Not Availabe,Link Not Available,#10 Best Sellers,in Hair Curling Irons,2.94,40,Recently Not Sell,Painless Hair Removal Tools Body Facial Hair Trimmer For Women Electric Epilator Bikini Trimmer Electric Lady Shaver
1309,Data Not Availabe,Link Not Available,#3 Best Sellers,in Ice Makers,174.99,56,Recently Not Sell,"Ecozy Nugget Ice Maker Countertop - Chewable Pellet Ice Cubes, 33 Lbs Daily Output, Stainless Steel Housing, Self-Cleaning Ice Machine With Ice Bags For Parties, Kitchen, Bar, Office, Silver"
1310,Data Not Availabe,Link Not Available,#3 Best Sellers,in Ice Makers,9.7,56,Recently Not Sell,"1pc Black Household Sewing Machine, For Clothes & Toy Alterations, Handheld Mini Sewing Machine, Complete With Various Accessories, Resize And Modify Clothing At Hom"
1311,Data Not Availabe,Link Not Available,#3 Best Sellers,in Ice Makers,13.6,56,40+ sold recently,"1pc USB Rechargeable Juicer Cup, Double Cups Juice Blender,  Materials, Multi-Functional Blender, Portable Juicer Cup For Outdoors, Camping, Parties, Car, Essential Kitchen Appliance, Holiday Gif"
1312,Data Not Availabe,Link Not Available,#9 Best Sellers,in Other Body Care Machines,6.3,3,Recently Not Sell,"1pc, Body Back Shaver For Men, Long Handle Back Hair Shaver, Back Hair Removal And Body Shaver (Not Suitable For Shaver)"
1313,Data Not Availabe,Link Not Available,#9 Best Sellers,in Other Body Care Machines,4.0,5,10+ sold recently,"2-In-1 Men's Electric Shaver Beard Trimmer With Digital Display, USB Charging, Triple Blade Head, Portable For Travel"
1314,Data Not Availabe,Link Not Available,#9 Best Sellers,in Other Body Care Machines,28.99,3,Recently Not Sell,"Bluetooth Body Fat Scale Weight Scale Smart BMI Scale Digital Bathroom Wireless Weight Scale, Body Composition Analyzer With Smartphone App, 180KG/400 Lbs Max Weight Capacity, Pink"
1315,Data Not Availabe,Link Not Available,#9 Best Sellers,in Other Body Care Machines,19.89,1,50+ sold recently,AMACOOL Neck Fan Battery Operated Neckband Fan Hand-Free Wearable Personal F
1316,Data Not Availabe,Link Not Available,#9 Best Sellers,in Other Body Care Machines,4.1,2,800+ sold recently,1pc Rechargeable 500mAh Battery Portable Handheld LED Light & 3-Speed Adjustable Outdoor Cat Ear Mini Fan With Charging Cabl
1317,Data Not Availabe,Link Not Available,#9 Best Sellers,in Other Body Care Machines,8.4,5,400+ sold recently,"1pc Rechargeable 1800mah Battery Digital Display Mini Portable Fan, Can Be Folded And Used As Desktop Fan/Handheld Fan/Neck Hanging Fan, 5 Adjustable Speeds, 5 Blades, Low Noise Level"
1318,Data Not Availabe,Link Not Available,#9 Best Sellers,in Other Body Care Machines,1.4,5,40+ sold recently,1pc Cartoon Creative Silicone Kitchen Egg Cup Holder
1319,Data Not Availabe,Link Not Available,#7 Best Sellers,in Electric Salt & Pepper Grinders,7.46,17,Recently Not Sell,"1pc Adjustable Led Lighted Electric Salt And Pepper Grinder With Ceramic Grinding Core, Suitable For Salt, Pepper, And Spice Grinding; Made Of Plastic And Stainless Steel, With Round Cd Pattern Button And Clear Visible Storage Bin; Led Indicator Light Up During Grinding; Ceramic Grinding Core, Battery Not Included, Ideal For Kitchen Accessory"
1320,Data Not Availabe,Link Not Available,#7 Best Sellers,in Electric Salt & Pepper Grinders,99.99,17,Recently Not Sell,Cooluli Vibe Mini Fridge For Bedroom - With Cool Front Magnetic Blackboard - 15L Portable Cooler
1321,Data Not Availabe,Link Not Available,#10 Best Sellers,in Hand Blenders,7.02,10,Recently Not Sell,Cooluli Vibe Mini Fridge For Bedroom - With Cool Front Magnetic Blackboard - 15L Portable Cooler
1322,Data Not Availabe,Link Not Available,#10 Best Sellers,in Hand Blenders,11.8,3,10+ sold recently,Portable USB Rechargeable Brushless Desktop/Car/Home Mini Oscillating Fan With Shake Head Functio
1323,Data Not Availabe,Link Not Available,#10 Best Sellers,in Hand Blenders,56.99,55,100+ sold recently,"VEVOR Steam Mop, 5-In-1 Floor Steamer, Steam Mop For Hardwood Floors With 4 Replaceable Brush Heads, Floor Steam Cleaner For Ceramic, Granite, Marble, Linoleum, Natural Floor Mop With 2pcs Pads"
1324,Data Not Availabe,Link Not Available,#5 Best Sellers,in Portable Vacuums,7.5,55,Recently Not Sell,"One Black Desktop Rechargeable Vacuum Cleaner With Detachable Design And Portable Mini Size, Including Vacuum Nozzle And Cleaning Brush, Suitable For Cleaning Dust, Breadcrumbs, Piano, Computer, Car, Etc."
1325,Data Not Availabe,Link Not Available,#5 Best Sellers,in Portable Vacuums,12.0,4,10+ sold recently,"1pc Women 4-Head Electric Shaver,  Electric Rotating Shaver Hair Remover Full Body Epilator"
1326,Data Not Availabe,Link Not Available,#5 Best Sellers,in Portable Vacuums,5.7,4,800+ sold recently,"New Mini Handheld Fan With Cute Floral Design For Girls, Portable And Rechargeable Via Usb For Traveling Or Cooling Off In Summer"
1327,Data Not Availabe,Link Not Available,#5 Best Sellers,in Portable Vacuums,53.08,4,Recently Not Sell,Unbeatablesale Frigidaire 6-Can Retro Mini Beverage Refrigerator&#44; R
1328,Data Not Availabe,Link Not Available,#5 Best Sellers,in Portable Vacuums,4.7,50,Recently Not Sell,"Hair Removal For Women, Painless Hair Remover Wet & Dry Electric Shaver Epilator For Arm & Leg & Bikini"
1329,Data Not Availabe,Link Not Available,#5 Best Sellers,in Portable Vacuums,3.6,40,200+ sold recently,"Hair Removal For Women, Painless Hair Remover Wet & Dry Electric Shaver Epilator For Arm & Leg & Bikini"
1330,Data Not Availabe,Link Not Available,#5 Best Sellers,in Portable Vacuums,36.99,47,100+ sold recently,"Juicer Machines, HOUSNAT Juicer Whole Fruit And Vegetables With 3-Speed Setting, Upgraded Version 400 W Motor Quick Juicing, Cleaning Brush And Juicing Recipe Incl"
1331,Data Not Availabe,Link Not Available,#5 Best Sellers,in Portable Vacuums,3.51,65,40+ sold recently,"1 Shein Self Stirring Cup, Battery Type 2 * AAA Stainless Steel Self Stirring Coffee Cup, Magnetic Coffee Cup, Suitable For Coffee, Tea, Hot Chocolate, Milk Cup, Office, Kitchen, Travel, Home, Summer And Winter Beverages, Home Kitch"
1332,Data Not Availabe,Link Not Available,#3 Best Sellers,in Temperature Gauges,1.9,65,Recently Not Sell,"1pc Electronic Thermometer Hygrometer, High Accuracy Indoor Wall-Mounted Temperature Humidity Meter For Baby Room"
1333,Data Not Availabe,Link Not Available,#3 Best Sellers,in Temperature Gauges,5.04,40,10+ sold recently,"1pc Stainless Steel Air Fryer Rack With 3 Or 4 Skewers,Mulitpurpose Grill,Double Layer Air Fryer Holder,Mom Gift,Kitchen Gadgets,Kitchen Stuff,Kitchen Accessories,Home Kitchen Items,BBQ Tools"
1334,Data Not Availabe,Link Not Available,#3 Best Sellers,in Temperature Gauges,3.2,40,200+ sold recently,1pc Portable & Detachable Simple Style Electric Battery Operated Milk Frother
1335,Data Not Availabe,Link Not Available,#3 Best Sellers,in Temperature Gauges,17.05,13,400+ sold recently,"Rechargeable Hair Trimmer Split Ends Hair Cutter, Portable Electric Hair Clipper For Household Automatic Hair Trimming Haircut Machi"
1336,Data Not Availabe,Link Not Available,#3 Best Sellers,in Temperature Gauges,3.57,27,10+ sold recently,"1 Portable Women's 1 No. 5 Battery Electric Hair Removal Device With 5 Types Of Blade Heads For Easy Replacement, Used For Whole Body Hair Removal, Eyebrow Trimming And Shaving"
1337,Data Not Availabe,Link Not Available,#1 Best Sellers,in Table Fans,22.1,27,Recently Not Sell,"Rechargeable Portable Fan With Adjustable Height, 4 Speed Settings And Retractable Folding Pull Bar Home Electric Fan Portable USB Charging Silent Outdoor Desktop Mini F"
1338,Data Not Availabe,Link Not Available,#1 Best Sellers,in Table Fans,5.21,50,10+ sold recently,1pc Multifunctional Chicken Breast Shredder Meat Separator Beef Mincer Manual Meat Grinder For Baby Foo
1339,Data Not Availabe,Link Not Available,#7 Best Sellers,in Personal Size Blenders,14.7,50,Recently Not Sell,"4 Color Usb Rechargeable Personal Portable Blender, Ideal For Smoothies And Shakes, Travel Mini Juicer Cup. Powerful And Easy To Clean Mini Smoothie Blender"
1340,Data Not Availabe,Link Not Available,#7 Best Sellers,in Personal Size Blenders,18.3,6,400+ sold recently,"1pc New Type Tower Fan With Water Cooling Function, Can Be Placed Freely In Vertical Or Horizontal Position, Suitable For Floor, Table, Adds Humidity And Can Be Used As Air Conditioner F"
1341,Data Not Availabe,Link Not Available,#5 Best Sellers,in Electronic Nail Art Equipment,3.6,6,Recently Not Sell,Professional Nail Files And Buffers Set For Acrylic Gel Nail And Natural Nail Double Sided Emery Boards Nail File And Buffer Washable Nail Buffer File Polisher 100/150/180/220/240/280/1000/4000 Gri
1342,Data Not Availabe,Link Not Available,#5 Best Sellers,in Electronic Nail Art Equipment,16.7,6,100+ sold recently,8 Modes 15 Intensities TENS EMS Machine Multifunctional IF Electronic Pulse Massager Full Body Massage Electric Muscle Stimulator Muscle Relaxatio
1343,Data Not Availabe,Link Not Available,#5 Best Sellers,in Electronic Nail Art Equipment,13.99,65,70+ sold recently,"5x 10x 20x 30x Magnifying Mirror With Light With 3 Suction Cups, 4inch Rechargeable Lighted Magnifying Mirror Magnified Travel Makeup Mirror Dimmable Pocket High Magnification Magnifying Mirror With Scissors"
1344,Data Not Availabe,Link Not Available,#5 Best Sellers,in Electronic Nail Art Equipment,2.5,65,80+ sold recently,1pc White Super Cute Mini Light Therapy Machine Mini Nail Light Therapy Lamp USB Sun Lamp LED Quick Dry Nail Polish Baking Lamp
1345,Data Not Availabe,Link Not Available,#5 Best Sellers,in Electronic Nail Art Equipment,6.3,65,20+ sold recently,"1pc, Usb Humidifier, Wooden Grain Flower Vase Shaped 300ml, Mini Size For Home Office, Quiet Bedroom Desk Top, Student Aroma With 7 Colors Changing Light, Safe For Pregnant Women With Real Essential Oil, Gift For Men & Women, Spray For Air-conditioned Room"
1346,Data Not Availabe,Link Not Available,#5 Best Sellers,in Electronic Nail Art Equipment,29.98,28,50+ sold recently,"9-Inch 12000mAh Battery Powered Fan 3-In-1 Camping Fan USB Fan With Light & Remote For Indoor, Outdoor, Tent, Travel, BBQ, Fishing, Jobsi"
1347,Data Not Availabe,Link Not Available,#5 Best Sellers,in Electronic Nail Art Equipment,2.3,28,10+ sold recently,1pc Colorful Cute Mini Watch Calculator Creative 8 Digit Calculator Watch With Timer Functio
1348,Data Not Availabe,Link Not Available,#5 Best Sellers,in Electronic Nail Art Equipment,19.6,3,200+ sold recently,"Largner 5-In-1 Intelligent Lcd Display Type-C Usb Fast Charging Multifunctional Electric Hair Clippers Kit For Beard Trimming, Hair Cutting, Nose Hair Trimming, Body Hair Shaving, With Engraving, Oil Head, Long Battery Life - Ideal Gift For Boyfriend, Father's Day, Or Portable Travel SetMultifunctional Electric Shaver For Men, With Razor, Mens Grooming Ki"
1349,Data Not Availabe,Link Not Available,#5 Best Sellers,in Electronic Nail Art Equipment,4.45,37,100+ sold recently,"1pc New Model Colorful Smart Aroma Diffuser, Humidifier For Bedroom, Living Room, Office Desk And Car, Seven-Color Car Aroma Diffuser And Atmosphere Lamp"
1350,Data Not Availabe,Link Not Available,#5 Best Sellers,in Electronic Nail Art Equipment,26.9,4,200+ sold recently,"1Pc Professional 6 In 1 Curling Wand Set, Dual Voltage Curler, Instant Heat Up, Temperature Adjustable For Loose Waves/Spiral Curls/Tight Curls With Heat Resistant Glov"
1351,Data Not Availabe,Link Not Available,#5 Best Sellers,in Electronic Nail Art Equipment,7.1,4,30+ sold recently,"Portable Handheld Misting Fan,Rechargeable Battery Operated Spray Water Mist Fan Foldable,4 Speeds,Small Personal Cooling Fans For Outdoor,Travel, Makeup, Home, Office, Camping"
1352,Data Not Availabe,Link Not Available,#5 Best Sellers,in Electronic Nail Art Equipment,2.9,3,20+ sold recently,"All-In-One Men's Electric Shaver With Digital Display, Multi-Function Shaving Razor, Car USB Charging, Three Razor Heads"
1353,Data Not Availabe,Link Not Available,#5 Best Sellers,in Electronic Nail Art Equipment,7.4,4,40+ sold recently,"1PC Rectangle USB LED Vanity Mirror, Dimmable Vanity Mirror, Portable Dormitory Bedroom Desktop Lighted Makeup Mirror White Pink"
1354,Data Not Availabe,Link Not Available,#5 Best Sellers,in Electronic Nail Art Equipment,2.7,18,Recently Not Sell,"1PC 1000ml Measuring Cup With Scale And Pouring Funnel, Plastic Funnel Pitcher For Baking And Cooking"
1355,Data Not Availabe,Link Not Available,#5 Best Sellers,in Electronic Nail Art Equipment,2.1,18,100+ sold recently,"1pc Cartoon Hand Press Fan, Pink Cute Plastic Small Handheld Fan For Outdoor"
1356,Data Not Availabe,Link Not Available,#5 Best Sellers,in Electronic Nail Art Equipment,59.95,20,100+ sold recently,"Masticating Juicer Machines, Cold Press Juicer, Slow Juicer Machines, High Juice Yield, Reverse Function, Quiet Motor For Vegetable & High Nutrient Fruit, Easy To Clean, Gray"
1357,Data Not Availabe,Link Not Available,#5 Best Sellers,in Electronic Nail Art Equipment,12.2,4,Recently Not Sell,"3-Barrel Electric Hair Curler, American Style Egg Roll Waver Hair Styling Tool, Slouchy Wave Curling Iro"
1358,Data Not Availabe,Link Not Available,#5 Best Sellers,in Electronic Nail Art Equipment,23.8,4,100+ sold recently,"Heating Pad, Electric Heat Pad, 4 Auto Off Timers & 6 Heat Settings, Machine Washable, Gift For Women, Men, Mom, D"
1359,Data Not Availabe,Link Not Available,#5 Best Sellers,in Personal Care Appliances,2.7,4,Recently Not Sell,1pc Mini UV Led Light Nail Gel Polish Drying Lamp Single Finger Professional Dryer For Manicure Nail Stuff Art Salon Equipment Tools
1360,Data Not Availabe,Link Not Available,#5 Best Sellers,in Personal Care Appliances,6.6,4,60+ sold recently,"1pc Wooden Grain Flower Vase Humidifier With Colorful LED Light, Aroma Diffuser, Air Purifier, Environment Moisturizing, For Desktop, Office, Bedroom, Home, Travel, Housewarming Gif"
1361,Data Not Availabe,Link Not Available,#5 Best Sellers,in Personal Care Appliances,15.99,30,10+ sold recently,"Wire Whip Attachment For KitchenAid, Attachments For KitchenAid 4.5-5 Quart Tilt-Head Stand Mixer, K45WW Replacement, 6-Wire Whisk Replacement, Egg Heavy Cream Whisk, Silver"
1362,Data Not Availabe,Link Not Available,#5 Best Sellers,in Personal Care Appliances,5.0,30,300+ sold recently,"Wire Whip Attachment For KitchenAid, Attachments For KitchenAid 4.5-5 Quart Tilt-Head Stand Mixer, K45WW Replacement, 6-Wire Whisk Replacement, Egg Heavy Cream Whisk, Silver"
1363,Data Not Availabe,Link Not Available,#5 Best Sellers,in Personal Care Appliances,55.99,63,100+ sold recently,"3-In-1 Electric Indoor Grill - Panini Press With Non-Stick Cooking Plates, Opens 180-Degree Gourmet Sandwich Maker, Floating Hinge Fits All Foods, Panini Press Grill With Grease Tray"
1364,Data Not Availabe,Link Not Available,#5 Best Sellers,in Personal Care Appliances,5.0,63,100+ sold recently,"Mini Printer, Wireless Mini Photo Printer, Label Printer (Note: 5 Rolls Of Self-Adhesive Paper Can Be Selected Independently), Portable BT Mini Thermal Printer For Diaries, Study Notes, Gifts, Study Notes, Work Photos, Picture Memos, Compatible With IOS And Androi"
1365,Data Not Availabe,Link Not Available,#5 Best Sellers,in Personal Care Appliances,3.0,63,Recently Not Sell,"1 Set, 220ml Humidifier Powered By USB Data Line, Household Small Silent Bedroom, Office Desk, Seven Color Lamp, Air Purifying Spray, Aromatherapy"
1366,Data Not Availabe,Link Not Available,#5 Best Sellers,in Personal Care Appliances,19.2,63,10+ sold recently,"3pcs Fly Fans For Tables, Effective Fly Repellent Fan With Soft Blades Keeps Flies Away, Portable Fly Repellent Fans For Picnic, BBQ, Party  Battery Not Incl"
1367,Data Not Availabe,Link Not Available,#5 Best Sellers,in Personal Care Appliances,13.4,63,Recently Not Sell,"Facial & Neck Beauty Massager With Base, For Face & Neck, Home Use, Best Gift For Wom"
1368,Data Not Availabe,Link Not Available,#6 Best Sellers,in Other Coffee Makers,8.3,63,Recently Not Sell,"1pc Manual Coffee Grinder, Portable Hand Crank Coffee Bean Grinder, Hand Grinding Coffee Machine With Adjustable Ceramic Cor"
1369,Data Not Availabe,Link Not Available,#6 Best Sellers,in Other Coffee Makers,4.0,5,200+ sold recently,"T9 Hair Clipper For Men, ABS Body, Gold Color, Dragon Pattern, 0mm Blade Gap""} (Note: I Kept ""T9"
1370,Data Not Availabe,Link Not Available,#6 Best Sellers,in Other Coffee Makers,24.3,5,200+ sold recently,"Black Cordless Vacuum Cleaner With High-power Pure Copper Motor, Wet/dry Suction, Ideal For Car & Office Cleaning"
1371,Data Not Availabe,Link Not Available,#7 Best Sellers,in Styling Tools & Appliances,26.8,5,Recently Not Sell,Professional Wide Ceramic Plate Hair Flat Iron With LCD Display Hair Straightener
1372,Data Not Availabe,Link Not Available,#7 Best Sellers,in Styling Tools & Appliances,11.9,5,800+ sold recently,"Roll On Wax, Wax Roller Kit For Hair Removal, Roller Waxing Kit Include 1 Soft Wax Cartridge & 50 Non-Woven Wax Strips, Portable Pink Wax Heater Machine For Women & Men, Waxing Roller Kit Depilatory Wax For Sensitive Ski"
1373,Data Not Availabe,Link Not Available,#7 Best Sellers,in Styling Tools & Appliances,10.5,5,100+ sold recently,Light Purple Handheld Portable Car Vacuum Cleaner
1374,Data Not Availabe,Link Not Available,#7 Best Sellers,in Styling Tools & Appliances,4.0,5,10+ sold recently,"Oven Meat Temperature Gauge, Kitchen Cooking Thermometer, Barbecue Food Temperature Measurement Instrument, Baking Probe Food Thermometer, For Cooking, Grilling, Baking, Garden Barbecue Party, Stainless Steel Thermometer, No Battery Required, Physical Induction Temperatur"
1375,Data Not Availabe,Link Not Available,#2 Best Sellers,in Popcorn Makers,22.4,5,Recently Not Sell,"A Popcorn Making Machine, A Hot Air Popper With Automatic Function In The Family Kitchen, A Compact And Portable Mini Popcorn Maker, Healthy, Safe, Practical And Convenient, Very Suitable For Parties And Family Dinners"
1376,Data Not Availabe,Link Not Available,#2 Best Sellers,in Popcorn Makers,2.9,6,5.8k+ sold recently,"1pc Mini Portable Handheld Fan, Powered By 2pcs Aa Batteries (Not Included), With Attached Lanyar"
1377,Data Not Availabe,Link Not Available,#2 Best Sellers,in Popcorn Makers,19.9,6,Recently Not Sell,Cute Electric Wok For Cooking Noodles Mini Hot Pot Electric Cooker For Dormitory Home Cooking
1379,Data Not Availabe,Link Not Available,#2 Best Sellers,in Popcorn Makers,9.7,2,Recently Not Sell,"1pc Food Scale, 10kg Digital Kitchen Scale For Weighing Grams And Ounces, Suitable For Baking, Cooking, Coffee, Packaging, Postage, 6 Units With Tare Function, LCD Display, Easy To Clean Stainless Steel"
1380,Data Not Availabe,Link Not Available,#2 Best Sellers,in Popcorn Makers,11.0,2,300+ sold recently,"Home Manicure Uv Led Lamp, Fast-drying Nail Polish, Non-blacken Hand, Nail Lamp Drying Machine, Suitable For Professional Salo"
1381,Data Not Availabe,Link Not Available,#2 Best Sellers,in Popcorn Makers,5.28,40,10+ sold recently,"Food Scale, Kitchen Scale, Food Scales Digital Weight Grams And Oz, High-Precision Electronic Scale, Kitchen Utensils, Apartment Essentials, College Dorm Essentials, Off To College, Ready For School, Back To School Supplies"
1382,Data Not Availabe,Link Not Available,#2 Best Sellers,in Popcorn Makers,3.82,22,900+ sold recently,"Food Scale, Kitchen Scale, Food Scales Digital Weight Grams And Oz, High-Precision Electronic Scale, Kitchen Utensils, Apartment Essentials, College Dorm Essentials, Off To College, Ready For School, Back To School Supplies"
1383,Data Not Availabe,Link Not Available,#2 Best Sellers,in Popcorn Makers,3.8,22,1.4k+ sold recently,"Turbo Mini Fan, Handheld Powerful Wind And Table Desk F"
1384,Data Not Availabe,Link Not Available,#4 Best Sellers,in Air Conditioners,187.99,28,Recently Not Sell,"5,000 BTU Window Mounted Air Conditioner - Efficient Cooling Small Window AC Unit with Easy-to-Use Mechanical Controls and Washable Filter, Cool up to 150 Sq.Ft., 110-115V, Whi"
1385,Data Not Availabe,Link Not Available,#4 Best Sellers,in Air Conditioners,21.9,15,20+ sold recently,"Tooth Rinser, Portable Household Tooth Cleaner, Water Flosser, Orthodontic Special Cleaning Tooth Calculus"
1386,Data Not Availabe,Link Not Available,#3 Best Sellers,in Laser Hair Removal Devices,19.6,15,Recently Not Sell,"1pc Rose Pink Plug Powered Laser Hair Removal Pulses 500,000 Flashes IPL Epilator 5 Levels Depilator Remover Permanent Professional Painless For Women Body Pubic Bikinis Home Use Devices"
1387,Data Not Availabe,Link Not Available,#3 Best Sellers,in Laser Hair Removal Devices,10.6,15,70+ sold recently,"1 Pc, USB New Colorful Streamer Night Light Humidifier With A Large Capacity Of 650ml, Two Gear Silent Spray, Bedroom Desktop, Household Heavy Fog Water Replenishing Fragranc"
1388,Data Not Availabe,Link Not Available,#3 Best Sellers,in Laser Hair Removal Devices,25.5,15,100+ sold recently,Rain Cloud Humidifier Rain Drip Aromatherapy Essential Oil Air Diffuser 7 Colors Raining Cloud Humidifier
1389,Data Not Availabe,Link Not Available,#3 Best Sellers,in Laser Hair Removal Devices,13.8,15,70+ sold recently,2 In 1 Electric Lint Remover For Clothing Fluff Pellet Remover Pellet Machine Sweater Fabric Shaver Removes Hair Ball Trimmer Fabric Shaver
1390,Data Not Availabe,Link Not Available,#4 Best Sellers,in Curling Tongs & Curling Wands,10.8,4,Recently Not Sell,"9mm Fast-Heating Small Curling Iron For Creating Wave Curls, Ideal For Girls. Suitable As Gifts For Mother's Day, Valentine's Day, Boyfriend, Or St. Patrick's Day. Comes In Cute Pink Color."
1391,Data Not Availabe,Link Not Available,#4 Best Sellers,in Curling Tongs & Curling Wands,7.5,4,30+ sold recently,"Portable Neck Fan, Hands-Free Bladeless Fan, Battery-Powered Wearable Personal Fan, 3 Adjustable Speeds USB Hanging Neck Fan, Summer Essential For Home, Office, Outdoor, Sports, Beach, Travel With Random Charging Cable."
1392,Data Not Availabe,Link Not Available,#4 Best Sellers,in Curling Tongs & Curling Wands,8.9,50,Recently Not Sell,1PC Organize Your Home With This Handy Coffee Storage Box And Dish Draining Rack
1393,Data Not Availabe,Link Not Available,#4 Best Sellers,in Curling Tongs & Curling Wands,1.1,35,Recently Not Sell,"Straw Tips Cover, Reusable Straw Toppers, Silicone Straw Sleeve Caps, Decorative Straw Caps, For Party Favor Bags, Friends Gathering, 10mm Dustproof Straw Covers For  Cup, Party Supplies, Cup Decor Accessary"
1394,Data Not Availabe,Link Not Available,#4 Best Sellers,in Curling Tongs & Curling Wands,11.8,9,100+ sold recently,"1pc Genuine HEA Air Purifier With Air Monitor And HPA Filter, Indoor Deodorizer And Air Cleanse For Smoke/Dust Removal. Ideal For Business Offices, Student Dorms And Family Home Car"
1395,Data Not Availabe,Link Not Available,#4 Best Sellers,in Curling Tongs & Curling Wands,8.05,29,20+ sold recently,"Flexible 10x Magnifying Makeup Mirror With LED Lighting, Electric Suction Cup With Daylight And 360 Degree Rotation Feature, Portable For Home Bathroom Use (Battery Not Included)"
1396,Data Not Availabe,Link Not Available,#1 Best Sellers,in Laser Hair Removal Devices,19.7,29,Recently Not Sell,"1pc Black Plug Powered Laser Hair Removal Pulses 500,000 Flashes IPL Epilator 5 Levels Depilator Remover Permanent Professional Painless For Women Body Pubic Bikinis Home Use Devices"
1397,Data Not Availabe,Link Not Available,#3 Best Sellers,in Slow Cookers,31.99,14,Recently Not Sell,"Bear Electric cooker, 2L Multifunctional Portable Pot for Cooking, 1000W Rapid Noodles Cooker, Non-Stick Sauté Pan for Steak, Egg, Ramen, Oatmeal with Dual Power Adjustm"
1398,Data Not Availabe,Link Not Available,#3 Best Sellers,in Slow Cookers,3.45,22,10+ sold recently,"1set Cute Bear Shaped Electric Baby Nail Trimmer/Nail Clippers With Light And 3 Interchangeable Grinding Heads, Safe Baby Nail File, Suitable For Newborn, Infant, Toddler, Adults, Nail Care, Polish, And Trim"
1399,Data Not Availabe,Link Not Available,#3 Best Sellers,in Slow Cookers,5.6,5,100+ sold recently,"1pc Electric Shaver Rechargeable Triple Rotary Head Beard Trimmer For Men, Suitable For Home And Travel Us"
1400,Data Not Availabe,Link Not Available,#3 Best Sellers,in Slow Cookers,1.9,5,50+ sold recently,"1pc 10ml/0.33oz Aroma Diffuser Essential Oil,Aromatherapy Essential Oil For Diffuser, Humidifier, Aromatherapy, Candle Making, Soap Scents,Lavender,JASMINE,LILY FLOWER,PEPPERMINT,DEEP OCEAN,WHITE TEA, ROSE,ORANGE,FREESIA"
1401,Data Not Availabe,Link Not Available,#10 Best Sellers,in Cleaning Appliances,37.2,5,Recently Not Sell,"The Latest In Smart Home: Multipurpose Electric Mop For Quick And Effortless Cleaning, Suitable For Various Floor Materials, Can Both Dry Mop And Wet Mop, Cordless"
1402,Data Not Availabe,Link Not Available,#10 Best Sellers,in Cleaning Appliances,8.3,5,Recently Not Sell,"1 Piece Of Fully Automatic Fly Killing Machine, Silent USB, Household And Commercial Fly Catching Bait And Trap, Providing You With A Clean And Comfortable Environm"
1403,Data Not Availabe,Link Not Available,#10 Best Sellers,in Cleaning Appliances,189.99,21,Recently Not Sell,"1 Piece Of Fully Automatic Fly Killing Machine, Silent USB, Household And Commercial Fly Catching Bait And Trap, Providing You With A Clean And Comfortable Environm"
1404,Data Not Availabe,Link Not Available,#10 Best Sellers,in Cleaning Appliances,14.72,20,100+ sold recently,"Portable Electric Hair Clipper, Electric Hair Clipper, Rechargeable Cordless Hair Clipper, Female Hair Clipper, Professional 2-In-1 Electric Hair Clipper, Straight Hair Clipper With Multiple Functions, Can Trim Forks And Straighten Hair, USB Repair Broken Hair Ends For Trimming"
1405,Data Not Availabe,Link Not Available,#1 Best Sellers,in Washers & Dryers,7.0,20,Recently Not Sell,"1pc 30W Powered Portable Mini Washing Machine With Data Cable, Compact Turbine Laundry Washer For Socks And Underwear, Suitable For Dorm, Hotel And Travel"
1406,Data Not Availabe,Link Not Available,#10 Best Sellers,in Car Vacuum Cleaner,17.1,2,Recently Not Sell,"12V Handheld Vacuum Cleaner, Handheld Car Vacuum Cleaner With Strong Suction Power, Portable Mini Handheld Car Vacuum Cleaner"
1407,Data Not Availabe,Link Not Available,#10 Best Sellers,in Car Vacuum Cleaner,9.4,2,30+ sold recently,1pc USB Rechargeable Portable Spray Handheld Fan Cooler Four Speed Regulation Strong Wind Nano Mist Portable Air Conditioner Mute Noise Reduction Can Be Placed On The Desktop For Home Outdoor Office Aire Acondicionado
1408,Data Not Availabe,Link Not Available,#6 Best Sellers,in Aroma Diffuser,3.6,2,Recently Not Sell,1pc USB Rechargeable Portable Spray Handheld Fan Cooler Four Speed Regulation Strong Wind Nano Mist Portable Air Conditioner Mute Noise Reduction Can Be Placed On The Desktop For Home Outdoor Office Aire Acondicionado
1409,Data Not Availabe,Link Not Available,#1 Best Sellers,in Kitchen Scales,12.0,2,Recently Not Sell,1pc USB Rechargeable Portable Spray Handheld Fan Cooler Four Speed Regulation Strong Wind Nano Mist Portable Air Conditioner Mute Noise Reduction Can Be Placed On The Desktop For Home Outdoor Office Aire Acondicionado
1410,Data Not Availabe,Link Not Available,#1 Best Sellers,in Kitchen Scales,1.96,44,10+ sold recently,1pc USB Rechargeable Portable Spray Handheld Fan Cooler Four Speed Regulation Strong Wind Nano Mist Portable Air Conditioner Mute Noise Reduction Can Be Placed On The Desktop For Home Outdoor Office Aire Acondicionado
1411,Data Not Availabe,Link Not Available,#1 Best Sellers,in Kitchen Scales,16.1,44,40+ sold recently,"1pc Mini Portable Air Cooler Desktop Fan, Dorm Room Air Conditioning Fan, Home Use Mobile Air Cooler"
1412,Data Not Availabe,Link Not Available,#1 Best Sellers,in Kitchen Scales,11.9,44,Recently Not Sell,"Massage Machine Sport Body Belly Arm Leg Body Massage, Fitness Portable Massage Machine, Ideal For Men And Women Daily Body Fitness"
1413,Data Not Availabe,Link Not Available,#1 Best Sellers,in Kitchen Scales,9.0,44,10+ sold recently,"1pc 130ml Woodgrain Diffuser, Air Humidifier With USB Starlight Night Light - Aroma Diffuser And Air Purifier For Home, Office, Bedroom, Travel - Humidifies, Deodorizes And Creates A Relaxing Atmospher"
1414,Data Not Availabe,Link Not Available,#1 Best Sellers,in Kitchen Scales,5.4,44,300+ sold recently,"1pc Handheld Foldable Fan With Hanging Strap, White, Portable Mini Fan With Rechargeable Battery & Usb Cable, 3 Speed & Powerful Personal Desk Fan, Suitable For Women & Men, Home, Office, Makeup, Outdoor Travel"
1415,Data Not Availabe,Link Not Available,#1 Best Sellers,in Kitchen Scales,9.9,44,Recently Not Sell,"Roll On Wax, Wax Roller Kit For Hair Removal, Roller Waxing Kit , Portable  Wax Heater Machine For Women & Men, Waxing Roller Kit Depilatory Wax For Sensitive Ski"
1416,Data Not Availabe,Link Not Available,#1 Best Sellers,in Kitchen Scales,10.19,36,50+ sold recently,"1PC Rechargeable 1200mAh Foldable Desktop Fan Wall Mountable Fan, Portable Air Conditioner, Folding Fan, Table Fan, Small Portable Fan Perfect For Office, Home, Kitchen, Outdoor, 90° Adjustable, Quiet Operation, With Trackless Hook, Three Gears Adjustment, Two Colors Available."
1417,Data Not Availabe,Link Not Available,#1 Best Sellers,in Kitchen Scales,6.7,36,Recently Not Sell,Rechargeable Handheld Portable Fan Low Noise Handheld Portable Fan Suitable For Girls Women  Us
1418,Data Not Availabe,Link Not Available,#1 Best Sellers,in Kitchen Scales,6.8,36,400+ sold recently,Rechargeable Handheld Portable Fan Low Noise Handheld Portable Fan Suitable For Girls Women  Us
1419,Data Not Availabe,Link Not Available,#1 Best Sellers,in Kitchen Scales,9.0,36,100+ sold recently,1pc Foldable Electric Mosquito Killer Fly Swatter Trap USB Rechargeable Mosquito Racket Insect Killer With UV Light Bug Zapper
1420,Data Not Availabe,Link Not Available,#1 Best Sellers,in Kitchen Scales,11.3,3,10+ sold recently,"Electric Shaver For Men, Professional Rechargeable Multifunctional Electric Foil Shaver With Brush For Hair Salon For Home For Men, A High-Quality Choice For Christmas Gifts"
1421,Data Not Availabe,Link Not Available,#1 Best Sellers,in Kitchen Scales,16.8,3,900+ sold recently,"Hair Dryer Brush 4 In 1 Professional Hot Air Brush, One-Step Hair Dryer And Styler Volumizer With Ionic Technology, For Drying, Straightening, Curling, Suitable For All Hair Types"
1422,Data Not Availabe,Link Not Available,#1 Best Sellers,in Kitchen Scales,15.2,4,20+ sold recently,"1pc Rechargeable Intelligent Desktop Water Dispenser, Outdoor Barrel Water Dispenser, Fully Automatic Drinking Fountain, Water Dispenser, Suction Tank"
1423,Data Not Availabe,Link Not Available,#1 Best Sellers,in Exhaust Fans,37.0,4,Recently Not Sell,"Portable Seven Color Ambient Light Desktop Cooling Fan, Four Speed Adjustment, Four Timing Function, Dual Ultrasonic Atomizer And Triple Cooling Of Wet Curtain, Convenient To Carry And Move, Low Noise, A Must-Have Item In Summer"
1424,Data Not Availabe,Link Not Available,#1 Best Sellers,in Exhaust Fans,7.38,31,10+ sold recently,"Yunbaoit Visual Timer With Night Light, 60-Minute Countdown Timer For Adults , Silent Classroom Timer, Time Management Tool For Home, School, Or Work Blue Rainbo"
1425,Data Not Availabe,Link Not Available,#8 Best Sellers,in Hair Straightening Irons,16.4,9,Recently Not Sell,"Rechargeable Cordless Split Hair Trimmer, Hair Split Ends Trimmer, Remover Damaged Hair, Repair Hair Care Treatment, Portable USB Rechargeable Split Ends Hair Clipper For Household, Hair Trimming Device, Hair Car"
1426,Data Not Availabe,Link Not Available,#8 Best Sellers,in Hair Straightening Irons,6.5,9,700+ sold recently,"Rechargeable Cordless Split Hair Trimmer, Hair Split Ends Trimmer, Remover Damaged Hair, Repair Hair Care Treatment, Portable USB Rechargeable Split Ends Hair Clipper For Household, Hair Trimming Device, Hair Car"
1427,Data Not Availabe,Link Not Available,#8 Best Sellers,in Hair Straightening Irons,10.27,33,60+ sold recently,"1pc Usb Rechargeable Led Display Neck Hanging Fan, Portable No Leaf Turbo Quiet Slouchy Neck F"
1428,Data Not Availabe,Link Not Available,#8 Best Sellers,in Hair Straightening Irons,2.77,16,80+ sold recently,1pc Mini Portable Visual Time Electronic Stopwatch Kitchen Timer For Cooking Beauty Study With Silent Counting And Countdown Functio
1429,Data Not Availabe,Link Not Available,#8 Best Sellers,in Hair Straightening Irons,9.6,16,70+ sold recently,"K.SKIN KSKIN Mini 2 In 1 Hair Straightener Hair Curler, Tourmaline Ceramic Hair Straighter With Smart Constant Temperature Setting, Portable Hair Styling Tools 1pc"
1430,Data Not Availabe,Link Not Available,#8 Best Sellers,in Hair Straightening Irons,3.17,21,100+ sold recently,"1pc,Portable Mini Fan Handheld Fans For Cooling Air 3 Speeds AdjustableUSB Rechargeable Small Table Desk Fan Personal Quiet Eyelash Fan ForWomen Men Home Office Travel"
1431,Data Not Availabe,Link Not Available,#10 Best Sellers,in Curling Tongs & Curling Wands,14.4,4,Recently Not Sell,"Automatic Curling Iron, Cordless Auto Hair Curler, Ceramic Rotating Hair Curler With 6 Temps & Timers, Portable Rechargeable Curling Wand, Auto Shut-Off, Fast Heating Iron For Styling"
1432,Data Not Availabe,Link Not Available,#10 Best Sellers,in Curling Tongs & Curling Wands,7.0,4,200+ sold recently,Black Mini Humidifier Usb Aromatherapy Machine Car Mounted Air Purifier Indoor Facial Hydration Night Colorful Atmosphere Ligh
1433,Data Not Availabe,Link Not Available,#10 Best Sellers,in Curling Tongs & Curling Wands,5.8,3,100+ sold recently,"1Pc White Led Vanity Mirror With Stand For Women, Ins Style, Dormitory Desktop Portable Small Dressing Mirror For Home Tabletop Decoration, Bathroom, Dresser Vanity & Countertop Bedroom Travel Dormitory Hotel Mirror Women Gif"
1434,Data Not Availabe,Link Not Available,#10 Best Sellers,in Curling Tongs & Curling Wands,3.2,9,10+ sold recently,"Atlodas Portable Nose Hair Trimmer, Fashionable Men's And Women's Beauty Trimmer, 7000 Rpm Motor, IPX7 Waterproof, C-Type Rechargeable Nose Hair Trimmer, With Dust Cover, Double-Edged Blade (Black)"
1435,Data Not Availabe,Link Not Available,#10 Best Sellers,in Curling Tongs & Curling Wands,4.4,6,300+ sold recently,"1set Electric Baby Nail Trimmer, Newborn Safe Nail Clippers Kit With 3 Interchangeable Grinding Heads, Low Noise Handheld Ergonomic Design Beauty Tool Set For Infants, Children, And Adults' Nails/Electric Nail Trimmer For Childr"
1436,Data Not Availabe,Link Not Available,#10 Best Sellers,in Curling Tongs & Curling Wands,5.0,6,4.0k+ sold recently,"1set Electric Baby Nail Trimmer, Newborn Safe Nail Clippers Kit With 3 Interchangeable Grinding Heads, Low Noise Handheld Ergonomic Design Beauty Tool Set For Infants, Children, And Adults' Nails/Electric Nail Trimmer For Childr"
1437,Data Not Availabe,Link Not Available,#10 Best Sellers,in Curling Tongs & Curling Wands,2.7,6,50+ sold recently,"1pc 45ml Charging Ultrasonic Aroma Diffuser With Intelligent Numeric Display Function, 5-Level Adjustment Function, Can Be Placed On The Desk Or Hung On The Wall. Note: Perfume And Essential Oil Are Sold Separately."
1438,Data Not Availabe,Link Not Available,#6 Best Sellers,in Hair Dryers,20.5,21,Recently Not Sell,Multi-Functional Salon Hair Dryer With Adjustable Temperature And Wind Power For Hair Styling
1439,Data Not Availabe,Link Not Available,#6 Best Sellers,in Hair Dryers,75.6,21,Recently Not Sell,Unbeatablesale Magicwand Rechargeable Portable Mini Massager&#44; White & Bl
1440,Data Not Availabe,Link Not Available,#10 Best Sellers,in Cooking Appliances,13.09,36,Recently Not Sell,"1pc Mini Electric Hot Pot With Stainless Steel Steaming Rack, Portable Non-Stick Pot, Ideal For Boiling Noodles, Pasta, Steak, Porridge, Hot Pot, Etc."
1441,Data Not Availabe,Link Not Available,#10 Best Sellers,in Cooking Appliances,1430.99,55,Recently Not Sell,"VEVOR Slushy Machine, 30L Slushie Machine For Home, 1250W Commercial Slushy Machine, Slushy Machine For Frozen Drinks Automatic Clean, Slushy Machine For Home Supermarkets Cafes Restaurants"
1442,Data Not Availabe,Link Not Available,#10 Best Sellers,in Cooking Appliances,4.37,9,400+ sold recently,"Pink Handheld Fan, Portable Mini Fan With Usb Rechargeable Battery, Personal Desktop Fan With Bracket, Small Travel Pocket Fan For Home, Office, School, Vacation, Outdoor, Slide To Turn On Strong Wind, Detachable Bas"
1443,Data Not Availabe,Link Not Available,#10 Best Sellers,in Cooking Appliances,6.0,9,100+ sold recently,1pc mini straightener hair iron corrugated plate straight plate electric curling iron curl modelling tools
1444,Data Not Availabe,Link Not Available,#10 Best Sellers,in Cooking Appliances,9.2,9,20+ sold recently,Portable Mini Electric Juicer USB Charging Smoothie Maker Automatic Fresh Fruit Orange Lemon Kitchen Blender
1445,Data Not Availabe,Link Not Available,#10 Best Sellers,in Cooking Appliances,3.2,3,1.5k+ sold recently,"1Pc Portable Lighted Pocket Mirror With Double Sided Foldable Makeup Mirror, Battery Not Included (Need To Be Purchased Separately) For Home Tabletop Decoration, Bathroom, Dresser Vanity & Countertop Bedroom Travel Dormitory Mirror Women Gif"
1446,Data Not Availabe,Link Not Available,#10 Best Sellers,in Cooking Appliances,9.9,3,Recently Not Sell,"2pcs, Outdoor Solar Powered Insect Catcher, Waterproof Non-ToxicReusable Portable Bee Trap, Attracting LED Light Catching For TrappingWasps, Bug, , Bees, Pest Control, Apartment Essentials, CollegeDorm Essentials, Household Gadgets"
1447,Data Not Availabe,Link Not Available,#10 Best Sellers,in Cooking Appliances,11.97,10,10+ sold recently,"Portable Blender For Shakes And Smoothies, 18 Oz Type-C USB Rechargeable Personal Blender, Powerful Mini Juice Blender With 4 Blades For Travel Sports Kitch"
1448,Data Not Availabe,Link Not Available,#8 Best Sellers,in Stick Vacuum Cleaners,39.4,10,Recently Not Sell,"4 In 1 Handheld Vacuum Cleaner,Portable Wireless Vacuum Cleaner,For Home And Car Interior Cleaning USB Charger, ABS Material, High Suction Household Cleaner,Nice Family Gif"
1449,Data Not Availabe,Link Not Available,#8 Best Sellers,in Stick Vacuum Cleaners,14.3,7,30+ sold recently,"IRest Electric Scalp Massager Handheld Portable Massager Rotating Waterproof With 4 Heads, 84 Nodes For Relieve Scalp,Stress Rel"
1450,Data Not Availabe,Link Not Available,#8 Best Sellers,in Stick Vacuum Cleaners,7.1,7,200+ sold recently,"1pc Mini Clip-On Fan, Rechargeable USB Clip-On Fan - Portable Mini Desk Fan - Ideal For Summer And Outdoor Use, The Perfect Companion For Office, Outdoor, Travel And Camping Adventures"
1451,Data Not Availabe,Link Not Available,#6 Best Sellers,in Electric Grills & Electric Griddles,265.99,57,Recently Not Sell,"VEVOR Commercial Griddle On Cart, 36"" Heavy Duty Manual Flat Top Griddle, Outdoor Cooking Station With Side Shelves, Steel Natural Gas Griddle, 4-Burners Restaurant Portable Tested To UL Standards"
1452,Data Not Availabe,Link Not Available,#7 Best Sellers,in Oral Irrigators,28.99,52,Recently Not Sell,"Water Flosser [Mini Cordless Portable] Oral Cleaner Irrigator Pick, Telescopic Water Tank, 3 Modes & IPX7 Waterproof, Home & Travel Water Flossers For Teeth, Braces Bridges Care."
1453,Data Not Availabe,Link Not Available,#7 Best Sellers,in Oral Irrigators,4.3,7,10+ sold recently,High-Definition  Mirror Magnification Patch Mirror Three Level Dimming Portable Flip Cover Circular Folding LED Makeup Mirror With One Side Enlarged 2X Beauty Mini USB Light Emitting Charging Small Mirror
1454,Data Not Availabe,Link Not Available,#3 Best Sellers,in Styling Tools & Appliances,10.0,7,Recently Not Sell,1pc Letter Graphic Hair Straightener
1455,Data Not Availabe,Link Not Available,#3 Best Sellers,in Styling Tools & Appliances,6.8,7,200+ sold recently,"1pc Type-c Charging Children's Visible Ear Spoon With Replaceable Silicone Head, Splash-proof And Dust-proof, Suitable For Various Occasions"
1456,Data Not Availabe,Link Not Available,#3 Best Sellers,in Styling Tools & Appliances,6.1,7,700+ sold recently,"1pc Plastic Mini Fan, Modernist Portable Handheld Fan For Home, School"
1457,Data Not Availabe,Link Not Available,#3 Best Sellers,in Styling Tools & Appliances,5.4,7,30+ sold recently,"1pc Portable Wireless Rechargeable UV LED Handheld Nail Art Lamp, Alphabet-Shaped Nail Dryer, Gel Nail Quick Curing Drying Lamp With 1 Pearl Bead, 2 Timer Settings, LCD Display Nail Polish Machine, Suitable For Home, Salon, Nail Art Shop Us"
1458,Data Not Availabe,Link Not Available,#3 Best Sellers,in Styling Tools & Appliances,9.36,10,60+ sold recently,"1pc Heart-shaped Accurate Electronic Kitchen Scale For Home Use, Mini Baking Food Scal"
1459,Data Not Availabe,Link Not Available,#5 Best Sellers,in Electric Deep Fryers,75.28,28,Recently Not Sell,ZOKOP EH82 5000W MAX 110V 12.7QT/12L Stainless Steel Double Cylinder Electric Fryer US Plug
1460,Data Not Availabe,Link Not Available,#5 Best Sellers,in Household Appliances,4.0,28,Recently Not Sell,"1pc Portable Handheld Fan Rechargeable With 500mah Lithium Battery, With Lanyard & 3 Speeds"
1461,Data Not Availabe,Link Not Available,#5 Best Sellers,in Hair Curling Irons,12.84,30,Recently Not Sell,"1pc Electric Fully Automatic Hair Curler, 28mm Diameter Ceramic Curling Iron With 4 Temperature Settings, Suitable For Curling"
1462,Data Not Availabe,Link Not Available,#5 Best Sellers,in Hair Curling Irons,39.99,56,20+ sold recently,"VEVOR Food Processor, 7-Cup Vegetable Chopper For Chopping, Mixing, Slicing, And Kneading Dough, 350 Watts Stainless Steel Blade Professional Electric Food Chopper, Easy Assembly & Clean, Black"
1463,Data Not Availabe,Link Not Available,#5 Best Sellers,in Hair Curling Irons,6.5,56,50+ sold recently,"Multi-Color LED Aromatherapy Humidifier - Portable & Quiet - Ideal For Bedroom, Office & Car"
1464,Data Not Availabe,Link Not Available,#5 Best Sellers,in Hair Curling Irons,14.5,4,70+ sold recently,"2pcs Rechargeable Bladeless Neck Hanging Fan, Mini Portable USB Charging Fan With Folding Desig"
1465,Data Not Availabe,Link Not Available,#5 Best Sellers,in Hair Curling Irons,33.99,40,Recently Not Sell,Foldable Hair Dryer Powerful Ionic Blow Dryer Fast Drying Travel Hair Blow Dryer
1466,Data Not Availabe,Link Not Available,#10 Best Sellers,in Hair Dryers,29.99,32,Recently Not Sell,"1Pc Travel Diffuser Hair Dryer, Dual Voltage Hair Dryer With Diffuser, Foldable Mini Compact Blow Dryer With Concentrator, 1200W Ionic Hairdryer Lightweight With European Plug For Worldwide Us"
1467,Data Not Availabe,Link Not Available,#9 Best Sellers,in Hair Curling Irons,11.4,32,Recently Not Sell,"CRASTS Star Hair Curling Wand FS-H186-9, 9&16&25mm Diameter, Suitable For Home Use Or Travel, Can Create Wool Curls Or Big Waves, Fast Heating Function Availabl"
1468,Data Not Availabe,Link Not Available,#9 Best Sellers,in Hair Curling Irons,4.6,4,800+ sold recently,1pc Rechargeable Portable Handheld Flower Shaped Fan With Lanyard Incl
1469,Data Not Availabe,Link Not Available,#9 Best Sellers,in Hair Curling Irons,24.6,4,90+ sold recently,Mini  3 Way Mirror 360 Degree Makeup Mirror No LED Light For Haircutting Alone Makeup Travel Mirror Portabl
1470,Data Not Availabe,Link Not Available,#9 Best Sellers,in Hair Curling Irons,20.2,4,100+ sold recently,Portable Digital Massage 24 Massage Modes 20 Intensities Rechargeable Machine EMS Electric Muscle Stimulator Professional TENS Unit Machine Pulse Massager With 10pcs Electrode Pads
1471,Data Not Availabe,Link Not Available,#4 Best Sellers,in Laser Hair Removal Devices,19.26,10,Recently Not Sell,"IPL Hair Removal Device - Permanent Hair Remover And Hair Growth Reduction Handset For Long Lasting Results - Pain-Free At Home Laser Hair Removal For Whole Body Treatment Hair Househ Old Painless Hair Removal Instrument,Suitable For  5 Levels And 999,900 Permanent Hair Remover,Painless Hair Remover On Face,Body,Bikini, Whole Body 1pc 24w Elektrisches Laser-Haarentfernungsgerät Für Den Heimgebrauch, Ipl Beauty Hautverjüngungsmaschine Mit Eiskompresse Home Laser Hair Removal Device With Cooling System Multifunctional Painless Laser Epilator For Woman And Men Whole Body Use Permanent IPL Hair Removal Machine On Facial Legs Armpit Bikini Line إزالة شعر النساء بالفلاشات 999,999 ، جهاز إزالة الشعر بالكهرباء، ابيلايتور أبيض ذو مكونات قابلة للفصل مخصص للبيكينيات والمايوه إزالة الشعر في المنزل4 في 1 للرجال والنساء، إزالة الشعر المحدثة 4 في 1 في المنزل مع 5 مستويات و 999900 إزالة دائمة للشعر، إزالة الشعر غير المؤلمة على الوجه، الجسم، ملابس السباحة، الجسم بأكمله"
1472,Data Not Availabe,Link Not Available,#4 Best Sellers,in Laser Hair Removal Devices,10.4,7,10+ sold recently,"1pc Rechargeable 1200 MAh Salt Lamp Car Humidifier Colorful Dual Speed Timed Release Negative Ion Aromatherapy Diffuser For Car, Bedroom Humidifier, Living Room, Offic"
1473,Data Not Availabe,Link Not Available,#4 Best Sellers,in Laser Hair Removal Devices,6.54,40,Recently Not Sell,2-In-1 Electric Face Cleansing Brush With  Vibration Massage - Pore Cleanser  - Silicone Cleaner For Facial Skin Care -  Facial Cleasing Brush - Battery Powered Waterproof
1474,Data Not Availabe,Link Not Available,#4 Best Sellers,in Laser Hair Removal Devices,9.1,40,10+ sold recently,"USB Rechargeable Hair Straightening Brush, Portable Straightener And Curler 2-In-1 Device, Wireless Travel Hair Styling Tool"
1475,Data Not Availabe,Link Not Available,#4 Best Sellers,in Laser Hair Removal Devices,22.4,40,60+ sold recently,"500ml Large Capacity Indoor Intelligent Ultrasonic Aroma Diffuser Sy-Xxj04, Black, Cool Mist Humidifier, 24h Continuous Spray, Silent Timer Function, 7-Color Night Light, 3-Spray Modes, Auto-Off Without Water, Suitable For Home, Office, Indoor Exercis"
1476,Data Not Availabe,Link Not Available,#4 Best Sellers,in Laser Hair Removal Devices,4.8,40,300+ sold recently,"1pc Plastic Electric Fan, Modern Ear Decor Electric Fan For Hom"
1477,Data Not Availabe,Link Not Available,#10 Best Sellers,in Personal Size Blenders,39.99,60,Recently Not Sell,"1pc Plastic Electric Fan, Modern Ear Decor Electric Fan For Hom"
1478,Data Not Availabe,Link Not Available,#10 Best Sellers,in Personal Size Blenders,5.17,28,100+ sold recently,"Wood Grain Flower Vase Design Humidifier With Large Fog Output, Mute Mode, Suitable For Home, Bedroom, Office Use With Night Light Function, Ultrasonic Technology"
1479,Data Not Availabe,Link Not Available,#10 Best Sellers,in Personal Size Blenders,33.6,4,200+ sold recently,6 In 1 Curling Iron Wand Set With 6 Interchangeable Ceramic Barrels And Heat Protective Glove (Black-6In1) (Black-6) Hot Comb Heated Styling Iron Brush For Hairdressing Gift For Wom
1480,Data Not Availabe,Link Not Available,#5 Best Sellers,in Laser Hair Removal Devices,19.62,10,Recently Not Sell,"IPL Hair Removal Device - Permanent Hair Remover And Hair Growth Reduction Handset For Long Lasting Results - Pain-Free At Home Laser Hair Removal For Whole Body Treatment Hair Househ Old Painless Hair Removal Instrument,Suitable For  5 Levels And 999,900 Permanent Hair Remover,Painless Hair Remover On Face,Body,Bikini, Whole Body 1pc 24w Elektrisches Laser-Haarentfernungsgerät Für Den Heimgebrauch, Ipl Beauty Hautverjüngungsmaschine Mit Eiskompresse Home Laser Hair Removal Device With Cooling System Multifunctional Painless Laser Epilator For Woman And Men Whole Body Use Permanent IPL Hair Removal Machine On Facial Legs Armpit Bikini Li"
1481,Data Not Availabe,Link Not Available,#5 Best Sellers,in Laser Hair Removal Devices,6.8,10,100+ sold recently,"1pc Portable Handheld Teddy Bear Fan, Usb Charging, 3-Speed Adjustable Mini Fan, Suitable For Student, Home And Outdoor Activities"
1482,Data Not Availabe,Link Not Available,#10 Best Sellers,in Oral Irrigators,22.27,14,Recently Not Sell,4 Nozzles Electric Water Dental Flosser Teeth Pick Portable Cordless Oral Irrigator Rechargeable Dental Water Jet Tooth And Brace Cleaner With 4 Modes 310ML Large Water Tank
1483,Data Not Availabe,Link Not Available,#10 Best Sellers,in Oral Irrigators,2.9,3,20+ sold recently,"Multifunctional Men's Electric Shaver With Digital Display, USB Charging, 3 Cutter Heads, And Carrying Cas"
1484,Data Not Availabe,Link Not Available,#10 Best Sellers,in Oral Irrigators,0.8,50,Recently Not Sell,"Crevice Cleaning Brush,Multifunctional Gap Cleaning Brush Tool, Bathroom Gap Brush, Grout Cleaner Brush Hard Bristle Crevice Cleaning Brush"
1485,Data Not Availabe,Link Not Available,#10 Best Sellers,in Oral Irrigators,6.31,35,100+ sold recently,"1pc Mini Craft Heat Press Machine, Portable Iron-On Heat Transfer Machine, Suitable For Beads, T-Shirts, Shoes, Diy Crafts, Patch Heat Transfer Machine, Small Iron And Small Appliances"
1486,Data Not Availabe,Link Not Available,#10 Best Sellers,in Oral Irrigators,11.97,33,100+ sold recently,"1pc Mini Craft Heat Press Machine, Portable Iron-On Heat Transfer Machine, Suitable For Beads, T-Shirts, Shoes, Diy Crafts, Patch Heat Transfer Machine, Small Iron And Small Appliances"
1487,Data Not Availabe,Link Not Available,#10 Best Sellers,in Oral Irrigators,5.8,33,30+ sold recently,"1set Convenient Coffee Set Including Milk Frother, Coffee Cup And Coffee Spoon, Great Gift Idea, Available For Separate Purchas"
1488,Data Not Availabe,Link Not Available,#10 Best Sellers,in Oral Irrigators,10.4,4,100+ sold recently,"Electric Razor For Women,4-In-1 Lady Electric Shaver Hair Trimmer For Face Beard Mustache Arm Leg Armpit Bikini,Rechargeable Cordless Hair Clipper Facial Hair Removal For Women M"
1489,Data Not Availabe,Link Not Available,#10 Best Sellers,in Oral Irrigators,7.53,42,10+ sold recently,"1pc Portable Electric Juicer, 450ml USB Rechargeable Small Fruit Juicer With Double Cup, USB Charging Juice Cup With Long Battery Life, Multi-Function Fruit Blender For Kitchen, Home, Travel"
1490,Data Not Availabe,Link Not Available,#10 Best Sellers,in Oral Irrigators,3.4,42,30+ sold recently,White mini nail lamp compact portable light therapy machine not black hand baking lamp nail drying lamp
1491,Data Not Availabe,Link Not Available,#10 Best Sellers,in Oral Irrigators,13.09,17,100+ sold recently,White mini nail lamp compact portable light therapy machine not black hand baking lamp nail drying lamp
1492,Data Not Availabe,Link Not Available,#4 Best Sellers,in Kitchen Scales,9.5,17,Recently Not Sell,"1pc 5kg Stainless Steel Electronic Scale, Small Kitchen Food Scale With High Precision, Digital Unit In Gram And Ounce, Used For Weight Loss, Baking, Cooking, Keto And Meal Preparation, With LCD Display, Pink"
1493,Data Not Availabe,Link Not Available,#4 Best Sellers,in Kitchen Scales,18.2,4,20+ sold recently,5 Tube Hair Curler Fast Heating Big Wave Curling Iron Ceramic Five Stick Egg Curl Hair Waver Tools For All Types Of Hair
1494,Data Not Availabe,Link Not Available,#4 Best Sellers,in Air Fryers,69.99,77,Recently Not Sell,"Newest Air Fryer Large 8.5 QT, 8 In 1 Touch Screen, Visible Window, 1750W Power"
1495,Data Not Availabe,Link Not Available,#4 Best Sellers,in Air Fryers,8.5,3,100+ sold recently,"Household Hair Clipper Electric Clippers For Trimming Hair, Rechargeable, Suitable For Self Hair Cutting, Electric Shaver For Bald HeadMultifunctional Electric Shaver For Men, With Razor, Mens Grooming Ki"
1496,Data Not Availabe,Link Not Available,#4 Best Sellers,in Air Fryers,4.8,3,60+ sold recently,"A Hand-Held Foldable Fan With USB Rechargeable Battery, Hanging Strap, 3 Speeds, Powerful Personal Table Fan Suitable For Ladies, Gents, Home, Office, Makeup, Outdoor, And Travel"
1497,Data Not Availabe,Link Not Available,#4 Best Sellers,in Air Fryers,10.1,3,Recently Not Sell,Car Wireless Portable Vacuum Cleaner With Small And Large Suction Forc
1498,Data Not Availabe,Link Not Available,#4 Best Sellers,in Air Fryers,3.5,3,10+ sold recently,Plaque Cleaning Replacement Toothbrush Head Compatible With  Sonicare Electric Toothbrush DiamondClean/ProtectiveClean/C1/C2/G2/C3/1100/4100/5100/6100/7500/9000/9900 Etc.
1499,Data Not Availabe,Link Not Available,#4 Best Sellers,in Air Fryers,3.7,3,Recently Not Sell,Multi-Color Portable Handheld Mini Fan With Simple Desig
1500,Data Not Availabe,Link Not Available,#4 Best Sellers,in Air Fryers,16.0,11,50+ sold recently,Multi-Color Portable Handheld Mini Fan With Simple Desig
1501,Data Not Availabe,Link Not Available,#4 Best Sellers,in Air Fryers,34.26,28,Recently Not Sell,1 Set Meat Grinder Attachment For All KitchenAid Stand Mixers Meat Grinder Kit Composed Of 15 Components
1502,Data Not Availabe,Link Not Available,#4 Best Sellers,in Air Fryers,9.4,28,300+ sold recently,"1pc Handheld Electric Milk Frother, Black, Electric Whisk Coffee Frother, With 2 Replaceable Stainless Steel Whisk Heads, 3 Speeds, Usb Rechargeable Foam Maker, Suitable For Coff"
1503,Data Not Availabe,Link Not Available,#4 Best Sellers,in Air Fryers,13.0,4,400+ sold recently,Professional Ceramic Triple Barrel Hair Curler Iron 22Mm-25Mm Curling Waver Styling Tool Curling Wand Heated Styling Iron Brush Hairdressing Tool Gift For Travel
1504,Data Not Availabe,Link Not Available,#4 Best Sellers,in Air Fryers,28.89,4,Recently Not Sell,Unbeatablesale Nostalgia Cotton Candy Party Kit With 7 Oz Each Pink Vanilla&#44; Blue Raspberry & Strawberry Flossing Sugars - Reusable Cones & Twist Ties
1505,Data Not Availabe,Link Not Available,#4 Best Sellers,in Air Fryers,56.9,4,700+ sold recently,3Pieces Kemei Brand Professional Hair Clippers And Shaver Set Km-2996 Hair Clipper With Charging Base Km-2299 Hair Clipper Hair Trimmer For Carving Head Machine Km-1102 Men'S Razor Beard Shaving Machine Usb Rechargeable For Home Use Or Barber Shop Salon Us
1506,Data Not Availabe,Link Not Available,#4 Best Sellers,in Air Fryers,2.4,8,Recently Not Sell,Electric Face Wash Brush Soft Bristle Silicone Face Wash Head Can Deeply Clean Pores Manually
1507,Data Not Availabe,Link Not Available,#4 Best Sellers,in Air Fryers,11.2,8,200+ sold recently,1pc Full Body Wax Bean Melting Pot Wax Therapy Machi
1508,Data Not Availabe,Link Not Available,#8 Best Sellers,in Electric Hair Brushes,9.5,8,Recently Not Sell,"New Model Hot Comb, Electric Comb, Wet & Dry, For Curly & Straight Hair, Straightening & Curling, Heat-Up, , Golden Comb"
1509,Data Not Availabe,Link Not Available,#8 Best Sellers,in Electric Hair Brushes,77.06,28,10+ sold recently,"The Air Fryer Has A Large Capacity Of 9QT Stainless Steel Touch Screen With Digital Control For Fast Air Circulation, Which Can Accommodate 3-4 People For Dining And Can Accommodate A Whole Chick"
1510,Data Not Availabe,Link Not Available,#8 Best Sellers,in Electric Hair Brushes,18.9,28,100+ sold recently,"Electric Immersion Hand Blender, stainless steel, 2-Speed Control One Hand ,kitchen accessories,Mixer,Mixer,Chopper,Ice Crushing,Removable Blending Stick for Easy Cleaning.For  Purees, Smoothies,Shakes,Ivory,Soups, Sauces, Baby Foo"
1511,Data Not Availabe,Link Not Available,#8 Best Sellers,in Electric Hair Brushes,21.2,28,70+ sold recently,"1pc Hanging Neck Fan, Neck Fan With Digital Display, Outdoor Summer Cooling Fan, Rechargeable 4000mAh Hanging Neck Fan With 3-Speed Wind F"
1512,Data Not Availabe,Link Not Available,#8 Best Sellers,in Electric Hair Brushes,8.91,10,60+ sold recently,"1pc Kitchen Scale With LCD And Tare Function, Digital Scale With 2 AAA Batteries Multifunctional Electronic Weight For Food Cooking Baking"
1513,Data Not Availabe,Link Not Available,#8 Best Sellers,in Electric Hair Brushes,3.05,57,10+ sold recently,"Rechargeable Electric Foot Callus Remover With Lithium Battery, Auto Grinding Dead Skin, Exfoliating Tool For Feet Car"
1514,Data Not Availabe,Link Not Available,#3 Best Sellers,in Wax Heaters,11.6,57,Recently Not Sell,"Rechargeable Electric Foot Callus Remover With Lithium Battery, Auto Grinding Dead Skin, Exfoliating Tool For Feet Car"
1515,Data Not Availabe,Link Not Available,#3 Best Sellers,in Wax Heaters,13.5,66,Recently Not Sell,"Vacuum Sealer Machine, For Food Saver Storage And Sous Vide, Automatic Air Food Sealing System"
1516,Data Not Availabe,Link Not Available,#3 Best Sellers,in Wax Heaters,17.4,4,40+ sold recently,"Rechargeable Cordless Split Hair Trimmer, Hair Split Ends Trimmer, Remover Damaged Hair, Repair Hair Care Treatment, Portable USB Rechargeable Split Ends Hair Clipper For Household, Hair Trimming Device, Hair Care Black Color"
1517,Data Not Availabe,Link Not Available,#3 Best Sellers,in Wax Heaters,12.4,4,40+ sold recently,"Electric Blackhead Remover Tool, Pore Cleanser With 6 Replacement Heads, 3 Modes, Pore Vacuum Suction Beauty Machine For Facial Cleansing"
1518,Data Not Availabe,Link Not Available,#3 Best Sellers,in Wax Heaters,17.5,4,70+ sold recently,Portable Neck Fan Hands Free Bladeless Fan Personal Air Conditioner Cooling Neck Cooler Rechargeable Blow Cold Wearable Fan Around Your Neck Men Women Travel Essentials Gif
1519,Data Not Availabe,Link Not Available,#3 Best Sellers,in Wax Heaters,15.0,4,Recently Not Sell,"1pc Desktop Fan, Oscillating Small Fan, Mini Fan, Rechargeable, Long-Lasting Battery, Tabletop Fan, USB Desk Fan, Three-Speed Wind Adjustment,"
1520,Data Not Availabe,Link Not Available,#3 Best Sellers,in Wax Heaters,25.4,4,300+ sold recently,Kemei Brand Professional Hair Clipper + Electric Shaver  2pieces/Set For Men's Home Use In Set KM-1071 Electric Hair Trimmer USB Rechargeable Cordelss Strong Powerful Electric Razor Beard Shaving Machi
1521,Data Not Availabe,Link Not Available,#3 Best Sellers,in Wax Heaters,47.96,28,Recently Not Sell,Electric Ice Crusher Shaver Snow Cone Maker With Dual Stainless Steel Blades 300W 145 Lbs/Hr For Home And Use Orang
1522,Data Not Availabe,Link Not Available,#7 Best Sellers,in Hair Clippers,12.4,13,Recently Not Sell,Men's Electric Hair Clipper USB Rechargeable Hair Clipper Trimmer Professional Cordless Hair Cutting Machi
1523,Data Not Availabe,Link Not Available,#7 Best Sellers,in Hair Clippers,3.06,40,20+ sold recently,"MINI Turbo Handheld Fan, Compact And Portable Pocket USB Rechargeable F"
1524,Data Not Availabe,Link Not Available,#5 Best Sellers,in Hair Straightening Irons,20.4,40,Recently Not Sell,"1pc Ceramic 2 In 1 Hair Straightener And Curler,Professional Titanium Flat Iron,Fast Heating,Dual Voltage, Auto Off, With Protective Glove & 2 Clips"
1525,Data Not Availabe,Link Not Available,#5 Best Sellers,in Hair Straightening Irons,11.5,40,20+ sold recently,"Portable Fan Rechargeable, Battery Operated USB Fan With 100 Speed, 180°Tilt Small Travel Fan For Sleeping With Digital Display, Quiet Desk Fan For Office Bedroom Home."
1526,Data Not Availabe,Link Not Available,#5 Best Sellers,in Hair Straightening Irons,41.97,28,Recently Not Sell,"CAYNEL Mini Fridge Portable Thermoelectric 4 Liter Cooler And Warmer For Skincare, Friendly Beauty Fridge For Foods,Medications, Cosmetics, Breast Milk, Medications Home And Travel"
1527,Data Not Availabe,Link Not Available,#5 Best Sellers,in Hair Straightening Irons,47.11,28,Recently Not Sell,"New Portable Washing Machine Foldable,9L Mini Washing Machine,Small Washing Machine,Mini Lavadora For Underwear,Baby Clothes Or Small Items,Mini Washer For Apartment,Camping,Travel,RV,9L,Purpl"
1528,Data Not Availabe,Link Not Available,#5 Best Sellers,in Hair Straightening Irons,22.85,75,10+ sold recently,1Pc Moclever Manual Meat Grinder Heavy Duty Hand Operated Mincer Sausage Maker Machine Noodle Maker Kitchen Food Grinder For Pork Beef Pepper Wedding Party
1529,Data Not Availabe,Link Not Available,#5 Best Sellers,in Hair Straightening Irons,24.8,75,10+ sold recently,1pc 35000RPM Electric Nail Drill Professional Manicure Machine Nail Sander Set Nail Drill Bit Portable Nail Salon Polisher Equipm
1530,Data Not Availabe,Link Not Available,#5 Best Sellers,in Hair Straightening Irons,6.1,21,200+ sold recently,Rechargeable Usb Charging Adult Electric Toothbrush Power Electric Toothbrush With 3 Brush Heads 5 Modes Ipx7 Waterproof Long Battery Lifetooth Cleaning (Black) Oral Hygiene Care For Home & Travel
1531,Data Not Availabe,Link Not Available,#5 Best Sellers,in Hair Straightening Irons,18.3,21,50+ sold recently,Rechargeable Usb Charging Adult Electric Toothbrush Power Electric Toothbrush With 3 Brush Heads 5 Modes Ipx7 Waterproof Long Battery Lifetooth Cleaning (Black) Oral Hygiene Care For Home & Travel
1532,Data Not Availabe,Link Not Available,#5 Best Sellers,in Hair Straightening Irons,22.2,21,100+ sold recently,"1pc USB Charging Mini Air Conditioner Fan, Desktop Air Cooler Rechargeable Fan For Summer, Home, Offic"
1533,Data Not Availabe,Link Not Available,#5 Best Sellers,in Hair Straightening Irons,10.4,21,10+ sold recently,"One Usb-Powered High-Capacity Acrylic Crystal Humidifier, Can Be Used As Usb Night Light, Desk Lamp, And Crystal Atmosphere Lamp. Small Aroma Diffuser For Bedroom And Home (Do Not Use Oil-Based Perfume Or Essence). The Lid Is Not Waterproof. Seven Colors Of Rgb Automatic Color Change, Press And Hold To Fix The Color.(Specifications: 400ML/1000ML)"
1534,Data Not Availabe,Link Not Available,#5 Best Sellers,in Hair Straightening Irons,21.0,4,Recently Not Sell,"Professional Body Hair Trimmer, Groin&Body Manscape Trimmer For Men, Electric Ball Shaver Groomer, Pubic Grooming Clipper Male Razor Bikini Trimmer For Women, Holiday Gif"
1535,Data Not Availabe,Link Not Available,#5 Best Sellers,in Hair Straightening Irons,14.97,25,20+ sold recently,Rechargeable Portable Hair End Split Automatic Hair Trimmer Electric Hair Trimmer Hair Cutting Machine Damaged Hair Repairer For Women Girls
1536,Data Not Availabe,Link Not Available,#5 Best Sellers,in Hair Straightening Irons,9.4,25,100+ sold recently,Milk Frother Rechargeable Handheld Electric Foam Maker Low Noise USB Charging Milk Blisters 3 Speeds Electric Coffee Frother For Latte Cappuccin Hot Chocolate Egg
1537,Data Not Availabe,Link Not Available,#5 Best Sellers,in Hair Straightening Irons,4.0,25,300+ sold recently,1pc Rechargeable 500mAh Portable Handheld/Tabletop Mini Fan With 3-Speed Wind Power
1538,Data Not Availabe,Link Not Available,#5 Best Sellers,in Hair Straightening Irons,4.07,17,100+ sold recently,"Square Led New Handheld Double-Sided Clamshell Round Pocket Folding With Light Led Makeup Mirror Compact 2X Magnification Cosmetic Mirror Princess Small Mirror Vanity Mirror For Home Tabletop Decoration, Bathroom, Dresser Vanity & Countertop Bedroom Travel"
1539,Data Not Availabe,Link Not Available,#5 Best Sellers,in Hair Straightening Irons,5.4,17,Recently Not Sell,1pc Portable Scal
1540,Data Not Availabe,Link Not Available,#5 Best Sellers,in Hair Straightening Irons,178.7,17,Recently Not Sell,Ninja Ninja | TWISTi™ HIGH-SPEED Blender DUO
1541,Data Not Availabe,Link Not Available,#5 Best Sellers,in Hair Straightening Irons,15.6,4,200+ sold recently,"Portable USB Rechargeable Auto Hair Curler, Wireless Automatic Curling Iron, Anti-Tangle Ceramic Rotating Hair Curler, Suitable For Long Hair, Fast Heat-Up Hair Styler With 5 Temperature & Timer Settings, Best Gift For Wom"
1542,Data Not Availabe,Link Not Available,#10 Best Sellers,in Electric Toothbrushes,7.3,4,Recently Not Sell,"Portable USB Rechargeable Auto Hair Curler, Wireless Automatic Curling Iron, Anti-Tangle Ceramic Rotating Hair Curler, Suitable For Long Hair, Fast Heat-Up Hair Styler With 5 Temperature & Timer Settings, Best Gift For Wom"
1543,Data Not Availabe,Link Not Available,#5 Best Sellers,in Personal Care Appliance Accessories,3.54,32,Recently Not Sell,"1pc Silicone Liner Wax Heater (purple) - Easy To Clean Silicone Wax Warmer Pot With 1pc Silicone Spatula, Melts Wax Bowls Inside Silicone Po"
1544,Data Not Availabe,Link Not Available,#5 Best Sellers,in Personal Care Appliance Accessories,7.6,5,200+ sold recently,"9D Electric Shavers For Men Waterproof Electric Trimmer Razor Wet &Amp Dry Use Rechargeable Battery Rotary Shavers Machine Shaving, Gr"
1545,Data Not Availabe,Link Not Available,#5 Best Sellers,in Personal Care Appliance Accessories,38.13,20,40+ sold recently,"1pc 8000 Pa Wireless Vacuum Cleaner With Mites Removal Function, Usb Rechargeable, Suitable For Home And Bed Cleaning"
1546,Data Not Availabe,Link Not Available,#5 Best Sellers,in Personal Care Appliance Accessories,9.9,20,Recently Not Sell,"1pc Black Mobile Phone Radiator With RGB Light Effect, Mobile Phone Cooler With Temperature Display Fan Semiconductor Radiator, Mobile Phone Cooling Clip Game Cooling Artifac"
1547,Data Not Availabe,Link Not Available,#2 Best Sellers,in Ice Makers,74.58,16,Recently Not Sell,"KUMIO Ice Makers Countertop, 9 Bullets Ready in 9 Mins, 26.5 Lbs/24 Hrs, Ice Machine with Self-Cleaning, Removable Ice Basket & Scoop, 2 Sizes of Bullet Ice for Kitchen Office Bar Party"
1548,Data Not Availabe,Link Not Available,#2 Best Sellers,in Ice Makers,4.8,16,40+ sold recently,"A Handheld Fan With Hanging Rope, Rechargeable And Foldable, Portable Mini Fan With USB Rechargeable Battery, 3 Gears Powerful Desktop Personal Fan, Suitable For Women, Men, Home, Office, Makeup, Outdoor And Travel"
1549,Data Not Availabe,Link Not Available,#2 Best Sellers,in Ice Makers,1.8,16,30+ sold recently,"1pc Random Color Egg Beater, Cartoon Cute Whisk For Househol"
1550,Data Not Availabe,Link Not Available,#2 Best Sellers,in Ice Makers,5.5,16,300+ sold recently,"One Handheld Folding Fan With Hanging Rope & Usb Cable, Pink Portable Mini Fan With Rechargeable Battery, 3 Speed Powerful Personal Table Fan, Suitable For Women, Men, Home, Office, Makeup, Outdoor Travel"
1551,Data Not Availabe,Link Not Available,#2 Best Sellers,in Ice Makers,20.95,28,50+ sold recently,Draadloze Elektrische Been Kuit Massager Full Pressotherapy 3 Mode Luchtdruk Airbag Trillingen Spier Ontsp
1552,Data Not Availabe,Link Not Available,#2 Best Sellers,in Ice Makers,1.9,27,Recently Not Sell,1 Pc Led Nail Art Mini Flashlight Baking Lamp Quick-Drying Portable Nail Polish Phototherapy Lamp For Quick Drying Nail Art(Battery Not Included)
1553,Data Not Availabe,Link Not Available,#2 Best Sellers,in Ice Makers,2.9,3,20+ sold recently,"1pc AA Battery Operated Portable Handheld Mini Fan With One-Speed Adjustment, Simple And Minimalist Design For Outdoor Us"
1554,Data Not Availabe,Link Not Available,#6 Best Sellers,in Air Fryers,69.99,73,Recently Not Sell,"Air Fryer Large 8QT, 8-In-1 Digital Touchscreen, Visible Cooking Window, 1700W"
1555,Data Not Availabe,Link Not Available,#6 Best Sellers,in Air Fryers,8.19,10,60+ sold recently,Electric Epilator Hair Remover For Face And Body Leg Hair Removal Lady Bikini Trimmer Professional Safety Depilation Shaving Trimmer Painless Portable For Whole Body Battery Not Incl
1556,Data Not Availabe,Link Not Available,#6 Best Sellers,in Air Fryers,24.82,28,Recently Not Sell,"5 QT Stainless Steel Mixer Bowl Fits KITCHENAID TILT-HEAD STAND MIXERS 4.5-Quart (4.3 L) And 5-Quart (4.7 L),Durable Easy-Slide Mat & 2 Cord Organizer Together With"
1557,Data Not Availabe,Link Not Available,#6 Best Sellers,in Air Fryers,20.5,28,70+ sold recently,1ps Auto Perfume Fragrance Diffuser Auto Freshener Start/Stop Function (Ultrasonic Atomizing Rechargeable 65ml Aluminum Alloy Is Not Humidifier)
1558,Data Not Availabe,Link Not Available,#6 Best Sellers,in Air Fryers,22.99,23,100+ sold recently,"Wavmill ChillGo Bladeless Neck Fan - Personal Portable Fan - Neck Air Conditioner - Cooling Wearable Fan Rechargeable - MAX 12Hrs, 4 Motors(Airflow +90%), Foldable - Travel Fan For Camping, Outdoor"
1559,Data Not Availabe,Link Not Available,#6 Best Sellers,in Air Fryers,10.8,23,100+ sold recently,"1 Portable Cordless UV LED Nail Lamp With Battery, For Quick Gel Polish Curing, With 9 Beads, 2 Timer Settings, Automatic Induction, Suitable For Home, Salon, Nail Art Shop Use."
1560,Data Not Availabe,Link Not Available,#6 Best Sellers,in Air Fryers,8.6,23,10+ sold recently,"Cordless Electric Hair Clippers Kit, USB Rechargeable Body And Hair Trimmer, Exquisite Design Pattern, Professional Hair Cutting Machine, Gift For Men, Suitable As Festive Gifts"
1561,Data Not Availabe,Link Not Available,#6 Best Sellers,in Air Fryers,8.63,25,20+ sold recently,"Cordless Electric Hair Clippers Kit, USB Rechargeable Body And Hair Trimmer, Exquisite Design Pattern, Professional Hair Cutting Machine, Gift For Men, Suitable As Festive Gifts"
1562,Data Not Availabe,Link Not Available,#6 Best Sellers,in Air Fryers,10.3,4,100+ sold recently,"1Pc Touch-Screen 16 Led Makeup Mirror Rechargeable Tabletop Mount Vanity Mirror For Home Tabletop Decoration, Bathroom, Dresser Vanity & Countertop Bedroom Travel Dormitory Mirror Women Gif"
1563,Data Not Availabe,Link Not Available,#6 Best Sellers,in Air Fryers,20.98,28,200+ sold recently,"Stay Cool Anywhere: Portable USB Outdoor Fan With Infinite Speed Control, Strong Wind, Rechargeable Battery & Lighting"
1564,Data Not Availabe,Link Not Available,#3 Best Sellers,in Hair Curling Irons,20.9,28,Recently Not Sell,"1pc Qhdje Adjustable Temperature Rotatable Power Cord Curling Wand, Multiple Hair Styles, Cone-Shaped 25-13mm Barrel, With Hair Clip, Glov"
1565,Data Not Availabe,Link Not Available,#3 Best Sellers,in Hair Curling Irons,5.24,42,300+ sold recently,1pc Mini Portable Eyelash Fan Air Conditioner USB Hair Dryer Eyelash Glue Fan Eyelash Extension Dedicated Blower Female Makeup Tool
1566,Data Not Availabe,Link Not Available,#3 Best Sellers,in Hair Curling Irons,14.2,42,Recently Not Sell,"Electric Water Pump, Rechargeable Water Dispenser, Automatic Water Suction And Filling Device, Press Type Household Bucket Water Pump"
1567,Data Not Availabe,Link Not Available,#4 Best Sellers,in Hair Curling Irons,18.3,42,Recently Not Sell,"1pc Electric Automatic Hair Curler, Large Waves, One-key Automatic Release After 15s Beep Reminder"
1568,Data Not Availabe,Link Not Available,#4 Best Sellers,in Hair Curling Irons,6.66,40,20+ sold recently,"1 Box Usb Rechargeable Wireless Electric Egg Beater With 2 Stirring Rods, Household Mini Automatic Cream Whisk, Cake Baking Handheld Mixer"
1569,Data Not Availabe,Link Not Available,#4 Best Sellers,in Hair Curling Irons,11.5,3,Recently Not Sell,Multifunctional Electric Nose Hair Trimmer Razor Hair Clipper Retro Style 3-In-1 Set With USB Charging
1570,Data Not Availabe,Link Not Available,#4 Best Sellers,in Hair Curling Irons,11.6,38,70+ sold recently,"Multifunctional High-Power Brushless Motor Car-Mounted Wireless Vacuum Cleaner With Super Suction Force, Blowing And Suction 3-In-1 Design For Home Us"
1571,Data Not Availabe,Link Not Available,#4 Best Sellers,in Hair Curling Irons,4.5,4,400+ sold recently,"2-In-1 USB Electric Shaver And Hair Remover For Women - Mini Size For Eyebrow, Lipstick, And Facial Hair Removal, Portable Body Hair Razor"
1572,Data Not Availabe,Link Not Available,#10 Best Sellers,in Juicer & Food Processor,9.01,23,Recently Not Sell,Manual Juice Extractor/Hand-Operated Fruit Juicer For Home Use/Orange Lemon Juicing Cup/Screw Press Juicer
1573,Data Not Availabe,Link Not Available,#10 Best Sellers,in Juicer & Food Processor,240.06,23,Recently Not Sell,Ninja Ninja | Foodi® Power Blender & Processor System With Smoothie Bowl Maker And Nutrient Extractor* + 4in1 Blender 1400WP
1574,Data Not Availabe,Link Not Available,#10 Best Sellers,in Juicer & Food Processor,15.0,23,50+ sold recently,"1pc USB Rechargeable 1800mAh Battery Desk Oscillating Fan With Multifunction And 3-Speed Adjustable Wind Angle, Up, Down, Left & Righ"
1575,Data Not Availabe,Link Not Available,#10 Best Sellers,in Juicer & Food Processor,3.06,40,Recently Not Sell,"1pc Plastic Water Bottle 480ml With Straw, Leak Proof Water Bottle, Reusable Water Bottle For School, Nursery, Sports, Picnic"
1576,Data Not Availabe,Link Not Available,#10 Best Sellers,in Juicer & Food Processor,9.5,43,Recently Not Sell,1pc USB Charging Intelligent Weight Scale Tempered Glass Body Fat Scale High-Definition Display Digital Weight Scale Suitable For Weight Detection And Room Temperature Monitoring
1577,Data Not Availabe,Link Not Available,#10 Best Sellers,in Juicer & Food Processor,8.2,43,30+ sold recently,"Portable Bladeless Neck Fan - Rechargeable USB Fan For Travel, Office, And Home - Silent Turbo Fan With Creative Cartoon Design - Stay Cool Anywhere, Anytim"
1578,Data Not Availabe,Link Not Available,#10 Best Sellers,in Juicer & Food Processor,17.3,43,10+ sold recently,Tens Massager Multiple Modes Available Muscle Stimulator Low Physiotherapy Body Massage Electrotherapy Devic
1579,Data Not Availabe,Link Not Available,#10 Best Sellers,in Juicer & Food Processor,4.6,43,Recently Not Sell,"1pc Mini Electric Grinder For Pepper & Spice With Digital Display Screen, Household Applianc"
1580,Data Not Availabe,Link Not Available,#10 Best Sellers,in Juicer & Food Processor,4.7,43,Recently Not Sell,USB Handheld Mini Fan Foldable Portable Fan 3-Speed USB Rechargeable Fan With Bottom Bracket Desktop F
1581,Data Not Availabe,Link Not Available,#10 Best Sellers,in Juicer & Food Processor,1.14,40,Recently Not Sell,USB Handheld Mini Fan Foldable Portable Fan 3-Speed USB Rechargeable Fan With Bottom Bracket Desktop F
1582,Data Not Availabe,Link Not Available,#10 Best Sellers,in Juicer & Food Processor,15.05,50,Recently Not Sell,"USB Rechargeable Desktop Portable Fan 120 Degree Rotatable Digital Display, Rotary Button To Adjust Air Speed Air Circulation Fan For Home, Office And Bedroom"
1583,Data Not Availabe,Link Not Available,#10 Best Sellers,in Juicer & Food Processor,32.6,50,Recently Not Sell,"Wholesale Manual Orange Juicer, Multi-Functional Kitchen Fruit Juicer With Pulp Separator, Household Hand-Cranked Pomegranate Juice Squeezer,Vegetable Fruit Tools,Kitchen Items,Cutter,Food,Salad,Decor,Storage,Party,Birthday,Camping,Summer Beach."
1584,Data Not Availabe,Link Not Available,#3 Best Sellers,in Electric Lunch Boxes,18.24,40,Recently Not Sell,"One1.5 Liter Heated Insulated Lunch Box, Lunch Box Bag,Bento Box Handle,Bento Box Office,Box Bento,Bento Box Dividers,Bento Box Camping Bag,Bento Box Portable,Bento Box Camping,Bento Box Kitchen,Bento Box Outdoor,Lunch Box Messenger,Bento Box Adult,Bento Box Lunch,Lunch Box Bento,Bento Box Set,Bento Box Leakproof,Bento Box Canteen,Lunch Box Storage,Lunch Box Lunch,Lunch Box Big,Bento Box Bag,Lunch Box Portable,Bento Box Set,Lunch Box Office,Bento Box Lunch,Bento Box Stainless,Bento Box Lunch Bag"
1585,Data Not Availabe,Link Not Available,#10 Best Sellers,in Lint Removers,8.9,40,Recently Not Sell,"1pc USB Rechargable Portable Lint Remover, Effective Fabric Scraper With Cleaning Brush, Lint Remover With Charging Indicator, Clothing Shaver For Couch, Blanket, Curtain, Socks, Woolr"
1586,Data Not Availabe,Link Not Available,#4 Best Sellers,in Popcorn Makers,142.49,19,Recently Not Sell,"VEVOR Popcorn Machine, 8 Oz Kettle, 850 W Countertop Popcorn Maker For 48 Cups Per Batch, Theater Style Popper With 3-Switch Control Steel Frame Tempered Glass Doors 2 Scoops 2 Spoons, R"
1587,Data Not Availabe,Link Not Available,#5 Best Sellers,in Electric Shavers,3.34,12,Recently Not Sell,Mini Portable Electric Men's Shaver - Beard Knife - Compact Travel Shaver Rechargeable - Electric Shaver Mini Shaver - Portable USB Rechargeable - Perfect For Travel And Mending - For Men And Wom
1588,Data Not Availabe,Link Not Available,#5 Best Sellers,in Electric Shavers,9.9,12,100+ sold recently,"1pc Rechargeable + 2000mAh + Portable Mini Fan For Outdoor Summer Cooling, 3 Speed Settings, Compact & Exquisite, Multiple Application, Can Be Hung Around Neck/Waist Or Placed On Desk."
1589,Data Not Availabe,Link Not Available,#9 Best Sellers,in Hair Dryers,4.2,5,Recently Not Sell,"Hair Dryer Diffuser Attachment, Adjustable For Curly Hair And Natural Wave, Fits Nozzle Diameter 1.35 Inch - 2 Inch, Compatible With Over 90% Different Designed Hair Dryers In The Mark"
1590,Data Not Availabe,Link Not Available,#9 Best Sellers,in Hair Dryers,21.1,2,20+ sold recently,"Rechargeable Portable Fan With Adjustable Height,   And Retractable Oscillation - Perfect For Home Or Office Us"
1591,Data Not Availabe,Link Not Available,#5 Best Sellers,in Refrigerators,199.99,16,Recently Not Sell,"DEMULLER Mini Fridge Dual Door Refrigerator With Freezer, 3.5 Cu.Ft Compact Refrigerator With Handle, With Adjustable Temperature & Removable Glass Shelves, For Apartment/Dorm/Office/RV"
1592,Data Not Availabe,Link Not Available,#5 Best Sellers,in Refrigerators,1.13,62,1.9k+ sold recently,"1pc Mini Fan With One Wind Speed And Lanyard, Party Gift (Batteries Not Included, Need To Be Purchased Separately)"
1593,Data Not Availabe,Link Not Available,#5 Best Sellers,in Refrigerators,17.2,62,Recently Not Sell,"1pc USB-Powered Insecticide And Pest Repellent Device, Purple Light Electronic Mosquito Zapper And Indoor Home Lighting, Mosquito Killer"
1594,Data Not Availabe,Link Not Available,#5 Best Sellers,in Refrigerators,3.4,3,20+ sold recently,"Electric Razor For Men, Mini-Shave Portable Electric Shaver, New Upgrade Mini Electric Razor Shavers For Men, Rechargeable, One-Touch Use, Suitable For Home, Car, Travel"
1595,Data Not Availabe,Link Not Available,#5 Best Sellers,in Refrigerators,4.75,50,Recently Not Sell,"Automatic Flip Egg Storage Box - Effortless Fridge Mount, Superior Freshness, Neat Organizer For Kitchen Chaos-Free Storage Solutio"
1596,Data Not Availabe,Link Not Available,#9 Best Sellers,in Power Toothbrushes,9.3,3,Recently Not Sell,"1pc Electric Toothbrush, Rechargeable Via Usb, 8 Replacement Heads, 5 Cleaning Modes, Comes With Wall-Mounted Holder, Travel Head Cap, Ipx7 Waterproof Sonic Smart Toothbrush With Whitening Function For Oral Health Care. Suitable For Adults."
1597,Data Not Availabe,Link Not Available,#7 Best Sellers,in Vacuum Food Sealers,28.49,38,Recently Not Sell,"Vacuum Sealer Machine, 65Kpa Dry Moist Vacuum Sealer With 30 Food Storage Vacuum Seal Bags, Home Air Sealing System For Sous Vide, Snacks Freshness"
1598,Data Not Availabe,Link Not Available,#7 Best Sellers,in Vacuum Food Sealers,12.0,4,200+ sold recently,Kemei Rechargeable Cordless Shaver For Men Twin Blade Reciprocating Beard Razor Face Care Multifunction Strong Trimmer KM-1102 USB
1599,Data Not Availabe,Link Not Available,#7 Best Sellers,in Vacuum Food Sealers,3.3,4,Recently Not Sell,"1pc Abs Flea Trap Lamp Mosquito Trap Lamp Insect Pest Control Flea And Insect Natural Trap Pet-Safe Flea Killer, Reusable Flea Trap Lamp, Suitable For Indoor And Outdoor Pest Control"
1600,Data Not Availabe,Link Not Available,#7 Best Sellers,in Vacuum Food Sealers,8.5,6,10+ sold recently,"One Head-Mounted Hat Fan, With Type-C Charging Cable And Fixed Strap"
1601,Data Not Availabe,Link Not Available,#7 Best Sellers,in Vacuum Food Sealers,25.7,6,10+ sold recently,Vacuum Cleaner For High-Power Household Vehicles
1602,Data Not Availabe,Link Not Available,#7 Best Sellers,in Vacuum Food Sealers,7.8,6,20+ sold recently,"1pc Portable Neck Hanging Fan, Bladeless Neck Fan, Wearable Sports Mini Fan, USB Rechargeable, Multiple Colors, 3 Wind Speeds, Ultra Low Nois"
1603,Data Not Availabe,Link Not Available,#7 Best Sellers,in Vacuum Food Sealers,4.3,7,200+ sold recently,"1pc Portable Neck Hanging Fan, Bladeless Neck Fan, Wearable Sports Mini Fan, USB Rechargeable, Multiple Colors, 3 Wind Speeds, Ultra Low Nois"
1604,Data Not Availabe,Link Not Available,#7 Best Sellers,in Vacuum Food Sealers,2.9,6,80+ sold recently,"1pc Portable Neck Hanging Fan, Bladeless Neck Fan, Wearable Sports Mini Fan, USB Rechargeable, Multiple Colors, 3 Wind Speeds, Ultra Low Nois"
1605,Data Not Availabe,Link Not Available,#7 Best Sellers,in Vacuum Food Sealers,16.07,44,20+ sold recently,"Led Makeup Mirror With Touch Screen, 3 Light Modes, Portable Stand And Foldable Compact Mirror With 3x 2X Magnification, Desk Table Vanity Mirror, Living Room Home Bedroom Bathroom House Decor, Travel Stuff, Wedding, Party, Birthday, Gifts For Men Mom Dad Best Friends Teacher, New Years, Accessaries, Funny Gift Lighted Makeup Mirror, Rechargeable Magnifying Mirror With Lights 1X/2X/3X, 3-Color Light Trifold Vanity Mirror, 68 LEDs, Adjustable Brightness Cosmetic Mirror For Tabletop, Bathroom, Whi"
1606,Data Not Availabe,Link Not Available,#7 Best Sellers,in Vacuum Food Sealers,6.36,40,10+ sold recently,"1pc New Portable Juicer, Mini Juicer Cup With Rechargeable Battery, Multifunctional Juicer For Student And Home Us"
1607,Data Not Availabe,Link Not Available,#7 Best Sellers,in Vacuum Food Sealers,11.9,4,50+ sold recently,"3 Barrel Curling Iron Wand Dual Voltage Hair Crimper-1 Inch Ceramic Tourmaline Triple Barrels, Temperature Adjustable Portable Hair Waver Heats Up Quickly"
1608,Data Not Availabe,Link Not Available,#7 Best Sellers,in Vacuum Food Sealers,1.7,4,Recently Not Sell,"1pc Upgraded Metal Back Scratcher With Thickened Bear Claw Design, Extending Reach Back Scratcher, Unisex Gif"
1609,Data Not Availabe,Link Not Available,#7 Best Sellers,in Vacuum Food Sealers,7.4,4,30+ sold recently,Manual Meat Mincer Garlic Chopper Hand Pull Press Crusher Food Grater Vegetable Grinder Chili Cutter Masher For Kitchen Tool
1610,Data Not Availabe,Link Not Available,#9 Best Sellers,in Table Fans,8.0,4,Recently Not Sell,1pc Rechargeable 500mAh Table Clip Fan With 3 Speeds And Charging Cabl
1611,Data Not Availabe,Link Not Available,#9 Best Sellers,in Table Fans,7.8,4,1.0k+ sold recently,1pc Rechargeable 500mAh Table Clip Fan With 3 Speeds And Charging Cabl
1612,Data Not Availabe,Link Not Available,#9 Best Sellers,in Table Fans,34.26,28,Recently Not Sell,Mini Fridge Small Refrigerator Compact Small 4 L/6 Can Cooler Portable Dorm Hom
1613,Data Not Availabe,Link Not Available,#9 Best Sellers,in Table Fans,16.9,4,100+ sold recently,Electric Hair Clipper KM-2299 Clipper USB Rechargeable Hair Cutting Machine 0mm Zero Gapped Carving Clipper Professional Hair Trimmer Black Ceramic Blade Hair Clipper Salon Use For M
1614,Data Not Availabe,Link Not Available,#9 Best Sellers,in Table Fans,21.99,56,70+ sold recently,"Portable Handheld Garment Steamer For Clothes, 1000W Single Spray Steam For Travel & Home, 2 In 1 Fabric Wrinkle Remover, Fast Heat-Up, 2024 Essentials (110V)"
1615,Data Not Availabe,Link Not Available,#9 Best Sellers,in Table Fans,12.9,4,10+ sold recently,"25mm Triple Barrel Hair Waver With Dual Temperature Control, Fast Heating Portable Hair Curler, Suitable For Wavy Hair"
1616,Data Not Availabe,Link Not Available,#9 Best Sellers,in Table Fans,2.97,10,10+ sold recently,"1pc Stylish And Durable Wall Mounted Electric Toothbrush Holder - Perforation-Free Design For Easy Cleaning And Organization, Home Decor, Furniture For Hom"
1617,Data Not Availabe,Link Not Available,#9 Best Sellers,in Table Fans,12.1,10,30+ sold recently,"Electric Foot Callus Remover, Rechargeable Portable Electronic Foot File Pedicure Kits, Waterproof Foot Scrubber File, Professional Pedicure Tools, Foot Care For Dead Skin Ideal Gift, 3 Rollers Grinding Head,Quick Charging"
1618,Data Not Availabe,Link Not Available,#9 Best Sellers,in Table Fans,2.9,3,400+ sold recently,"Lipstick Facial Hair Removal Shaver, Electric Face Hair Mini Epilator, Lady Face Electric Razor For Lip, Chin,Arms,The Best Female Mustache Remover"
1619,Data Not Availabe,Link Not Available,#9 Best Sellers,in Table Fans,34.26,28,Recently Not Sell,"Electric Spin Scrubber,Cordless Cleaning Brush,Shower Cleaning Brush With 8 Replaceable Brush Heads, Power Scrubber 3 Adjustable Speeds,Adjustable & Detachable Long Handle,Voice Broadcas"
1620,Data Not Availabe,Link Not Available,#8 Best Sellers,in Laser Hair Removal Devices,24.0,10,Recently Not Sell,"Handset Laser Epilator For Women Bikinis Hair Clippers Male Epilator IPL Hair Removal Female Epilator Hair Remover Hair Household Painless Hair Removal Instrument,Suitable For Men And Women Long-Lasting Hair Remover For  5 Levels And 999,900 Permanent Hair Remover,Painless Hair Remover On Face,Body,Bikini, Whole Body 1pc 24w Elektrisches Laser-Haarentfernungsgerät Für Den Heimgebrauch, Ipl Beauty Hautverjüngungsmaschine Mit Eiskompresse Home Laser Hair Removal Device With Cooling System Multif"
1621,Data Not Availabe,Link Not Available,#8 Best Sellers,in Laser Hair Removal Devices,99.99,23,40+ sold recently,"Handset Laser Epilator For Women Bikinis Hair Clippers Male Epilator IPL Hair Removal Female Epilator Hair Remover Hair Household Painless Hair Removal Instrument,Suitable For Men And Women Long-Lasting Hair Remover For  5 Levels And 999,900 Permanent Hair Remover,Painless Hair Remover On Face,Body,Bikini, Whole Body 1pc 24w Elektrisches Laser-Haarentfernungsgerät Für Den Heimgebrauch, Ipl Beauty Hautverjüngungsmaschine Mit Eiskompresse Home Laser Hair Removal Device With Cooling System Multif"
1622,Data Not Availabe,Link Not Available,#8 Best Sellers,in Laser Hair Removal Devices,7.0,23,200+ sold recently,Mini Handheld Fan With Telescopic Desig
1623,Data Not Availabe,Link Not Available,#8 Best Sellers,in Laser Hair Removal Devices,8.2,23,20+ sold recently,1pc Rechargeable Portable Neck Fan - Bladeless Personal Fan For Outdoor Sports - Hands-Free Cooling Solution  Fan Mini Neck Portable Bladeless Fan Usb Charging Rechargeable Leafless Hanging Fans Air Cooler Cooling Wearable Neckband Fans Neck F
1624,Data Not Availabe,Link Not Available,#8 Best Sellers,in Laser Hair Removal Devices,14.9,23,100+ sold recently,"1pc USB 5V 80ml PP Simulation Rattan Weaving Process Ultrasonic Aromatherapy Humidifier, Suitable For Small Room Aromatherapy Humidificatio"
1625,Data Not Availabe,Link Not Available,#8 Best Sellers,in Laser Hair Removal Devices,11.99,68,Recently Not Sell,Egg Slicer Food Cutter Heavy Duty Manual For Hard Boiled Strawberry Multipurpos
1626,Data Not Availabe,Link Not Available,#8 Best Sellers,in Laser Hair Removal Devices,28.2,68,100+ sold recently,"1pc Plug-In Professional Hair Dryer, 13.5m/S Wind Speed 17500rpm With Diffuser Ionic Conditioning - Powerful, Fast Drying Blow Dryer, AC Motor, Cold/Hot Air Temperature Protecting Hair"
1627,Data Not Availabe,Link Not Available,#8 Best Sellers,in Laser Hair Removal Devices,2.9,68,2.1k+ sold recently,"1pc AAA Battery Operated Portable Handheld Mini Fan With 1 Gear Speed Adjustment And Hanging Rope For Outdoor Use, Simple And Compac"
1628,Data Not Availabe,Link Not Available,#9 Best Sellers,in Women Electric Shavers,2.76,5,Recently Not Sell,"Lady Lipstick Shaver, Portable Electric Facial Hair Removal Face Hair Remover For Women, Face Electric Razeor For Lip, Chin, Arms, The Best Female Mustache Remover Personal Care Tool, Gift For Wom"
1629,Data Not Availabe,Link Not Available,#9 Best Sellers,in Women Electric Shavers,32.22,44,60+ sold recently,1 PC+Donut Maker+Sandwich Maker+Kids Snack Maker+Makes Desserts Snacks 16 Molds Of Small Donuts+Dual Sided Heating+SK-08002+Black+1400W+Makes Delicious Waffles Quickly And Evenly In Minutes+Plug Typ
1630,Data Not Availabe,Link Not Available,#9 Best Sellers,in Women Electric Shavers,17.4,16,100+ sold recently,"Thermal Brush Blowout, 1.5 Inch Heated Round Brush, Heated Curling Brush For Curls & Volume, Negative Ion, Two Settings, Rose Gol"
1631,Data Not Availabe,Link Not Available,#9 Best Sellers,in Women Electric Shavers,11.34,10,30+ sold recently,"Foot Massage Roller - Foot Roller For Arch And Heel - Wood Reflexology Therapy Tool For Deep Tissue Muscle Massage - Relaxation Gift For Women, Moms, Runners, Men, Dads"
1632,Data Not Availabe,Link Not Available,#2 Best Sellers,in Hair Dryers,22.2,10,Recently Not Sell,"Crasts High Speed Lightweight Low Noise High Power Hair Dryer With Wind Nozzle, Drying Cap, Blue Light Hair Care Technology And Intelligent Temperature Control, Suitable For Salon And Home Use - Pearl White, 2000w, 75000rpm"
1633,Data Not Availabe,Link Not Available,#2 Best Sellers,in Hair Dryers,171.99,52,Recently Not Sell,Ultrasonic Cavitation Machine For Belly Waist Thigh Arm Fat Burning Body Massage Beauty Machi
1634,Data Not Availabe,Link Not Available,#2 Best Sellers,in Hair Dryers,11.5,52,10+ sold recently,"Lint Remover And Clothes Shaver With Lcd Display, Household 2-In-1 Rechargeable Fabric Defuzzer"
1635,Data Not Availabe,Link Not Available,#2 Best Sellers,in Hair Dryers,31.99,44,30+ sold recently,"Wax Pot Warmer Professional - At Home Waxing Kit For All Hair Types - Eyebrow, Facial, Bikini etc. (Purple Single Pot)"
1636,Data Not Availabe,Link Not Available,#2 Best Sellers,in Hair Dryers,8.3,44,300+ sold recently,"1pc,Handheld Small Fan, Silent Office Desk, USB Electric Fan, Portable Portable Portable Charging Fan, Small Dormitory Desktop Folding, Mini Student Outdoor Hanging Neck, Heat Dissipation, Blowing, And Complementary Food Small Electric F"
1637,Data Not Availabe,Link Not Available,#2 Best Sellers,in Hair Dryers,14.8,44,20+ sold recently,Portable Mini Air Conditioner Fan Electric Fan Desk Misting 1200mAh 3 Gear Air Conditioner Water Cooling Fan USB Type-C Charging Spray Humidifier Fan Home Birthday Gifts Christmas Gifts
1638,Data Not Availabe,Link Not Available,#2 Best Sellers,in Hair Dryers,4.8,44,1.2k+ sold recently,Portable Mini Air Conditioner Fan Electric Fan Desk Misting 1200mAh 3 Gear Air Conditioner Water Cooling Fan USB Type-C Charging Spray Humidifier Fan Home Birthday Gifts Christmas Gifts
1639,Data Not Availabe,Link Not Available,#2 Best Sellers,in Hair Dryers,10.0,44,10+ sold recently,Kitchen Electronic Scale Weighing Range :0.1g-6kg Four Weighing Modes :G/Oz/Lb/Ml High-Precision Gram Scale Roaster Commercial Multi-Purpose Coffee Scale Food Scale Small Scale Table Beautiful Appearance Appropriate Siz
1640,Data Not Availabe,Link Not Available,#2 Best Sellers,in Hair Dryers,9.99,36,20+ sold recently,"Teckwe Hair Straightener,Fast Heat Up 4 Temperature Adjustments 170-230℃ Suitable For Home And Travel Use - US Plug"
1641,Data Not Availabe,Link Not Available,#8 Best Sellers,in Personal Size Blenders,12.6,36,Recently Not Sell,"1pc USB Rechargeable Juicer Cup, Portable Single-Serve Juicer Cup With Multiple Functions,  Material, Suitable For Outdoor Sports, Camping, Dining, Car, Home, And As A Holiday Gif"
1642,Data Not Availabe,Link Not Available,#8 Best Sellers,in Personal Size Blenders,6.7,25,Recently Not Sell,"1Pc LED UV Lamp For Drying Gel Nail Polish Clip-On Flexible Desktop Mini USB Nail Lamp Portable Nail Dryer Nail Salon Tool,4 Gears, Nail Lamp Strong And Fast Dry Soft And Flexible Goose Neck For Salon Home Use Nail Polish Curing Lamp Gooseneck Flash Cure Ligh"
1643,Data Not Availabe,Link Not Available,#6 Best Sellers,in Dehumidifiers,6.9,25,Recently Not Sell,"1pc Smart Mini Dehumidifier For Home Use In Bedrooms, Wardrobes, Cameras, Etc."
1644,Data Not Availabe,Link Not Available,#6 Best Sellers,in Dehumidifiers,35.99,22,200+ sold recently,"20000mAh Camping Fan With Dual Motor , Battery Operated Fan With 4 LED Lantern, 8 Speeds Desk Fan With Remote, Portable Outdoor Fan With Hook For Tent, Power Outages, Jobsi"
1645,Data Not Availabe,Link Not Available,#6 Best Sellers,in Dehumidifiers,16.25,5,20+ sold recently,"720 LCD Myofascial Gun 1200mAh USB Rechargeable Updated Myofascial Gun Muscle Relaxation Massager With 4 Massage Heads And 6 Levels Of Speed, Touch Control Button, Suitable For Office Workers For Relaxation After Exercise For Athletes And Fitness Enthusiasts"
1646,Data Not Availabe,Link Not Available,#6 Best Sellers,in Dehumidifiers,13.6,5,Recently Not Sell,"1 Set, Sourdough Starter Jar For Bakery, For Sourdough Bread Baking, Sourdough Starter Kit With Date Marked Feeding Band, Thermometer, Scraper, Sourdough Container Sewn Cloth Cover & Metal Lid, Baking Accessories"
1647,Data Not Availabe,Link Not Available,#6 Best Sellers,in Dehumidifiers,18.1,5,Recently Not Sell,"Manual Rotary Cheese Grater With Wide Hopper And 3 Interchangeable Blades, Kitchen Gadget For Cheese, Vegetables, Potatoes And Nuts, Vegetable Slicer, Multifunctional Fruit Slicer, Vegetable Cutter With Container, Onion Chopper With Multiple Interchangeable Blades, Home Potato Julienne Cutter"
1648,Data Not Availabe,Link Not Available,#6 Best Sellers,in Dehumidifiers,13.64,5,40+ sold recently,Stovetop Espresso Cup Moka Pot - 3 Cup
1649,Data Not Availabe,Link Not Available,#6 Best Sellers,in Dehumidifiers,15.05,50,20+ sold recently,"3pcs Professional Hair Clipper Set, USB Rechargeable Electric Razor Fine Cutter Beard Trimmer Razor,Barber Trimming Machine Set,Cordless Hair Cutting Machine For M"
1650,Data Not Availabe,Link Not Available,#3 Best Sellers,in Epilators,3.0,50,Recently Not Sell,"Portable Battery-Operated Red Hair Trimmer Electric Epilator Eyebrow Shaping Tool, Mini Facial Hair Remover, Face Shaver For Women, Using 1pc AA Battery"
1651,Data Not Availabe,Link Not Available,#3 Best Sellers,in Epilators,4.4,4,200+ sold recently,"1pc Portable Handheld Fan With Rechargeable 500mah Lithium Battery, Silicon Strap, Type-C Charging Port, Cute Cartoon Design And 3-Speed Settings"
1652,Data Not Availabe,Link Not Available,#3 Best Sellers,in Epilators,8.4,4,Recently Not Sell,"1pc Egg Holder, Ceramic Cute Dog Shape Novelty Container Egg Stand, For Kitchen Dinning Tabl"
1653,Data Not Availabe,Link Not Available,#3 Best Sellers,in Epilators,4.8,4,3.7k+ sold recently,"1pc Egg Holder, Ceramic Cute Dog Shape Novelty Container Egg Stand, For Kitchen Dinning Tabl"
1654,Data Not Availabe,Link Not Available,#3 Best Sellers,in Epilators,17.99,74,Recently Not Sell,Handheld Massager 20 Speed Wand Vibrating Massage Magic Full Body Therapy Motor
1655,Data Not Availabe,Link Not Available,#3 Best Sellers,in Epilators,3.26,52,Recently Not Sell,"5-Layer Stainless Steel Kitchen Scissors - Multifunctional Onion And Herb Chopper For BBQ And Indoor Use - Durable, Safe, With Protective Cover And Built-In Cleaner"
1656,Data Not Availabe,Link Not Available,#3 Best Sellers,in Epilators,0.8,50,Recently Not Sell,"1pc Mini LED Electronic Finger Counter, Portable Buddhist Prayer Beads Counting Ring, Manual And Precis"
1657,Data Not Availabe,Link Not Available,#1 Best Sellers,in Oximeter & Blood Pressure Meter,11.2,50,Recently Not Sell,"1pc Battery Sphygmomanometer (4 X 7 Batteries), Cuff Upper Arm Sphygmomanometer, Digital Display, Suitable For Home Use, Easy To Carry On The Go."
1658,Data Not Availabe,Link Not Available,#6 Best Sellers,in Oral Care Appliances,3.4,50,Recently Not Sell,1pc Rechargeable/battery Operated Electric Toothbrush With 6-speed Adjustable Settings And 6 Brush Heads
1659,Data Not Availabe,Link Not Available,#6 Best Sellers,in Oral Care Appliances,2.6,10,30+ sold recently,Women's Lipstick Portable Electric Shaver
1660,Data Not Availabe,Link Not Available,#6 Best Sellers,in Oral Care Appliances,9.1,7,1.5k+ sold recently,"Usb Rechargeable Desktop Mini Fan With Telescopic Feature, Adjustable In 3 Speeds"
1661,Data Not Availabe,Link Not Available,#6 Best Sellers,in Oral Care Appliances,81.99,34,80+ sold recently,"HOMCOM 32"" Mobile Evaporative Air Cooler, 3-In-1 Ice Cooling Fan Water Conditioner Humidifier Unit With Remote, Timer, Oscillating, LED Display, 3.2gal Water Tank For Home Office Bedroom"
1662,Data Not Availabe,Link Not Available,#8 Best Sellers,in Wax Heaters,17.3,34,Recently Not Sell,"Roll On Wax, Wax Roller Kit For Hair Removal, Roller Waxing Kit Include 2 Soft Wax Cartridge & 100 Non-Woven Wax Strips & 10 Wax Removing And Moisturizing Wipes, Portable Pink Wax Heater Machine For Women & Men, Waxing Roller Kit Depilatory Wax For Sensitive Ski"
1663,Data Not Availabe,Link Not Available,#8 Best Sellers,in Wax Heaters,15.7,34,10+ sold recently,"Portable Cordless Hair Straightener Brush,Portable Straightening Brush With Negative Lon,Hot Comb Hair Straightener For Women, Lightweight & Mini To Carry O"
1664,Data Not Availabe,Link Not Available,#8 Best Sellers,in Wax Heaters,4.5,2,600+ sold recently,1pc Rechargeable Portable Handheld Single Speed Outdoor Simple Mini Fan With Lanyar
1665,Data Not Availabe,Link Not Available,#8 Best Sellers,in Wax Heaters,10.2,2,Recently Not Sell,1pc Manual Coffee/Tea Separation Brewing French Press
1666,Data Not Availabe,Link Not Available,#8 Best Sellers,in Wax Heaters,2.9,3,20+ sold recently,"All-In-One Men's Electric Shaver, Multi-Function Razor With LCD Display, USB Charging And Three Different Blades, Suitable For Car Usag"
1667,Data Not Availabe,Link Not Available,#8 Best Sellers,in Wax Heaters,2.6,3,300+ sold recently,"All-In-One Men's Electric Shaver, Multi-Function Razor With LCD Display, USB Charging And Three Different Blades, Suitable For Car Usag"
1668,Data Not Availabe,Link Not Available,#8 Best Sellers,in Wax Heaters,7.6,3,Recently Not Sell,"1pc 3-In-1 USB Rechargeable Vacuum Sealer - Portable Electric PumpElectric Mini Vacuum Pump For Kitchen Storage, Sous Vide And Meal Preparation Preserves Fresh Food And Reduces Was"
1669,Data Not Availabe,Link Not Available,#8 Best Sellers,in Wax Heaters,2.09,37,50+ sold recently,"1pc Little Flower Humidifier Usb Mini Portable Silent Water Cup Office Home Air Humidifier Water Mist Maker, Red Nano Steamer Facial Steamer Humidifier, Unclogs Pores Spray Facial Steamer Skin Care Tool"
1670,Data Not Availabe,Link Not Available,#10 Best Sellers,in Portable Washing Machines,38.53,28,Recently Not Sell,"Portable Washing Machine 11L Large Capacity, Mini Foldable Washing Machine With Spin Dryer, Small Collapsible Laundry Washer For Travel, Apartment, Underwears, Socks, Baby Clothes (Purple)"
1671,Data Not Availabe,Link Not Available,#10 Best Sellers,in Portable Washing Machines,11.3,28,400+ sold recently,"GW Hair Dryer Salon Performance AC Motor Styling Tool/Hair Dryer Professional Blow Dryer Fast Drying For Hair Care / 2 Speed/Cold, For Home Travel Hotel"
1672,Data Not Availabe,Link Not Available,#10 Best Sellers,in Portable Washing Machines,6.2,28,Recently Not Sell,"1pc Household Electronic Kitchen Scale, Mini Baking Scale, Small Food Scale, Digital Weight Scale, Kitchen Weighing Scale (In Kilograms),Kitchen,Party,Camping,Room Decor,Kitchen Items,Kitchen Portable."
1673,Data Not Availabe,Link Not Available,#10 Best Sellers,in Portable Washing Machines,17.99,5,20+ sold recently,MACchine Electric Pulse Massager Muscle Stimulator Pain Relief Therapy
1674,Data Not Availabe,Link Not Available,#10 Best Sellers,in Portable Washing Machines,14.09,19,Recently Not Sell,"Body Hair Trimmer For Men, Electric Ball Trimmer Men, Groin Shaver For Men, Pubic Hair Groomer, Wet Dry Grooming Machine, Replaceable Ceramic Male Hygiene Razor For Full Body Grooming, Professional Cordless Hair Cutting Clippers"
1675,Data Not Availabe,Link Not Available,#10 Best Sellers,in Portable Washing Machines,12.3,12,Recently Not Sell,1pc Juicer Portable Small Charging Juicer Cup Household Customization Multifunctional Juicer Juicer Cup
1676,Data Not Availabe,Link Not Available,#10 Best Sellers,in Portable Washing Machines,13.35,46,Recently Not Sell,"1pc Wall Plug Mobile Range Hood,3-Gears"
1677,Data Not Availabe,Link Not Available,#10 Best Sellers,in Portable Washing Machines,14.2,46,50+ sold recently,"Desktop Fan Cooling Air Conditioner Small Size USB Powered, Silent Fan Bedroom Dormitory Office Cooling Artifact Mini Air Conditioner New Style Oscillating Large Wind Force Silent Room"
1678,Data Not Availabe,Link Not Available,#10 Best Sellers,in Portable Washing Machines,44.48,28,Recently Not Sell,"1PC Compact Multi-Function Refrigerator For Skincare/Cosmetics, Food And Beverages, Portable Mini Fridge For Car And Hom"
1679,Data Not Availabe,Link Not Available,#10 Best Sellers,in Portable Washing Machines,8.8,28,10+ sold recently,"Electronic Acupuncture Pen, Acupressure Therapy Pen, Intelligent Meridian Massager, Muscle Relief Massage P"
1680,Data Not Availabe,Link Not Available,#10 Best Sellers,in Portable Washing Machines,3.4,6,200+ sold recently,"5 In 1 Women'S Electric Hair Removal Epilator Trimmer For Bikini, Eyebrow, Beard, No Battery Included Electric Hair Depilator"
1681,Data Not Availabe,Link Not Available,#10 Best Sellers,in Portable Washing Machines,7.6,12,10+ sold recently,"1pc Retractable Foldable Desktop Fan, USB Powered, 6 Inches, Quiet, For Office Desk"
1682,Data Not Availabe,Link Not Available,#10 Best Sellers,in Portable Washing Machines,2.07,31,300+ sold recently,"New Portable Battery-Operated Electric Toothbrush With 30 Second Timer, Sonic Electric Toothbrush For Oral Health - Suitable For Both Men And Women - Effectively Clean Teeth And Gums, Comes With 1 Handle And 6 Replacement Brush Heads, Ultra Soft Bristles For Sensitive Teeth And Gums"
1683,Data Not Availabe,Link Not Available,#10 Best Sellers,in Portable Washing Machines,3.06,10,300+ sold recently,"1pc Cat Design Electric Fan, Pink Small Handheld Fan For Outdoor"
1684,Data Not Availabe,Link Not Available,#5 Best Sellers,in Curling Tongs & Curling Wands,13.5,4,Recently Not Sell,"Multifunctional Curling Iron Hair Curling Wands Electric Fast Heating Hair Curling Iron Anti Scalding Design Hair Styling Tools (0.35IN,0.51IN,0.86IN,0.98IN,1.10IN,1.25IN) Mother's Day Gif"
1685,Data Not Availabe,Link Not Available,#5 Best Sellers,in Curling Tongs & Curling Wands,4.0,4,Recently Not Sell,Painless And Safe USB Rechargeable Electric Hair Removal For Women - Full Body Shaver With Lipstick Shap
1686,Data Not Availabe,Link Not Available,#7 Best Sellers,in Car Vacuum Cleaner,23.7,4,Recently Not Sell,Black Wired Car Vacuum Cleaner With Storage Bag
1687,Data Not Availabe,Link Not Available,#7 Best Sellers,in Car Vacuum Cleaner,14.94,55,Recently Not Sell,"Upgrade Your Kitchen With This Rechargeable Electric Pepper Grinder Set - Automatic, Adjustable, Dustproof, And LED Light!"
1688,Data Not Availabe,Link Not Available,#7 Best Sellers,in Car Vacuum Cleaner,3.5,55,300+ sold recently,"1pc Mini USB Rechargeable Fan, Suitable For Home & Outdoor Us"
1689,Data Not Availabe,Link Not Available,#7 Best Sellers,in Car Vacuum Cleaner,5.8,55,Recently Not Sell,"1 Set Of 2 Batteries, Size 5, Mini Electric Blackhead Remover, Blackhead Remover, Pore Cleaner, 3 Types Of Suction Heads, 2 Levels Of Adjustable Strength, Facial Cleaning, Black Small Particles, Acne, And Blackheads, Keeping The Face Clean And Refreshing"
1690,Data Not Availabe,Link Not Available,#7 Best Sellers,in Car Vacuum Cleaner,11.0,55,200+ sold recently,"Professional Hair Trimmer Set Hair Clippers Cordless Hair Trimmer Electric Barber Clippers Zero Gapped Trimmer Professional Beard Trimmer Rechargeable Hair Cutting Kit , Gift S"
1691,Data Not Availabe,Link Not Available,#5 Best Sellers,in Temperature Gauges,8.87,27,Recently Not Sell,"1pc 12inches Sun Metal Thermometer, Four Seasons Garden Decor Golden Decor Battery Free Decor Thermometer, Festival Gift&Home, For Outdoor, Porch, Foyer, Living Room, Fenc"
1692,Data Not Availabe,Link Not Available,#5 Best Sellers,in Temperature Gauges,5.2,27,Recently Not Sell,"1 Set 3-In-1 Vacuum Food Sealer, Save Sealer, USB Rechargeable Handheld Pump, For Sous Vide And Food Storage, With 10 Reusable Zipper Vacuum Bags, Compatible With Anova Joule Sous Vide Machi"
1693,Data Not Availabe,Link Not Available,#5 Best Sellers,in Temperature Gauges,2.96,56,90+ sold recently,1pc 7 Steel Ball Abdominal Massager| Handheld Ball Massager Beauty Meridian Brush Kneads Abdomen Slender Waist Beautiful Legs Muscle Relaxatio
1694,Data Not Availabe,Link Not Available,#5 Best Sellers,in Temperature Gauges,2.9,3,80+ sold recently,1pc 7 Steel Ball Abdominal Massager| Handheld Ball Massager Beauty Meridian Brush Kneads Abdomen Slender Waist Beautiful Legs Muscle Relaxatio
1695,Data Not Availabe,Link Not Available,#5 Best Sellers,in Temperature Gauges,23.6,4,30+ sold recently,"Steam Hair Straightener Flat Iron Professional Ceramic Tourmaline 2-In-1 Straightening Iron, Adjustable 300-450F Salon Heat,  Dual Voltage, Black"
1696,Data Not Availabe,Link Not Available,#5 Best Sellers,in Temperature Gauges,71.99,45,30+ sold recently,"Havato Nugget Ice Maker Countertop,  Self-Cleaning  Ice Maker With Ice Basket & Scoop, 26Lbs/24H, 9 Ice Cubes Ready In 6 Mins, Chewable Ice Maker Machine For Home Camping Party RV"
1697,Data Not Availabe,Link Not Available,#5 Best Sellers,in Temperature Gauges,10.9,4,40+ sold recently,"Hair Clipper For Men, Hair Cutting Machine, Beard Trimmer ,Cordless Barber Clipper With LED Display"
1698,Data Not Availabe,Link Not Available,#5 Best Sellers,in Temperature Gauges,6.1,4,80+ sold recently,Portable Wireless EMS Home Fitness Massage Trainer For 1pc Arm And 1pc Abdomen (With 2pcs Hosts Without Battery)
1699,Data Not Availabe,Link Not Available,#5 Best Sellers,in Temperature Gauges,9.9,4,10+ sold recently,"1 Handheld Fan, 2000mAh Power Bank, Small Flashlight, Pocket Fan, Portable Battery Powered Or USB Powered Foldable Personal Fan, 3-Speed, Female Gift, Male Gift, Children's Holiday Gif"
1700,Data Not Availabe,Link Not Available,#5 Best Sellers,in Electric Lunch Boxes,18.24,40,Recently Not Sell,"A 1.5 Liter Portable Heating And Thermal Insulation Lunch Box, Lunch Box Kids,Lunch Box Men,Lunch Box Insulated,Lunch Box Electric,Lunch Box Women,Lunch Box For Boys,Lunch Box Girls,Lunch Box For Women,Lunch Box Containers,Lunch Box For Men,Bento Box For Kids,Bento Box Stainless,Bento Box With ,Bento Box With Bag,Bento Box With Utensils,Bento Box Office,Bento Box Food,Bento Box Portable,Bento Box Handle,Bento Box Dividers,Bento Box Lunch,Bento Box Kitchen,Bento Box Camping Bag,Bento Box O"
1701,Data Not Availabe,Link Not Available,#5 Best Sellers,in Electric Lunch Boxes,1.86,40,10+ sold recently,"1pc Kitchen Timer, Digital Countdown Timer, Stand Timer, Cooking Timer, No Battery Needed, Teacher Timer, Easy-To-Use Timer, Kitchen Accessory, Dorm Essential, Small Kitchen Tool."
1702,Data Not Availabe,Link Not Available,#5 Best Sellers,in Hair Straightening Irons,11.0,4,Recently Not Sell,"Ceramic Automatic Hair Straightener 320'F- 428'F Temperature, For AllHairstyles Straightener Fast Heating Multifunctional Hair StraightenerHair Styling Tool For Dry Or Wet Hair(US)"
1703,Data Not Availabe,Link Not Available,#5 Best Sellers,in Hair Straightening Irons,7.6,4,100+ sold recently,"Led Makeup Mirror With Light Desktop Stand, Portable Cosmetic Mirror With Ligh"
1704,Data Not Availabe,Link Not Available,#5 Best Sellers,in Hair Straightening Irons,27.99,47,100+ sold recently,"Portable Blender,Christmas Gift Shakes And Smoothies Waterproof Blender USB Rechargeable With 20 Oz Blender Cups With Travel Lid."
1705,Data Not Availabe,Link Not Available,#5 Best Sellers,in Hair Straightening Irons,17.1,10,500+ sold recently,"Rechargeable Hair Trimmer For Split Ends, Portable Electric Automatic Haircut Machine For Household Use Gif"
1706,Data Not Availabe,Link Not Available,#5 Best Sellers,in Hair Straightening Irons,2.15,40,400+ sold recently,"Turbo Mini Fan, Handheld & Desktop Stand Dual Use, Powerful Wi"
1707,Data Not Availabe,Link Not Available,#5 Best Sellers,in Hair Straightening Irons,19.3,40,30+ sold recently,"1pc Portable ABS Beauty Machine, Modern 7 Color Light Led Wrinkle Tighten Skin Care Beauty Machine For Hom"
1708,Data Not Availabe,Link Not Available,#5 Best Sellers,in Hair Straightening Irons,36.4,40,40+ sold recently,"Portable Air Conditioner,Cooler,Desktop Fan USB Electric Fan Telescopic Folding Small Fan USB Charging Student Dormitory Office Desktop Mute Large F"
1709,Data Not Availabe,Link Not Available,#5 Best Sellers,in Hair Straightening Irons,4.0,40,200+ sold recently,10pcs Self Adhesive 3.5mm Electrode Pads 5.5x8cm Replacement Gel Pads TENS EMS Massage Pad For Pulse Massager Muscle Stimulator
1710,Data Not Availabe,Link Not Available,#5 Best Sellers,in Hair Straightening Irons,3.5,8,20+ sold recently,1pc USB Fan Mini Portable Desktop Fan Quiet Office Fan With Multi-Angle 3D Cooling Handheld Fan Air Conditioner Cooler Gift For Students Or Home Use In Summer
1711,Data Not Availabe,Link Not Available,#5 Best Sellers,in Hair Straightening Irons,8.69,14,100+ sold recently,"4d Multifunctional Electric Shaver, Rechargeable, Waterproof, Electric Head Hair Shaver Men's Beard Trimming Tool"
1712,Data Not Availabe,Link Not Available,#5 Best Sellers,in Hair Straightening Irons,3.2,14,3.5k+ sold recently,"4d Multifunctional Electric Shaver, Rechargeable, Waterproof, Electric Head Hair Shaver Men's Beard Trimming Tool"
1713,Data Not Availabe,Link Not Available,#5 Best Sellers,in Hair Straightening Irons,1.6,14,10+ sold recently,"1pc/3pcs/6pcs Silicone Sealing Ring O-Ring 600W/900W Juice Extractor Blender Accessory Nutriblender Replacement Part,Kitchen Portable Fruit Machine,Portable Juicer And Blender,Juice,Lemon."
1714,Data Not Availabe,Link Not Available,#5 Best Sellers,in Hair Straightening Irons,13.5,14,Recently Not Sell,"1pc 7 Colors Flame Simulation Ultrasonic Humidifier With Aromatherapy And Lighting - USB Powered Essential Oil Diffuser For Bedroom And Travel ,H2o Air Fire Flame Humidifier  Oil Diffuser Humidifier School Supplies, Back To School"
1715,Data Not Availabe,Link Not Available,#5 Best Sellers,in Hair Straightening Irons,55.99,44,Recently Not Sell,"IPL Hair Removal For Women At-Home,Upgraded To 999,000 Flashes Painless Hair Remover,Facial Hair Removal Device For Armpits Legs Arms Bikini Li"
1716,Data Not Availabe,Link Not Available,#5 Best Sellers,in Hair Straightening Irons,7.6,44,20+ sold recently,Mini Lightweight Portable Full Body Electric Massager
1717,Data Not Availabe,Link Not Available,#5 Best Sellers,in Hair Straightening Irons,5.52,40,Recently Not Sell,Kitchen Scale Mini Household Weight Scale Baking Food Scale Electronic Kitchen Scal
1718,Data Not Availabe,Link Not Available,#5 Best Sellers,in Hair Straightening Irons,2.9,40,300+ sold recently,"1 Unit, USB Data Cable Power Supply 220ml Ultrasonic Mini Air Humidifier Aromatic Diffuser Household Car Office Humidifier With LED Night Light Freshener Product Size: Height 4.05in * Width 3.14i"
1719,Data Not Availabe,Link Not Available,#5 Best Sellers,in Hair Straightening Irons,6.9,4,200+ sold recently,"Electric Trimmer For Removing Lip Hair, Nose Hair, Underarm, And Private Parts For Both Men And Wom"
1720,Data Not Availabe,Link Not Available,#5 Best Sellers,in Hair Straightening Irons,16.1,4,10+ sold recently,"300ml Aroma Diffuser For Essential Oil Large Room, Ultrasonic Humidifier With 8 Color Lights, 3 Timer Setting, Auto Shut-Off"
1721,Data Not Availabe,Link Not Available,#5 Best Sellers,in Hair Straightening Irons,6.4,4,20+ sold recently,"Mini Electric Lint Remover, Battery-Operated Fabric Shaver"
1722,Data Not Availabe,Link Not Available,#5 Best Sellers,in Hair Straightening Irons,4.5,4,1.5k+ sold recently,1pc Rechargeable Portable Handheld Heart Shaped Fruit Fan With Cellphone Holder Functio
1723,Data Not Availabe,Link Not Available,#2 Best Sellers,in Electric Shavers,7.33,42,Recently Not Sell,Professional Mens Hair Clippers Zero Gapped Cordless Hair Trimmer Professional Haircut & Grooming Kit For Men Rechargeable LED Display
1724,Data Not Availabe,Link Not Available,#2 Best Sellers,in Electric Shavers,15.6,9,Recently Not Sell,"New Arrival Electric Handheld Massage Hammer With Vibration & Kneading Function, Cordless Desig"
1725,Data Not Availabe,Link Not Available,#2 Best Sellers,in Electric Shavers,2.0,9,Recently Not Sell,1pc Cartoon Mini Portable Bear Calculator With LED Large Screen Display Creative Keychain Calculator
1726,Data Not Availabe,Link Not Available,#9 Best Sellers,in Electric Grills & Electric Griddles,81.99,20,Recently Not Sell,"VEVOR 14"" 1500W Electric Countertop Flat Top Griddle 110V Non-Stick Commercial Electric Griddles Restaurant Teppanyaki Grill Stainless Steel Adjustable Temperature Control 122°F-572°F, Sliver"
1727,Data Not Availabe,Link Not Available,#9 Best Sellers,in Electric Grills & Electric Griddles,3.0,20,100+ sold recently,"1pc Portable Handheld Fan With Hand Rope, Battery Operated (Batteries Not Included), 1 Speed Level"
1728,Data Not Availabe,Link Not Available,#9 Best Sellers,in Electric Grills & Electric Griddles,9.1,3,Recently Not Sell,"1pc, Dual Power Supply (Plug-In And Battery), LED Double-Sided Foldable Makeup Mirror, Requires 4 AAA Batteries, 10x Magnifying Mirror On Both Sides, Desktop Vanity Light, With Lipstick Storag"
1729,Data Not Availabe,Link Not Available,#9 Best Sellers,in Electric Grills & Electric Griddles,17.1,3,Recently Not Sell,"1pc+Type-C USB+4000mAh+5V/2A+Emergency Power Bank Function+Digital Display+Portable+Folding+Desktop, Neck Hanging, Upright, Handheld Cooling Fan+5-Speed Strong Wind+H08+Brushless Motor Mini F"
1730,Data Not Availabe,Link Not Available,#9 Best Sellers,in Electric Grills & Electric Griddles,13.0,3,Recently Not Sell,1pc Planet Design Humidifier
1731,Data Not Availabe,Link Not Available,#9 Best Sellers,in Electric Grills & Electric Griddles,23.99,40,40+ sold recently,"Neck Fan, 4 Turbos Foldable Portable Fan, 6000mAh Bladeless Neck Fan Rechargeable, LED Display, 3 Speeds Adjustment, 360°Cooling Airflow For Office, Outdoor, Travel, Hom"
1732,Data Not Availabe,Link Not Available,#9 Best Sellers,in Electric Grills & Electric Griddles,189.99,27,20+ sold recently,"Neck Fan, 4 Turbos Foldable Portable Fan, 6000mAh Bladeless Neck Fan Rechargeable, LED Display, 3 Speeds Adjustment, 360°Cooling Airflow For Office, Outdoor, Travel, Hom"
1733,Data Not Availabe,Link Not Available,#9 Best Sellers,in Electric Grills & Electric Griddles,10.1,27,100+ sold recently,"Portable Fan, Handheld Fan Personal Mini Fan 3000mAh Rechargeable With 5 Speeds, Battery Operated Mini Fan With LED Display, 11-21Hs Desk Fan Working Time For Office Bedroom Outdoor Travel Camping"
1734,Data Not Availabe,Link Not Available,#9 Best Sellers,in Electric Grills & Electric Griddles,126.99,34,Recently Not Sell,"HOMCOM Mini Freezer Countertop, 1.1 Cu.Ft Compact Upright Freezer With Removable Shelves, Reversible Door For Home, Dorm, Apartment And Office, Gray"
1735,Data Not Availabe,Link Not Available,#9 Best Sellers,in Electric Grills & Electric Griddles,174.99,24,Recently Not Sell,WANAI Small Refrigerator With Freezer 3.5 Cu.Ft Mini Fridge With Freezer On Top Double Door Small Fridge For Bedroom Dorm Room College Office Valentines Black
1736,Data Not Availabe,Link Not Available,#6 Best Sellers,in Water Filter Cartridges,4.47,16,Recently Not Sell,"6pcs/Set Faucet Water Filter ,  Water Purification, Faucet Multi -Function Filtration, Enjoy Clean Water, Malls Hotels Home Outdoor RV Universal Model Replaceable Filter, For Hotel Restaurant Purified Water"
1737,Data Not Availabe,Link Not Available,#6 Best Sellers,in Water Filter Cartridges,11.0,16,Recently Not Sell,EMS  Massage Device Muscle Training Device  Massage  Belt Abdomen Waist Instrument Smart Sculpting Abdomen Bel
1738,Data Not Availabe,Link Not Available,#2 Best Sellers,in Vacuum Cleaners,21.2,16,Recently Not Sell,"1pc Multifunctional High Power Home Car Vacuum Cleaner With Inflator, Wireless Tyre Inflator, Portable Pet  Vacuum Cleaner For Car & Home Us"
1739,Data Not Availabe,Link Not Available,#2 Best Sellers,in Vacuum Cleaners,12.5,16,Recently Not Sell,"Stainless Steel Cold Water Pitcher, European Style For Home, Restaurant Or Hotel. It Is Suitable As A Gift For Business Opening. Please Do Not Use It To Boil Water."
1740,Data Not Availabe,Link Not Available,#2 Best Sellers,in Vacuum Cleaners,12.2,28,Recently Not Sell,Smart Watch Health Monitoring Bluetooth Call Watch Exercise Heart Rate Blood Oxyg
1741,Data Not Availabe,Link Not Available,#2 Best Sellers,in Vacuum Cleaners,8.55,10,Recently Not Sell,"Electric Wine Decanter, Quick Intelligent Wine Pourer, With An Automatic One-Click Dispenser And A Second Press Stopper. Built-In Air Intake To Simultaneously Air The Wine While Pouring, Saving 15-20 Minutes. Fully Charged, It Can Pour Above 30 Bottles Of Red Wine."
1742,Data Not Availabe,Link Not Available,#2 Best Sellers,in Vacuum Cleaners,18.9,4,80+ sold recently,"1pc New Automatic Hair Trimmer, Hair Clippers, Unisex Grooming, Portable Hair Shaver With Blue Light Hair Care Function, Surprise Gift For Women's Festival"
1743,Data Not Availabe,Link Not Available,#2 Best Sellers,in Vacuum Cleaners,5.76,37,80+ sold recently,Fascia Gun Muscle Massager Portable Fitness Muscle Relaxer Exercise Recovery Mini Electric Massage G
1744,Data Not Availabe,Link Not Available,#2 Best Sellers,in Vacuum Cleaners,21.22,32,60+ sold recently,Desktop Cooling Fan USB Office Home Desktop Spray Water Cooler Mini Air Conditioning F
1745,Data Not Availabe,Link Not Available,#2 Best Sellers,in Vacuum Cleaners,14.2,32,Recently Not Sell,Electric Makeup Brush Cleaner And Dryer - Quick And Easy Cleaning And Drying In One Minute - 8 Rubber Tube Sleeves For Optimal Brush Car
1746,Data Not Availabe,Link Not Available,#2 Best Sellers,in Vacuum Cleaners,4.9,32,90+ sold recently,"Portable Handheld Fan With Desktop Base, 3 Adjustable Speeds, Rechargeable Battery, Mini Usb Fan For Office/Travel/Outdoor/Camping/Reading, Grey"
1747,Data Not Availabe,Link Not Available,#2 Best Sellers,in Vacuum Cleaners,14.1,3,200+ sold recently,Professional Hair Curling Iron Ceramic Triple Barrel Hair Curler Irons Hair Wave Waver Styling Tools Hair Styler Wand Heated Styling Iron Brush Fast Heating Hair Wand Curler In All Hair Typ
1748,Data Not Availabe,Link Not Available,#2 Best Sellers,in Vacuum Cleaners,14.2,16,200+ sold recently,"Pink Set Generation 2 Rechargeable Hair Trimmer, Split Ends Hair Cutter, Household 2-In-1 Portable Hair Clippers, Electric Hair Cutting Tool With Hair Clipper"
1749,Data Not Availabe,Link Not Available,#2 Best Sellers,in Vacuum Cleaners,6.4,16,Recently Not Sell,1pc Stainless Steel Visual Kitchen Timer With Magnetic Back Countdown Reminder For Cooking Baking Alarm Clock
1750,Data Not Availabe,Link Not Available,#2 Best Sellers,in Vacuum Cleaners,4.8,50,10+ sold recently,1pc Stainless Steel Visual Kitchen Timer With Magnetic Back Countdown Reminder For Cooking Baking Alarm Clock
1751,Data Not Availabe,Link Not Available,#3 Best Sellers,in Hair Straightening Irons,28.6,50,Recently Not Sell,"genil Argan Oil Flat Iron Curling Iron In One, Professional Portable Dual Voltage Ceramic Hair Straightener, 1.6 Inch Wide Flat Iron For Thick Hair, Fast Straightening Styling, Lcd Display"
1752,Data Not Availabe,Link Not Available,#3 Best Sellers,in Hair Straightening Irons,10.6,20,80+ sold recently,"Powerful Portable Electric Food Chopper & Processor Made Of 304 Stainless Steel - Mini Usb Wireless Handheld Garlic Slicer With 350ml Capacity, Made Of Plastic, Suitable For Vegetables & M"
1753,Data Not Availabe,Link Not Available,#7 Best Sellers,in Meat Grinders,34.8,20,Recently Not Sell,"4-In-1 Handheld Blender Set, Including Multi-Function Stick Blender, Whisk, Chopper And Beaker, Suitable For Food Processing & Baby Food Mixing"
1754,Data Not Availabe,Link Not Available,#7 Best Sellers,in Meat Grinders,7.41,22,100+ sold recently,"Women'S Depilator Shaver For Leg, Body, Face, Bikini Line Trimming, Electric Hair Depilator Wet And Dry Use Home Use Shaver Tool"
1755,Data Not Availabe,Link Not Available,#7 Best Sellers,in Meat Grinders,7.6,50,Recently Not Sell,"1pc Yunbaoit Rainbow Visual Timer - 60 Min Countdown, Night Light, Whisper-Quiet, Classroom & Kitchen Timer For Home, School & Offic"
1756,Data Not Availabe,Link Not Available,#7 Best Sellers,in Meat Grinders,24.3,2,20+ sold recently,5in1 Multifunctional Hot Airbrush Curling & Straightening Ionizing Hair Dryer For Styling
1757,Data Not Availabe,Link Not Available,#7 Best Sellers,in Meat Grinders,9.4,4,300+ sold recently,"Multifunctional Electric Shaver For Men, With Razor, Hair Clipper,Rechargeable Hair Clipper Trimmer Kit Digital Display Men's Trimmer Men's Trimmer Shaver Portable Haircut Machine For Man, Mens Grooming Ki"
1758,Data Not Availabe,Link Not Available,#7 Best Sellers,in Meat Grinders,11.3,4,30+ sold recently,"1pc Rechargeable 1800mAh Outdoor Portable Mini Fan With Neck Lanyard, Waist Clip & Table Stand, 5 Speeds, Natural Wind, Power Display, With Hanging Rop"
1759,Data Not Availabe,Link Not Available,#7 Best Sellers,in Meat Grinders,8.1,5,Recently Not Sell,"A Type-C Rechargeable Handheld Fan With 5-Speed Level LED Display, 180° Foldable & 5-Blade High Velocity Fan. Choose From Three Colors."
1760,Data Not Availabe,Link Not Available,#7 Best Sellers,in Meat Grinders,24.1,5,20+ sold recently,"Foot Grinder, Electric Callus Remover, Foot File Grinder Pedicure Tool With Speed Controller And 20pcs Replacement Sandpaper Disk For Men Women Dead Dry Crack Skin Calluses"
1761,Data Not Availabe,Link Not Available,#7 Best Sellers,in Meat Grinders,3.7,5,Recently Not Sell,"Compact UV LED Nail Lamp: Hypoallergenic, USB-Powered, Fast-Drying & Portable For On-The-Go Manicures, With Rechargeable Lithium Battery"
1762,Data Not Availabe,Link Not Available,#7 Best Sellers,in Meat Grinders,10.0,5,20+ sold recently,"K26 Cute Cartoon Neck-Hanging Fan, Portable, 3-Speed, Strong Wind, Long-Lasting, Lightweight, Rechargeable, For Outdoor Activities, Hand-Held, Dormitory, And Office Creative Gif"
1763,Data Not Availabe,Link Not Available,#7 Best Sellers,in Meat Grinders,18.24,40,Recently Not Sell,Black Electric Coffee Grinder
1764,Data Not Availabe,Link Not Available,#7 Best Sellers,in Meat Grinders,18.45,10,50+ sold recently,Multi-Functional Juicer Household Automatic Juicer Separation Small Portable Orange Juice Cup USB Charging
1765,Data Not Availabe,Link Not Available,#7 Best Sellers,in Meat Grinders,9.6,10,200+ sold recently,Household Kitchen Scale Stainless Steel Weighing Scale For Food Diet Balance Measuring LCD Precision Electronic Scales 10Kg
1766,Data Not Availabe,Link Not Available,#7 Best Sellers,in Meat Grinders,26.89,10,10+ sold recently,"Toaster 2 Slice, Extra Wide Slot, Stainless Steel, 7 Browning Shade Settings, Bagel/Gluten-Free/Reheat Function, Variable Browning Control, 900 W"
1767,Data Not Availabe,Link Not Available,#7 Best Sellers,in Meat Grinders,30.6,4,100+ sold recently,Largner Professional Hair Clippers For Men- Hair Cutting Kit & Zero Gap T-Blade Trimmer Combo- Cordless Barber Clipper Set With Led Display For Mens Gifts(Black)
1768,Data Not Availabe,Link Not Available,#7 Best Sellers,in Meat Grinders,24.0,4,20+ sold recently,"Automatic Hair Curler, Ceramic Ionic Barrel Automatic Hair Curling Iron, Auto Curling Wand With 1"" Large Rotating Barrel & 4 Temps & 3 Timer Settings, Dual Voltage Spin Iron For Hair Styling"
1769,Data Not Availabe,Link Not Available,#7 Best Sellers,in Meat Grinders,7.8,36,100+ sold recently,"Hair Curling Comb Electric Curler Professional Styling Tools Hot Comb Hair Straightener Brush For All Hair Types, Green, Purple, Valentines Day, St Patrick Day, Mother's Day Gift 110V"
1770,Data Not Availabe,Link Not Available,#7 Best Sellers,in Meat Grinders,25.49,35,Recently Not Sell,"Teckwe Hair Straightener,Beauty Heating Salon Flat Iron,Quick Warm-Up & LCD Display,Long-Lasting Hold And Smooth Hair & 1h Smart Shut Down For Home Travel - US Plug"
1771,Data Not Availabe,Link Not Available,#9 Best Sellers,in Portable Refrigerator,291.99,29,Recently Not Sell,2 Doors Cold-Rolled Sheet Compact Refrigerator
1772,Data Not Availabe,Link Not Available,#9 Best Sellers,in Portable Refrigerator,6.1,5,50+ sold recently,LARGNER Men Electric Shaver 3D Floating Razor Washable Rechargeable Electric Razor Triple Blade Beard Trimmer Whole Body Wash USB Travel Charger - Perfect Gift For Boyfriend Or Father
1773,Data Not Availabe,Link Not Available,#9 Best Sellers,in Portable Refrigerator,9.7,5,10+ sold recently,Pink Electric Massage Gun For Relieving Muscle Stiffness And Soreness
1774,Data Not Availabe,Link Not Available,#9 Best Sellers,in Portable Refrigerator,25.9,5,70+ sold recently,"1pc PP Food Mixer, Multifunctional Household Hand Mixer For Kitch"
1775,Data Not Availabe,Link Not Available,#9 Best Sellers,in Portable Refrigerator,5.7,22,500+ sold recently,"1pc PP Food Mixer, Multifunctional Household Hand Mixer For Kitch"
1776,Data Not Availabe,Link Not Available,#9 Best Sellers,in Portable Refrigerator,4.1,22,Recently Not Sell,Cartoon Modeling Yellow Duck Kitchen Mechanical Timer Baking Management Time Timing Alarm Reminder For Restaurant For Restaurant/Food Truck/Bakery
1777,Data Not Availabe,Link Not Available,#9 Best Sellers,in Portable Refrigerator,16.0,4,100+ sold recently,"Electric Razor For Men, Dry&Wet 3D Mens Electric Shaver , Rechargeable Rotary Shaving Machines , Father's Day Gift For Father Dad Men Husband Boyfri"
1778,Data Not Availabe,Link Not Available,#9 Best Sellers,in Portable Refrigerator,11.57,43,Recently Not Sell,"Wholesale Electronic Rechargeable Body Weight Scale, Household Precision Digital Weight Scal"
1779,Data Not Availabe,Link Not Available,#8 Best Sellers,in Hand Blenders,38.9,43,Recently Not Sell,"Wholesale Electronic Rechargeable Body Weight Scale, Household Precision Digital Weight Scal"
1780,Data Not Availabe,Link Not Available,#8 Best Sellers,in Hand Blenders,6.78,40,Recently Not Sell,Kitchen Scale Electronic Scale Baking Food Gram Measuring Scale Kitchen Electronic Scale Food Weighing Device Commercial Scal
1781,Data Not Availabe,Link Not Available,#8 Best Sellers,in Hand Blenders,4.0,40,80+ sold recently,"(Pink) - Crystal Hair Eraser For Women And Men, Reusable Crystal Hair Remover Magic Painless Exfoliation Hair Removal Tool, Magic Hair Eraser For Back Arms Legs (Pink)"
1782,Data Not Availabe,Link Not Available,#3 Best Sellers,in Laser Hair Removal Devices,40.8,11,Recently Not Sell,"Laser Hair Removal For Women And Men Update Permanent Hair Removal Device With Red-Light Wave IPL Technology Ice Cool Painless Laser Epilator Hair Removal Machine For Whole Body Use3 In 1 At Home Hair Removal For Women And Men, Upgraded 3 In 1 At Home Hair Removal, 9 Levels And 999,900 Permanent Hair Remover,Painless Hair Remover On Face,Body,Bikini, Whole Body"
1783,Data Not Availabe,Link Not Available,#3 Best Sellers,in Laser Hair Removal Devices,2.9,3,30+ sold recently,"All-In-One Men's Electric Shaver Razor With Digital Display, Multi-Functional, USB Charging, Triple Blade, Portable For Car Us"
1784,Data Not Availabe,Link Not Available,#3 Best Sellers,in Laser Hair Removal Devices,12.3,3,10+ sold recently,"Portable Neck Fan With Display, USB Rechargeable Wearable Personal Fan With 5 Speed Adjustment, Quiet Air Conditioning Cooling Fan For Sports, Travel, Outdoors - Plastic Material, Built-In Lithium Battery, 5W Power, Indoor & Outdoor Us"
1785,Data Not Availabe,Link Not Available,#8 Best Sellers,in Electric Hair Clippers,22.6,4,Recently Not Sell,New Multi-Functional Electric Hair Clipper Rechargeable Shaver Professional Barber Electric Fader Adjustable H
1786,Data Not Availabe,Link Not Available,#8 Best Sellers,in Electric Hair Clippers,9.63,10,10+ sold recently,New Multi-Functional Electric Hair Clipper Rechargeable Shaver Professional Barber Electric Fader Adjustable H
1787,Data Not Availabe,Link Not Available,#7 Best Sellers,in Hair Straightening Irons,14.89,36,Recently Not Sell,"Teckwe Cordless Hair Straighteners Curler 2 In 1,Cordless Flat Iron,Long-Lasting Styling Without Hair Damage & 3 Levels Of Temperature Adjustable Type-C Rechargeabl"
1788,Data Not Availabe,Link Not Available,#7 Best Sellers,in Hair Straightening Irons,10.97,12,10+ sold recently,"Portable Rechargeable Small Juicer With Double Cups (One Large And One Small Cup), Multi-Functional Juicer For Home And Dormitory,Kitchen Portable Fruit Machine,Portable Juicer And Blender,Juice,Lemon."
1789,Data Not Availabe,Link Not Available,#7 Best Sellers,in Hair Straightening Irons,27.99,52,Recently Not Sell,Air VENTt Exhaust Window Fan Car Fan Solar Powered Window Hanging Type Black
1790,Data Not Availabe,Link Not Available,#7 Best Sellers,in Hair Straightening Irons,11.5,52,Recently Not Sell,"1pc Ultrasonic Skin Scrubber Beauty Device With EMS Micro-Current, Blackhead Dead Skin Remover, Face Cleansing Instrum"
1791,Data Not Availabe,Link Not Available,#7 Best Sellers,in Hair Straightening Irons,10.7,4,30+ sold recently,"Electric Beard Trimmer For Men, Waterproof Cordless Foil Shaver, Rechargeable Wet & Dry Shaver, Manscaping Body Groomer"
1792,Data Not Availabe,Link Not Available,#7 Best Sellers,in Hair Straightening Irons,8.93,21,100+ sold recently,"1pc Portable USB Fan With Three-Speed Large Wind Adjustment, Waist-Hanging And Desktop Stand, Power Display, And Leafless Desig"
1793,Data Not Availabe,Link Not Available,#7 Best Sellers,in Hair Straightening Irons,4.4,50,Recently Not Sell,"1pc, Oil Pot Storage Pot Oil Bottle, Household Kitchen Oil Bottle Oil Jar Automatic Opening And Closing Seasoning Bottle, 500ml Glass Olive Oil Bottle Vinegar Dispenser, With Drip Spout, For Cooking Kitchen,For Home,Restaurant,BBQ,Picnic"
1794,Data Not Availabe,Link Not Available,#7 Best Sellers,in Hair Straightening Irons,4.0,50,10+ sold recently,1 Blue Electric Nail Sharpener For Home Use Kids Smart Nail Clipper Set Baby Nail Trimmer Electric Nail Clippers Free 6 Sharpeners
1795,Data Not Availabe,Link Not Available,#7 Best Sellers,in Hair Straightening Irons,12.6,25,30+ sold recently,1pc Rechargeable Electronic Scal
1796,Data Not Availabe,Link Not Available,#7 Best Sellers,in Hair Straightening Irons,23.5,25,Recently Not Sell,"Lighted Travel Makeup Bag - 3 Colors, Mirror, 2-Layer Organizer With 10X Magnifying Mirror - Portable Cosmetic Case With Adjustable Dividers"
1797,Data Not Availabe,Link Not Available,#7 Best Sellers,in Hair Straightening Irons,3.4,3,10+ sold recently,1pc Portable Mini Electric Razor Cordless Rechargeable Rotary Shavers Nice Gift For Father Or Boyfriend(74.5*44*43.5mm)
1798,Data Not Availabe,Link Not Available,#9 Best Sellers,in Electric Hair Brushes,10.82,24,Recently Not Sell,"Hot Comb, Straightening Comb For Wigs, Hot Comb Hair Straightener, 220℃ High Heat With Dual Voltage, Portable Ceramic Beard Straightener Brush, Anti-scald Press Comb Ceramic"
1799,Data Not Availabe,Link Not Available,#9 Best Sellers,in Electric Hair Brushes,8.3,3,Recently Not Sell,"Led Hollywood Style Makeup Mirror Light With 8/10/12/14 Adjustable Bulbs, Color & Brightness Control, Usb Cable, For Vanity Table/Dresser (Mirror Not Included) Usb Wash Basin Makeup Mirror Lamp Bathroom Dressing Table Lighting Campaign Led Wall Lamp Total Length 2 Meters"
1800,Data Not Availabe,Link Not Available,#9 Best Sellers,in Electric Hair Brushes,7.4,3,Recently Not Sell,"1pc 2-In-1 Egg Poacher Egg Holder Termomix Accessories Accessories TM5 TM6 TM31 For Steamed Eggs,Egg,Kitchen,Kitchen Items,Food,Decor,Party,Camping,Organizer,Beach,Travel,Vacation."
1801,Data Not Availabe,Link Not Available,#9 Best Sellers,in Electric Hair Brushes,6.2,3,30+ sold recently,"Mini USB Neck Hanging Fan Portable Handheld Desktop Slouchy Fan Without Blades, Quiet, USB Charging, Long Battery Lif"
1802,Data Not Availabe,Link Not Available,#9 Best Sellers,in Electric Hair Brushes,11.0,50,Recently Not Sell,"1pc Professional Mini Titanium Flat Iron Hair Straightener, LCD Display, Fast Heating, Dual Voltage Ceramic Straightening Irons, Auto Off, With Protective Glove & 2 Clips"
1803,Data Not Availabe,Link Not Available,#9 Best Sellers,in Electric Hair Brushes,7.6,50,100+ sold recently,"1pc Rechargeable Professional Men's Electric Hair Clipper, Bronze Dragon & Phoenix Design, Zero Gap Cordless Hair Trimmer, Barber & Beauty Kit With Led Display"
1804,Data Not Availabe,Link Not Available,#9 Best Sellers,in Electric Hair Brushes,2.7,50,10+ sold recently,1pc 500mAh USB Rechargeable Portable Necklace Turbo Cartoon Mini Fan With 2 Wind Speeds
1805,Data Not Availabe,Link Not Available,#9 Best Sellers,in Electric Hair Brushes,7.0,4,10+ sold recently,1pc 500mAh USB Rechargeable Portable Necklace Turbo Cartoon Mini Fan With 2 Wind Speeds
1806,Data Not Availabe,Link Not Available,#5 Best Sellers,in Oral Care Appliances,3.4,4,Recently Not Sell,A Rechargeable/battery Electric Toothbrush With 6 Levels Of Adjustment And 6 Brush Heads
1807,Data Not Availabe,Link Not Available,#5 Best Sellers,in Oral Care Appliances,147.0,33,20+ sold recently,"INSE Y10 Cordless Robotic Pool Cleaner, Automatic Pool Vacuum, 90 Mins Runtime & Powerful Suction, Self-Parking, Lightweight, IPX8 Waterproof, Ideal For Above/In-Ground Pool Up To 1100 Sq.F"
1808,Data Not Availabe,Link Not Available,#5 Best Sellers,in Oral Care Appliances,10.62,51,60+ sold recently,"1pc 1200 MAh Multifunctional Desktop Bladeless Tower Fanportable Air Conditioner Standing And Lying Down Dual-Use, Three Wind Power Wide-Angle Air Delivery, Compact And Portable, Suitable For Home/Dormitory/Office/Home/Kitchen Cooler"
1809,Data Not Availabe,Link Not Available,#5 Best Sellers,in Oral Care Appliances,4.0,5,10+ sold recently,"1pc 1200 MAh Multifunctional Desktop Bladeless Tower Fanportable Air Conditioner Standing And Lying Down Dual-Use, Three Wind Power Wide-Angle Air Delivery, Compact And Portable, Suitable For Home/Dormitory/Office/Home/Kitchen Cooler"
1810,Data Not Availabe,Link Not Available,#1 Best Sellers,in Dehumidifiers,36.99,38,Recently Not Sell,"VIVOSUN Portable Dehumidifier, Mini Ultra-Quiet 225 Sq. Ft. Dehumidifier With 500ML Water Tank, Indicator Light And Auto Shut-Off Function For Home, Bedroom, Closet, Basement, Kitch"
1811,Data Not Availabe,Link Not Available,#1 Best Sellers,in Dehumidifiers,14.5,14,20+ sold recently,"1 3L Blue Large Capacity Humidifier, Dual Spray Humidifier, Can Work Continuously For Ten Hours When Filled With Water. And The Humidifier Is Easy To Carry."
1812,Data Not Availabe,Link Not Available,#1 Best Sellers,in Dehumidifiers,14.0,7,100+ sold recently,"1pc  Portable Air Conditioner Fan, Large Battery Dual Motor Household Small Air Cooler, 5-Speed Air Cooling Fan 720 ° Surround Air Blower, Office, Tourism, Camping, Outdoor RV Portable USB Fan, Thanksgiving Halloween Christmas Gif"
1813,Data Not Availabe,Link Not Available,#1 Best Sellers,in Dehumidifiers,19.99,38,Recently Not Sell,"JISULIFE Portable Handheld Fan, Mini Pocket Hand Fan, Small Battery Operated 14-21 hours, USB Rechargeable Foldable Fan, Quiet Personal Fan with Power Bank, Flashlight for Indoor, Outdoor"
1814,Data Not Availabe,Link Not Available,#1 Best Sellers,in Hair Dryers,29.0,38,Recently Not Sell,"CRASTS 864 High-Powered Salon-Grade Hair Dryer With One-Button Switching Between Hot And Cold Winds, Four Gear Adjustable Temperature, Equipped With Two Different-Sized Nozzles, Black, 19m/S, 22000 RPM, Suitable For Home And Professional Salon Use."
1816,Data Not Availabe,Link Not Available,#9 Best Sellers,in Refrigerators,148.99,33,Recently Not Sell,"HOMCOM 3.2 Cu.Ft Mini Fridge With Freezer, Single Door Compact Refrigerator With Adjustable Thermostat, Shelf And Reversible Door For Bedroom, Dorm, Home Office, Energy Effici"
1817,Data Not Availabe,Link Not Available,#9 Best Sellers,in Refrigerators,7.09,35,Recently Not Sell,"LED Neck Reading Light, Bed Reading Book Light, 3 Light Colours, Bendable Arm, Rechargeable, Long Lasting, Great For Reading, Knitting, Camping And Maintenanc"
1818,Data Not Availabe,Link Not Available,#9 Best Sellers,in Refrigerators,36.7,35,200+ sold recently,"A Two-In-One Multi-Function Barber Set, Men's Cordless Barber, Adjustable Shaving Head, High Power And Durable, LCD Screen, Home Barber Set, Equipped With 11 Limited Combs And Barber Kit, For Men Only, Family Must, Can Be Applied To Travel And Holiday Gifts, Hairdressing Tools Package Hairdresser, Wireless LCD Hairdresser, Home Charging Hairdresser"
1819,Data Not Availabe,Link Not Available,#9 Best Sellers,in Refrigerators,24.99,50,30+ sold recently,"Kalolary Roll On Wax Kit, Wax Roller Kit For Hair Removal Portable Home Waxing Kit With Wax Warmer, 2 Honey & 1 Rose Soft Wax Cartridge, 200 Non-Woven Wax Strips, Pre-Wax & After-Wax Oil For Women M"
1820,Data Not Availabe,Link Not Available,#1 Best Sellers,in Electric Blankets,30.5,50,Recently Not Sell,"Electric Heated Throw Blanket, 140x80cm Soft Touch Throw, USB Flannel Overblanket For Sofa, Underblanket Single, Wearable Machine Washabl"
1821,Data Not Availabe,Link Not Available,#1 Best Sellers,in Electric Blankets,22.3,50,200+ sold recently,"4-Speed Airflow 7200mah Mini Extendable, Rechargeable & Foldable Desk Fan With Usb, Personalized, Cordless Electric Neck Handheld Portable Table Fan For Office, Home, Outdoor Activities"
1822,Data Not Availabe,Link Not Available,#4 Best Sellers,in Cooking Appliances,3.49,35,Recently Not Sell,"1pc High-Precision Portable Gold & Jewelry Tea Scale P10, Rectangle Shaped, Suitable For Household And Jewelry Store (Weights Not Included)"
1823,Data Not Availabe,Link Not Available,#4 Best Sellers,in Cooking Appliances,38.03,62,Recently Not Sell,1PC Electric Milk Frother Steamer 4 In 1 Multifunctional Hot Cold Milk Foam Maker Temperature Control Automatic Quiet Milk Warmer Latte Cappuccinos Diamond Desig
1824,Data Not Availabe,Link Not Available,#4 Best Sellers,in Cooking Appliances,29.99,25,10+ sold recently,"Ultrean Gravity Electric Salt And Pepper Grinder Set - USB Rechargeable With Dual Charging Base - Adjustable Fineness - One Handed Operation, Stainless Steel Construction, Auto Dust Lids, LED Ligh"
1825,Data Not Availabe,Link Not Available,#4 Best Sellers,in Cooking Appliances,14.67,10,10+ sold recently,"1pc Small Animal Weight-Balance Scale With High Precision, Intelligent Pet Scale, Detachable Scale Plate For Cats And Dogs, Kitchen Scale, Suitable For Weighing Vegetables, Fruits, Hamsters, Birds, And Rabbits (Battery Not Included)"
1826,Data Not Availabe,Link Not Available,#4 Best Sellers,in Cooking Appliances,16.9,6,80+ sold recently,"Epilator For Women,Lady Shaver, 2 In 1 Hair Removal Epilator With Epilator Head & Shaver Head, Electric Cordless Hair Shaver Portable Painless Epilator Hair Removal For Face Bikini  Armpit Leg  Hand HairTrimmer Ladies & M"
1827,Data Not Availabe,Link Not Available,#4 Best Sellers,in Cooking Appliances,38.76,61,10+ sold recently,"Blow Dryer Brush, 6 In One Detachable Rotating Hair Dryer Brush Curling Wand, Upgrade Negative Ionic Hair Styling Tool Set, Automatic Hair Curler Hot Air Brush, Hair Straightener Thermal Brush (Blue)"
1828,Data Not Availabe,Link Not Available,#4 Best Sellers,in Cooking Appliances,37.0,61,30+ sold recently,"Portable Air Conditioners Fan, USB Air Cooler With 7 Color Night Light 4 Wind Speed And Humidifier, Cooling Fan For Room Bedroom Home Car, Personal Mini Air Conditioner Evaporative Cooler"
1829,Data Not Availabe,Link Not Available,#4 Best Sellers,in Cooking Appliances,5.9,3,300+ sold recently,"Portable Air Conditioners Fan, USB Air Cooler With 7 Color Night Light 4 Wind Speed And Humidifier, Cooling Fan For Room Bedroom Home Car, Personal Mini Air Conditioner Evaporative Cooler"
1830,Data Not Availabe,Link Not Available,#4 Best Sellers,in Cooking Appliances,13.99,36,40+ sold recently,"Teckwe Automatic Electric Hair Trimmer,Split End Hair Clipper,Portable Hair Shredder,Cordless Hair Clippers For Home Use,Suitable For Women Trimming Split Ends"
1831,Data Not Availabe,Link Not Available,#2 Best Sellers,in Portable Washing Machines,29.99,36,Recently Not Sell,"Teckwe Foldable Washing Machine,Portable Bucket-Type Fully Automatic Washing And Drying Machine With 3 Modes Deep Cleaning Of Underwear,Baby Clothes And Other Small Clothes.Suitable For Apartments Dormitories Hotel 6L - US Plug"
1832,Data Not Availabe,Link Not Available,#2 Best Sellers,in Portable Washing Machines,4.7,4,Recently Not Sell,"1pc Electric Shaver With 3 Steel Blades, USB Charging, Low Noise And Digital Display"
1833,Data Not Availabe,Link Not Available,#2 Best Sellers,in Portable Washing Machines,13.7,4,Recently Not Sell,"Portable Blender With Straw Juicer, USB Rechargeable, Personal Size Blender For Milkshakes And Smoothies With Six Blades, Mini Milkshake Juicing Cup With Straw For Sports, Travelling, Fitness Fat Loss"
1834,Data Not Availabe,Link Not Available,#2 Best Sellers,in Portable Washing Machines,149.99,4,Recently Not Sell,"Cooluli 20L Mini Fridge For Bedroom - Car, Office Desk & College Dorm Room - Glass Fro"
1835,Data Not Availabe,Link Not Available,#2 Best Sellers,in Portable Washing Machines,199.99,64,20+ sold recently,"Auertech 1.6 Cu.Ft Portable Dryer With 850 W Rated Power, Suitable For Apartments, Dorm, RVs"
1836,Data Not Availabe,Link Not Available,#2 Best Sellers,in Portable Washing Machines,6.7,4,200+ sold recently,Hair Curling Iron 9Mm Women's Hair Curler Wand Hot Tools Rotating Heated Styling Iron Brush Hot Comb Straightening Iron For Hairdressing
1837,Data Not Availabe,Link Not Available,#2 Best Sellers,in Portable Washing Machines,22.79,14,30+ sold recently,Hair Curling Iron 9Mm Women's Hair Curler Wand Hot Tools Rotating Heated Styling Iron Brush Hot Comb Straightening Iron For Hairdressing
1838,Data Not Availabe,Link Not Available,#2 Best Sellers,in Portable Washing Machines,2.1,14,200+ sold recently,"1pc Handheld Cute Cartoon Cat Ear Manual Press Type Fan, Portable, Convenient To Carry, Suitable For Adults, Kids, High Wind Sp"
1839,Data Not Availabe,Link Not Available,#2 Best Sellers,in Portable Washing Machines,8.2,14,Recently Not Sell,"1pc LED Digital Clock With Temperature Display, Modern Minimalist Style Students Alarm Clock With Mirror And Silent Operation, For Bedside Us"
1840,Data Not Availabe,Link Not Available,#2 Best Sellers,in Portable Washing Machines,16.2,14,60+ sold recently,Car Vacuum Cleaner Handheld Car Vacuum Cleaner Home And Car Dual Purpose Wired Cleaner 3M Cigarette Lighter Power Cor
1841,Data Not Availabe,Link Not Available,#2 Best Sellers,in Portable Washing Machines,59.99,40,20+ sold recently,"Paraffin Wax Machine For Hand And Feet,Touchscreen Paraffin Wax Warmer With 1.98lb Wax Moisturizing Paraffin Spa Wax Bath Kit, Large Capacity At Home For Smooth And Soft Ski"
1842,Data Not Availabe,Link Not Available,#2 Best Sellers,in Portable Washing Machines,4.7,40,1.7k+ sold recently,"Paraffin Wax Machine For Hand And Feet,Touchscreen Paraffin Wax Warmer With 1.98lb Wax Moisturizing Paraffin Spa Wax Bath Kit, Large Capacity At Home For Smooth And Soft Ski"
1843,Data Not Availabe,Link Not Available,#2 Best Sellers,in Portable Washing Machines,44.2,40,50+ sold recently,"Handheld Steam Cleaner 1000W Pressurized Steam Cleaner Suitable for Home, Kitchen, Bathroom, Car Cleaning Tools-Removes Stains with Eas"
1844,Data Not Availabe,Link Not Available,#2 Best Sellers,in Portable Washing Machines,3.2,40,60+ sold recently,"1pc ABS Mini Fan, Funny Blue Cartoon Ear Decor Handheld Fan For Outdoor"
1845,Data Not Availabe,Link Not Available,#2 Best Sellers,in Portable Washing Machines,199.99,34,Recently Not Sell,"Compact 3.2 Cu. Ft Mini Fridge With Freezer - Adjustable Thermostat, Crisper Drawer, Removable Glass Shelves - Perfect For Home, Office, Apartment, Bedroom"
1846,Data Not Availabe,Link Not Available,#2 Best Sellers,in Portable Washing Machines,5.3,2,10+ sold recently,1pc 600mAh Rechargeable Lithium Battery Handheld Pocket Fan With 3-Speed Adjustable And Lanyar
1847,Data Not Availabe,Link Not Available,#2 Best Sellers,in Portable Washing Machines,38.99,43,Recently Not Sell,Table Desktop Fan Air Circulator Office Fan Adjustable Head Office 2 Speeds F
1848,Data Not Availabe,Link Not Available,#2 Best Sellers,in Portable Washing Machines,9.87,30,100+ sold recently,25mm Professional Triple Barrel Curling Iron Electric Ceramic Rod Hair Styling Tool
1849,Data Not Availabe,Link Not Available,#2 Best Sellers,in Portable Washing Machines,7.1,30,500+ sold recently,"1pc Plastic Desk Fan With Data Line, Modernist Desktop Fan For Hom"
1850,Data Not Availabe,Link Not Available,#2 Best Sellers,in Portable Washing Machines,20.47,28,Recently Not Sell,7-Egg Mini Practical Poultry Electric Incubator (US Standard) Yello
1851,Data Not Availabe,Link Not Available,#9 Best Sellers,in Curling Tongs & Curling Wands,11.4,3,Recently Not Sell,Professional Hair Crimper Wave Corn Iron Hot Curling Corrugated Automatic Curler Electric Styler Appliances Curlers For Wom
1852,Data Not Availabe,Link Not Available,#9 Best Sellers,in Curling Tongs & Curling Wands,12.6,3,Recently Not Sell,"Portable 3 Mode Face And Neck Massager For Women - Skin Care Facial Beauty Device, Mother's Day Gif"
1853,Data Not Availabe,Link Not Available,#9 Best Sellers,in Curling Tongs & Curling Wands,23.99,70,Recently Not Sell,"Cooling Neck Fan Portable, 2024 New Wearable Bladeless Personal Fan With LED Display, 6000mAh USB Rechargeable Fan For Office Travel Sports, 3 Speeds, Low Nois"
1854,Data Not Availabe,Link Not Available,#9 Best Sellers,in Curling Tongs & Curling Wands,14.0,4,20+ sold recently,"Cordless Automatic Curling Iron - USB Rechargeable, Anti-Tangle, Ceramic Cylinder, Quick Heating, 5-Level Temperature Control - Perfect For Long Hair Mother's Day"
1855,Data Not Availabe,Link Not Available,#3 Best Sellers,in Electric Grills & Electric Griddles,42.99,50,Recently Not Sell,"Panini Press Grill, Gourmet Sandwich Maker Non-Stick Coated Plates 11"" X 9.8"", Opens 180 Degrees To Fit Any Type Or Size Of Food, Stainless Steel Surface And Removable Drip Tray, 4 Slic"
1856,Data Not Availabe,Link Not Available,#10 Best Sellers,in Meat Grinders,50.71,24,Recently Not Sell,"1pc 150W Electric Stainless Steel Slicer - Adjustable Thickness, 0-15mm Cutting Capability, Meat Slicer, Suitable For Home And Commercial Use, Cut Deli Food, Meat, Vegetables, Fruits, Father's Day Gifts"
1857,Data Not Availabe,Link Not Available,#10 Best Sellers,in Meat Grinders,9.8,24,30+ sold recently,"1PC Men's Hair Clipper Beard Trimmer, Razor Grooming Kit LED Low Noise Wireless USB Rechargeable With Guide Comb Skull Patter"
1858,Data Not Availabe,Link Not Available,#10 Best Sellers,in Meat Grinders,27.3,7,Recently Not Sell,Three-In-One Curling Iron Set Hair Straightener Comb Splint Straightening Plate Electric Splint Curling Iron Dual-Purpose Set Does Not Hurt Hair Titanium Alloy Splint.
1859,Data Not Availabe,Link Not Available,#10 Best Sellers,in Meat Grinders,9.9,4,Recently Not Sell,Portable Led Makeup Mirror Light Up Mirror Gift Practical Square Led Makeup Mirror With Light Valentine Day Gifts Cute St Patrick Day
1860,Data Not Availabe,Link Not Available,#10 Best Sellers,in Meat Grinders,11.2,3,Recently Not Sell,"1pc Portable 22mm 25mm Simple Black Electric Hair Brush, Plastic Electric Hair Brush For Househol"
1861,Data Not Availabe,Link Not Available,#8 Best Sellers,in Air Fryers,79.99,27,Recently Not Sell,"Geek Chef Air Fryer Countertop Convection Oven, 4 Slice Toaster Air Fryer Oven Warm, Broil, Toast, Bake, Air Fry, Oil-Free, Perfect for Countertop (10QT Air Fryer Oven)"
1862,Data Not Availabe,Link Not Available,#8 Best Sellers,in Air Fryers,19.7,8,10+ sold recently,"EMS Microcurrent Eye Massager For Home Use, Essential Absorption Device For Treating Dark Circles & Puffy Eyes"
1863,Data Not Availabe,Link Not Available,#8 Best Sellers,in Air Fryers,2.6,4,Recently Not Sell,"4Pcs/Set Precision Toothbrush Heads, Multi-Angle Cleaning Brush Heads, White Replacement Toothbrush Heads For Home Bathroom Travel"
1864,Data Not Availabe,Link Not Available,#2 Best Sellers,in Washing Machines,117.99,21,Recently Not Sell,"Semi-Automatic Washing Machine, 14.3lbs Mini Washing Machine, Household Washer Machine for Clothes, Pants, Compact Twin Tub Washing Machine Built-in Drain Pump(Optional)"
1865,Data Not Availabe,Link Not Available,#2 Best Sellers,in Washing Machines,39.99,56,Recently Not Sell,"VEVOR Electric Fondue Pot Set For Cheese & Chocolate, 3 Quart Chocolate Melting Warmer, Stainless Steel Fondue Maker With Temperature Control And 8 Forks, For Hors D'Oeuvres, Entrees, And Desserts"
1866,Data Not Availabe,Link Not Available,#2 Best Sellers,in Washing Machines,15.99,38,10+ sold recently,"Neck Fan,Hand Free Bladeless Neck Fan Portable Rechargeable,360° Cooling And 3 Speeds, 4000 MAh Battery Operated Wearable Personal Fan For Men Women Outdoor Indoor Black"
1867,Data Not Availabe,Link Not Available,#2 Best Sellers,in Washing Machines,20.98,40,Recently Not Sell,"2-Pack Handheld Mini Fan Portable USB Rechargeable Small Hand Held Fan With Base Personal Desk Fan Super Compact Cooling Fan For Makeup, Home, Office, Travel, And Outdoor Activities"
1868,Data Not Availabe,Link Not Available,#2 Best Sellers,in Washing Machines,16.8,40,Recently Not Sell,"S7 MaxV Ultra Accessories Kit Compatible With Xiaomi Roborock S7 S7 + S7 MaxV, S7 MaxV Plus, T7S T7 Plus T7S Plus Robot Vacuum Cleaners, 2 Roller Brush, 4 Hepa Filter, 4 Mop Pads, 6 Side Brush"
1869,Data Not Availabe,Link Not Available,#2 Best Sellers,in Washing Machines,1.6,40,100+ sold recently,Toothbrush Heads For  Sonicare Replacement Brush Heads Protective Cover Soft  Bristles Electric Toothbrush Replacement Heads For Oral Health For
1870,Data Not Availabe,Link Not Available,#2 Best Sellers,in Washing Machines,10.7,40,Recently Not Sell,Abs Belt Abdominal Muscle Toner- Abs Stimulator With 6 Modes Electronic Abs Stimulating Belt EMS Muscle Toning Belt For Men Women Training Device For Muscles Stomach Workout Massager
1871,Data Not Availabe,Link Not Available,#2 Best Sellers,in Washing Machines,1.2,50,Recently Not Sell,"1pc Ice Cube Mold, Silicone Grenade Shape Ice Cube Mold, Multifunctional Chocolate Mold, Mold For Pudding, Jelly, Candy, Whiskey Ice Cube Tray, Ice Trays For Freezer Cocktail Whiskey, Kitchen Accessaries, Apartment Essentials, Party Supplies"
1872,Data Not Availabe,Link Not Available,#2 Best Sellers,in Washing Machines,30.3,4,90+ sold recently,2pieces Hair Clipper And Shaver Set KM-1931 And KM-3382 Electric Hair Trimmer For Men 0mm Gapped Carving Head Beard Shaving Machine Set Light Gray Color USB Rechargeable Daily Us
1873,Data Not Availabe,Link Not Available,#2 Best Sellers,in Washing Machines,44.99,50,10+ sold recently,"4L/8 Can Skincare Fridge, AC/DC Portable Compact Small Refrigerator for Office Dorm Car Desk for Skin Care Makeup Cosmetic, Whi"
1874,Data Not Availabe,Link Not Available,#2 Best Sellers,in Washing Machines,31.9,50,Recently Not Sell,"Handheld Electric Massage Stick, Wireless Charging Multi-functional Fitness Yoga Full-body Vibration Massager"
1875,Data Not Availabe,Link Not Available,#9 Best Sellers,in Oximeter & Blood Pressure Meter,11.7,50,Recently Not Sell,"1pc Arm Blood Pressure Monitor With Accurate Measurement Powered By USB Cable And 4pcs Size 7 Batteries For Household Use Automatic Digital Sphygmomanometer With Voice Prompt In English, Batteries Not Incl"
1876,Data Not Availabe,Link Not Available,#2 Best Sellers,in Dehumidifiers,6.5,3,Recently Not Sell,"1pc Mini Silent Dehumidifier For Home, Bedroom, Small Moisture Absorber For Wardrobe, Shoe Cabinet, Indoor, Hygroscopicity Machine For Bathroom, Cloth Closet, Kitchen, Student Dorm, Business Office, Household Item"
1877,Data Not Availabe,Link Not Available,#7 Best Sellers,in Hair Dryers,22.7,20,Recently Not Sell,"Multifunctional High-Power Hair Dryer With 2 Airflow Speeds And 3 Heat Settings For Hotel, Dormitory, And Hair Salo"
1878,Data Not Availabe,Link Not Available,#7 Best Sellers,in Hair Dryers,2.2,20,100+ sold recently,"4/12/20 Pack Professional Electric Toothbrush Heads Sensitive Clean Brush Heads Refill For  7000/Pro 1000/9600/ 500/3000/8000, Replacement Toothbrush Heads Compatible Oral B"
1879,Data Not Availabe,Link Not Available,#7 Best Sellers,in Hair Dryers,2.8,20,Recently Not Sell,Mini USB Keyboard Vacuum Cleaner Mini Computer Cleaning Tool Dust Removal Brush Notebook USB Cleaner 1pc
1880,Data Not Availabe,Link Not Available,#7 Best Sellers,in Hair Dryers,39.99,43,20+ sold recently,"Sunvivi Waxing Kit, Digital Wax Warmer For Hair Removal With 5 Packs Hard Wax Beads, Wax Melt Warmer Kit For Full Body, Legs, Face, Eyebrows, Bikini, Brazilian Waxing Kit For Women M"
1881,Data Not Availabe,Link Not Available,#7 Best Sellers,in Hair Dryers,15.4,43,30+ sold recently,"1pc Black Portable Handheld Mini Rechargeable Vacuum Cleaner With Strong Suction And Large Power, Suitable For Home/Car Use; Can Be Used To Clean Beds, Floors, Cars, Multipurpose, Long-Lasting Battery, Dry/Wet Use, Easy Cleaning"
1882,Data Not Availabe,Link Not Available,#7 Best Sellers,in Hair Dryers,4.1,43,30+ sold recently,"New Crown Design Mist Spray Fan, Handheld Mini Humidifier, Desktop Humidifying Fan, Portable With Two Modes Adjustable, USB Charging, Nano Spray, Suitable For Indoor/Outdoor Humidification And Cooling"
1883,Data Not Availabe,Link Not Available,#7 Best Sellers,in Hair Dryers,4.6,4,20+ sold recently,XFU Electric Toothbrush Sonic Toothbrush Portable For Travel Blue And Orange Color 120 Days Battery Powered IPX7 Waterproof 18000 Vibrations Per Minutes With Replacement Brush Heads Dense Bristles SG-557 Bl
1884,Data Not Availabe,Link Not Available,#7 Best Sellers,in Hair Dryers,11.3,4,200+ sold recently,"1pc USB-Powered Desktop Fan (External USB Power Required), Portable Office Home Table Fan, Silent Operation With Single-Speed And Large Blades, Keeps You Refreshed All Summer. (Requires Additional Data Cable Power Supply), Compatible With Power Banks, Computers, Phone Chargers And Other USB Power Supply Sources."
1885,Data Not Availabe,Link Not Available,#7 Best Sellers,in Hair Dryers,7.9,4,Recently Not Sell,Ear Wax Removal Earwax Remover Tool With 8 Pcs Ear Set - Ear Cleaner With Camera - Earwax Removal Kit With Light - Ear Camera With 6 Ear Spoo
1886,Data Not Availabe,Link Not Available,#7 Best Sellers,in Hair Dryers,10.96,12,Recently Not Sell,"Automatic Sensor Flusher - Touchless Toilet Flushing Device, Improves Hygiene Condition, Battery-Fr"
1887,Data Not Availabe,Link Not Available,#7 Best Sellers,in Hair Dryers,39.99,12,60+ sold recently,"Single Serve Coffee Maker 2 in 1 for K Cup Pod & Ground Coffee, Mini K Cup Coffee Machine 14 Oz, One Cup Coffee Brewer with One-Bouton Fast Brewing, Reusable Filter"
1888,Data Not Availabe,Link Not Available,#7 Best Sellers,in Hair Dryers,18.5,12,80+ sold recently,"1PC White Noise Machine, Portable Sound Machine , Sleep Sound Machine with 16 Soothing Sounds, Hatch Sound Machine with Night Ligh"
1889,Data Not Availabe,Link Not Available,#7 Best Sellers,in Hair Dryers,9.9,12,Recently Not Sell,"1 Rechargeable Desktop Handheld Mini Spray Fan,Mini Fan Humidifier,Mini Fan With Spray,Portable Fan With Water,Portable Fan With Mist,Mini Fan Water,Mini Fan With Mist,Mini Fan One,Handheld Fan Usb,Mini Fan With Water,Handheld Fan Water,Fan Mini,Mini Fan Charging,Mini Fan With Charger,Mini Fan With Batteries,Mini Fan Hand,Portable Fan Mini,Mini Fan Usb,Mini Fan Rechargeable,Mini Fan Battery,Spray Fan Usb,Spray Fan Desktop,Mini Fan Outdoor,Fan Portable,Portable Fan Hand,Handheld Fan Portable,Por"
1890,Data Not Availabe,Link Not Available,#7 Best Sellers,in Hair Dryers,12.2,12,Recently Not Sell,"1pc White Automatic Induction Soap Dispenser, 600ML Foam Type Cleaning Liquid, Intelligent Sensor-USB Charging, Visible Capacity, Portable (No Liquid)"
1891,Data Not Availabe,Link Not Available,#7 Best Sellers,in Hair Dryers,5.0,4,30+ sold recently,1pc Women's 3-In-1 Lipstick Shaped Shaver Electric Hair Removal Eyebrow Trimmer USB Rechargeable Full Body Epilator For Women Facial Eyebrow Nose Armpit Hair Removal Women's Gif
1892,Data Not Availabe,Link Not Available,#7 Best Sellers,in Hair Dryers,10.99,35,Recently Not Sell,"Teckwe 25mm Pink Curling Iron,2-Level Temp Rapid Heating Suitable For Home & Travel - US Plug"
1893,Data Not Availabe,Link Not Available,#7 Best Sellers,in Hair Dryers,2.28,40,Recently Not Sell,"1pc - Square 60-Minute Mechanical Kitchen Timer - Visual Kitchen Cooking Timer Clock With Loud Alarm - No Battery Needed - Perfect For Cooking, Baking, And Kitchen Managem"
1894,Data Not Availabe,Link Not Available,#7 Best Sellers,in Hair Dryers,36.99,8,Recently Not Sell,"ECOWELL WRE100 Mini Fridge For Bedroom, 4L/6 Can Skincare Fridge, AC/DC Portable Compact Small Refrigerator For Office Dorm Car Desk For Skin Care Makeup Cosmetic, Whi"
1895,Data Not Availabe,Link Not Available,#7 Best Sellers,in Hair Dryers,4.6,8,Recently Not Sell,"1pc Rechargeable Portable Handheld Mini Fan With One-Speed Setting, Outdoor Simplistic Design With Lanyar"
1896,Data Not Availabe,Link Not Available,#7 Best Sellers,in Hair Dryers,8.8,8,Recently Not Sell,"1 Pieza Monitor De Presión Arterial, Instrumento De Medición Automático De Presión Arterial Doméstico, Monitor De Presión Arterial De Tipo Brazo, Monitor De Presión Arterial En Inglés Neutro Con Enchufe USB- ¡Esta Herramienta No Incluye Baterías"
1897,Data Not Availabe,Link Not Available,#10 Best Sellers,in Beauty & Body Care Appliances,2.7,8,Recently Not Sell,"1PC Hair Removal Machine, Multifunctional Manual Hair Removal Machine, Hair Removal Hands And Feet, Calluses And Dead Skin Grinding Machine, Convenient And Non-Invasive Skin Hair Removal Machi"
1898,Data Not Availabe,Link Not Available,#4 Best Sellers,in Garment Steamers,11.7,8,Recently Not Sell,Mini Garment Steamer Steam Iron Handheld Portable Home Travelling For Clothes Ironing Wet Dry Ironing Machi
1899,Data Not Availabe,Link Not Available,#4 Best Sellers,in Garment Steamers,123.99,34,Recently Not Sell,"HOMCOM Portable Skincare Fridge, 12L Mini Fridge For Bedroom, Office, Dorm And Car, Thermoelectric Cooler And Warmer Refrigerator For Beauty, Makeup And Cosmetics"
1900,Data Not Availabe,Link Not Available,#4 Best Sellers,in Garment Steamers,12.4,34,Recently Not Sell,"1pc Rechargeable Electronic Kitchen Scale With LED Display, Small Household Baking Electronic Scale, Coffee Bean Weighing, Timing, High-Precision Household Intelligent Baking Scal"
1901,Data Not Availabe,Link Not Available,#4 Best Sellers,in Garment Steamers,259.99,48,Recently Not Sell,2-In-1 Stainless Steel Countertop Ice Maker Water Dispenser 48Lbs/24H W/ Scoop
1902,Data Not Availabe,Link Not Available,#2 Best Sellers,in Temperature Gauges,3.08,28,Recently Not Sell,"1pc White Digital Hygrometer Indoor Thermometer Humidity Meter Room Thermometer with Accurate Temperature Humidity Monitor Suitable for Home, Bedroom, Baby Room, Office, Greenhouse, Cellar"
1903,Data Not Availabe,Link Not Available,#2 Best Sellers,in Temperature Gauges,14.8,28,70+ sold recently,"9mm Ultra-fine Wool Curling Iron With Rapid Heating, Lcd Display And Adjustable Temperature, Hc-019, Suitable For Hair Salons And Home Us"
1904,Data Not Availabe,Link Not Available,#2 Best Sellers,in Temperature Gauges,22.5,42,50+ sold recently,Fully Automatic Hair Curling Iron Negative Ion Lazy Hair Curling Iro
1905,Data Not Availabe,Link Not Available,#2 Best Sellers,in Temperature Gauges,14.4,13,50+ sold recently,"Hair Parting Trimmer, Electric Hair Trimmer, Cordless Hair Tip Cutting Machine With Multiple Combs, Gift For Wom"
1906,Data Not Availabe,Link Not Available,#2 Best Sellers,in Temperature Gauges,5.96,24,40+ sold recently,"1PC Portable Fan, USB Rechargeable,   Handheld Fan For Men And Women - Perfect For Office, Outdoor, Travel, And Camping"
1907,Data Not Availabe,Link Not Available,#2 Best Sellers,in Temperature Gauges,5.5,24,Recently Not Sell,"1pc 500mAh Lithium Battery Rechargeable Portable Handheld Mini Fan With Base, Astronaut Design, 3 Adjustable Speeds And USB Charging Cabl"
1908,Data Not Availabe,Link Not Available,#2 Best Sellers,in Temperature Gauges,3.84,40,Recently Not Sell,"1pc Stainless Steel Mechanical Cooking & Baking Timer With Magnet, Student-Specific Time Management Clock, Mechanical Kitchen Gadget Timer, Timer Alarm Clock"
1909,Data Not Availabe,Link Not Available,#2 Best Sellers,in Temperature Gauges,17.1,10,100+ sold recently,Rechargeable Split Ends Trimmer Hair Haircut Device Electric Automatic Clipper Haircut Machine For Home Use Gif
1910,Data Not Availabe,Link Not Available,#2 Best Sellers,in Temperature Gauges,14.97,24,20+ sold recently,"Electric Split Ends Hair Trimmer, Portable USB Rechargeable Split Ends Hair Clipper For Household, Hair Trimming Device Light Pink"
1911,Data Not Availabe,Link Not Available,#2 Best Sellers,in Temperature Gauges,36.0,24,200+ sold recently,"5200mAh Solar Fan, Camping Fan With Solar Panel, Portable Fan For Outside, LED Lantern, Battery Operated Quiet Fan For Picnic, Barbecue, Fishing, Travel"
1912,Data Not Availabe,Link Not Available,#2 Best Sellers,in Temperature Gauges,27.57,24,10+ sold recently,"Electric Rotary Scrubber Cleaning Brush, Long Handle Shower Scrubber, Bathtub Tile Scrubber With 6 Replaceable Brush Heads, 90-120 Minute Running Time Full Floor Bathroom Scrubber"
1913,Data Not Availabe,Link Not Available,#2 Best Sellers,in Temperature Gauges,2.5,24,90+ sold recently,16pcs/set Electric Toothbrush Replacement Heads Compatible with  Oral-B Pro1000 /1500/100/500/Vitality/Genius X/7000/7500/8000/9600 Etc.
1914,Data Not Availabe,Link Not Available,#2 Best Sellers,in Temperature Gauges,12.78,40,Recently Not Sell,"1pc Portable Wireless Straightening Comb, Ionized Hair Straightener Comb, Hot Brush Hair Straightener, Compact & Lightweight, USB Type-C Charging Port, Anti-Scalding"
1915,Data Not Availabe,Link Not Available,#2 Best Sellers,in Temperature Gauges,39.0,40,100+ sold recently,"1pc High Power Portable Cordless UV LED Nail Lamp With Large Capacity Battery, Gel Nail Quick Curing Dryer Lamp With 30pcs Beads, 5 Timers And Automatic Sensor, LCD Display Nail Polish Machine, Suitable For Home, Salon And Nail Shop Use."
1916,Data Not Availabe,Link Not Available,#2 Best Sellers,in Temperature Gauges,109.99,40,10+ sold recently,"Hair Removal Laser For Women And Men, 3-In-1 At Home Hair Removal Device, Permanent Hair Removal Device 9 Levels Upgraded 999900 Flashes Hair Remover For Face Armpits Arms Bikini Line Legs"
1917,Data Not Availabe,Link Not Available,#4 Best Sellers,in Other Coffee Makers,39.99,50,Recently Not Sell,"Ihomekee Programmable Coffee Maker, 12 Cup Drip Coffee Machine with Iced Coffee Function, Regular & Strong Brew, Compact Coffee Machines for Home and Office, Silver and Black"
1918,Data Not Availabe,Link Not Available,#4 Best Sellers,in Other Coffee Makers,10.09,28,10+ sold recently,One Pink Head Massager
1919,Data Not Availabe,Link Not Available,#4 Best Sellers,in Other Coffee Makers,128.51,28,Recently Not Sell,"Stainless Steel Espresso Coffee Machine, With 61oz Removable Water Tank, 20 Bar, Professional Espresso Maker Cappuccino Machine With Steam Milk Frother, Gift For Dad Mom"
1920,Data Not Availabe,Link Not Available,#4 Best Sellers,in Other Coffee Makers,7.2,28,50+ sold recently,"1pc Portable Wireless Rechargeable UV LED Handheld Nail Lamp, Line-Style Manicure Light, Gel Nail Quick Curing Drying Lamp, With 1 Bead, 2 Timer Settings, LCD Display Nail Polish Machine, Suitable For Home, Salon, Nail Art Shop Us"
1921,Data Not Availabe,Link Not Available,#4 Best Sellers,in Other Coffee Makers,39.1,28,10+ sold recently,"1pc Black Wireless Charging High Power 7.4v Handheld Vacuum Cleaner With Large Dustbin And Multi-functional Nozzles, Suitable For Indoor And Car Use, M8"
1922,Data Not Availabe,Link Not Available,#4 Best Sellers,in Other Coffee Makers,5.8,28,10+ sold recently,"10pcs Disposable Hand Warmers, Winter Heat Patches For Cold-Proof, Portable & Air Activating, Odorless & Natural Components"
1923,Data Not Availabe,Link Not Available,#4 Best Sellers,in Other Coffee Makers,43.31,26,Recently Not Sell,"Skincare Fge-LED Light Mirror Cosmetic Refrigerator, Portable Refrigerator With Heating And Cooling Function, 4l Mini Refrigerator For Bedrooms, Cars, And Dormitories"
1924,Data Not Availabe,Link Not Available,#4 Best Sellers,in Other Coffee Makers,7.0,4,Recently Not Sell,"1pc LED Foldable Travel Makeup Mirror, Touch Screen Makeup Mirror With 3 Color Light Modes, Portable Desktop Makeup Mirror, Suitable For Travel, Makeup, And Offic"
1925,Data Not Availabe,Link Not Available,#4 Best Sellers,in Other Coffee Makers,39.17,4,Recently Not Sell,"Unbeatablesale 3-Speed Box Fan, Whi"
1926,Data Not Availabe,Link Not Available,#4 Best Sellers,in Other Coffee Makers,29.9,4,200+ sold recently,Professional Hair Dryer With Diffuser Ionic Conditioning Powerful Fast Hairdryer Blow Dryer AC Motor Heat Hot And Cold Wind Constant Temperature Hair Care Without Damaging Hair
1927,Data Not Availabe,Link Not Available,#4 Best Sellers,in Other Coffee Makers,40.99,34,100+ sold recently,"HOMCOM 37.75"" Tower Fan for Bedroom Cooling with Aroma Diffuser, 70° Oscillating, 12 Hour Timer, LED Sensor Panel, and Remote Control, Black"
1928,Data Not Availabe,Link Not Available,#4 Best Sellers,in Other Coffee Makers,24.8,34,100+ sold recently,"1pc 5w Hook Hanging Battery Operated Oscillating Fan With Led Light, Three Wind Speeds, Screen Displaying Battery Life, Green, Suitable For Outdoor Activities"
1929,Data Not Availabe,Link Not Available,#4 Best Sellers,in Other Coffee Makers,27.21,28,20+ sold recently,"Solar Fan, Camping Fan With Solar Panel, 5200mAh Rechargeable Portable Fan With LED Light With Charging Cable, Outdoor Fishing Camping Cooling Devic"
1930,Data Not Availabe,Link Not Available,#4 Best Sellers,in Other Coffee Makers,55.4,28,Recently Not Sell,"Foldable Clothes Drying Machine For Home Use, Portable Travel Clothes Dryer For Baby Clothes"
1931,Data Not Availabe,Link Not Available,#4 Best Sellers,in Stand Mixers,93.45,41,Recently Not Sell,"120V US Plug CHEFTRONIC Stand Mixer, 5.5 Qt Tilt-Head Electric Household Stand Mixer - 500W 6+P Speed, Multifunctional Kitchen Stand Up Mixer With Dough Hook, Whisk, Food Beater And Butter Beater(US Plug)"
1932,Data Not Availabe,Link Not Available,#4 Best Sellers,in Stand Mixers,7.5,41,300+ sold recently,"1pc Plain Electric Fan With Data Line, Black Small Table Fan For Home, Outdoor"
1933,Data Not Availabe,Link Not Available,#4 Best Sellers,in Stand Mixers,13.6,50,Recently Not Sell,"Cordless Hair Straightener Brush, Portable Straightening Brush, Mini Ionic Hot Comb Straightener For Women, Portable Fast Heating Straightener Comb For Travel Home Outdoor, Type-C USB Rechargeabl"
1934,Data Not Availabe,Link Not Available,#4 Best Sellers,in Stand Mixers,33.9,4,80+ sold recently,Kemei Brand KM-2131 Electric Hair Clipper And Shaver Set  For Men Home Use  Usb Rechargeable Hair Trimmer Set Beard Razor Cordless Hair Cutting Machi
1935,Data Not Availabe,Link Not Available,#4 Best Sellers,in Stand Mixers,4.1,4,Recently Not Sell,One USB Rechargeable Mini Folding Handheld Fan With 3-Level Fan Speed Settings
1936,Data Not Availabe,Link Not Available,#4 Best Sellers,in Stand Mixers,36.5,4,500+ sold recently,Travel Makeup Bag With LED Lighted Make Up Case With Mirror 3 Color Setting Cosmetic Makeup Box Organizer Vanity Case For Women Beauty Tools Accessories Case Rechargeabl
1937,Data Not Availabe,Link Not Available,#4 Best Sellers,in Stand Mixers,3.5,4,Recently Not Sell,"Portable Mini Mist Sprayer For Facial Steaming, Nebulizer, And Skin Moisturizing - Handy Humidifier For Home, Office, Car, And Hotel"
1938,Data Not Availabe,Link Not Available,#5 Best Sellers,in Rice Cookers,59.47,28,Recently Not Sell,"Pressure Cooker, Slow Cooker, Rice/Grain Cooker, Steamer, Sauté, Sous Vide, Yogurt Maker, Sterilizer, And Warmer, Includes App With Over 800 Recipes, Black"
1939,Data Not Availabe,Link Not Available,#10 Best Sellers,in Wax Heaters,11.6,28,Recently Not Sell,"Pressure Cooker, Slow Cooker, Rice/Grain Cooker, Steamer, Sauté, Sous Vide, Yogurt Maker, Sterilizer, And Warmer, Includes App With Over 800 Recipes, Black"
1940,Data Not Availabe,Link Not Available,#10 Best Sellers,in Wax Heaters,4.55,1,500+ sold recently,1pc Rechargeable Portable Handheld Simple Outdoor Mini Fan With One Gear Adjustment And Lanyar
1941,Data Not Availabe,Link Not Available,#10 Best Sellers,in Wax Heaters,3.0,1,Recently Not Sell,Portable Mini Flashlight Nail Lamp With 9 Lamp Beads For Quick-Drying Nail Polish Gel And Phototherapy
1942,Data Not Availabe,Link Not Available,#10 Best Sellers,in Wax Heaters,5.9,1,20+ sold recently,"1pc Portable Lint Remover Cutting Machine Suitable For Sweaters, Coats, Bedsheets Etc."
1943,Data Not Availabe,Link Not Available,#10 Best Sellers,in Wax Heaters,7.5,40,20+ sold recently,1pc 3-In-1 Hair Trimmer Electric Clipper Vintage Oil Head Carving Machine Professional Hair Cutting Tools Electric Shaver
1944,Data Not Availabe,Link Not Available,#10 Best Sellers,in Wax Heaters,2.52,10,100+ sold recently,"2024 New Arrival 3pcs/Set Skin Fold Caliper, Body Tape Measure, Body Fat Percentage Chart For Men And Women, Convenient Portable Tool For Measuring Body Fat Percentage, Perfect For Sports And Fitness Enthusiasts Who Want To Stay In Shap"
1945,Data Not Availabe,Link Not Available,#10 Best Sellers,in Wax Heaters,23.98,40,200+ sold recently,"Hair Straightener Flat Iron For Hair,1Inch Round Straightener Iron, Ceramic Flat Irons Dual Voltage Hair Straightener And Curler, Grey"
1946,Data Not Availabe,Link Not Available,#10 Best Sellers,in Wax Heaters,8.8,3,Recently Not Sell,"9D Electric Shavers For Men Waterproof Electric Trimmer Razor Wet &Amp Dry Use Rechargeable Battery Rotary Shavers Machine Shaving, Gray"
1947,Data Not Availabe,Link Not Available,#10 Best Sellers,in Wax Heaters,69.99,46,30+ sold recently,"LUCKYERMORE 43"" Tower Fan Bladeless Oscillating Fan Remote Control 7H Timer 3 Speeds Standing Floor Bedroom"
1948,Data Not Availabe,Link Not Available,#10 Best Sellers,in Wax Heaters,19.14,28,Recently Not Sell,"Mini Portable Travel Iron For Clothes, 180° Rotatable Handheld Steam Iron, Foldable Small Size Steamer Ironing Machine With Dry & Wet Ironing For Home, Business, Fabric Wrinkles Remover"
1949,Data Not Availabe,Link Not Available,#10 Best Sellers,in Wax Heaters,6.0,28,800+ sold recently,"Mini Portable Travel Iron For Clothes, 180° Rotatable Handheld Steam Iron, Foldable Small Size Steamer Ironing Machine With Dry & Wet Ironing For Home, Business, Fabric Wrinkles Remover"
1950,Data Not Availabe,Link Not Available,#10 Best Sellers,in Wax Heaters,5.22,40,10+ sold recently,"The Food Scale Digital Kitchen Scale Is Suitable For Food Ounces And Grams, And The Small Electronic Pocket Scale Is Used For Weight Loss, Baking, Cooking, Coffee, Jewelry 0.1g-3000g"
1951,Data Not Availabe,Link Not Available,#10 Best Sellers,in Wax Heaters,29.99,44,10+ sold recently,Costway 14'' Mini Oscillating Tower Fan Electric Desk Fan w/3 Speed & Timer
1952,Data Not Availabe,Link Not Available,#10 Best Sellers,in Wax Heaters,5.2,44,300+ sold recently,1pc Portable Usb Rechargeable Fruit Shaped Handheld Mini Fan With S
1953,Data Not Availabe,Link Not Available,#8 Best Sellers,in Table Fans,18.63,10,Recently Not Sell,Cooler Portable Air Conditioning Fan Multi-Function Usb Humidification Aire Acondicionado Office Desktop Electric Fan Chiller Home Mini Portable Air Conditioner
1954,Data Not Availabe,Link Not Available,#8 Best Sellers,in Vacuum Cleaners,51.99,56,Recently Not Sell,"VEVOR 2.6Gal 4Gal Wet Dry Vac Portable 3 In 1 Shop Vacuum With Blowing Function Peak 2.5 Or 5 HP Attachments Storage, Perfect For Cleaning Floor, Upholstery, Gap, Car ETL Listed, Black/Yello"
1955,Data Not Availabe,Link Not Available,#8 Best Sellers,in Vacuum Cleaners,13.7,4,20+ sold recently,"Electric Body Hair Trimmer, Waterproof Hair Clipper For Shaving, Male And Female Private Body Hair Leg Hair Cutting Machi"
1956,Data Not Availabe,Link Not Available,#8 Best Sellers,in Vacuum Cleaners,7.3,4,200+ sold recently,"Electric Body Hair Trimmer, Waterproof Hair Clipper For Shaving, Male And Female Private Body Hair Leg Hair Cutting Machi"
1957,Data Not Availabe,Link Not Available,#8 Best Sellers,in Vacuum Cleaners,18.7,4,Recently Not Sell,"1pc Touch Free Smart Open Lid Trash Can, Household Garbage Can For Bathroom, Living Room, Kitchen,Kitchen,Kitchen Items,Food,Cooking,Camping,Vacation,Beach,Room Decor,Organizer,Party,Travel."
1958,Data Not Availabe,Link Not Available,#8 Best Sellers,in Vacuum Cleaners,1.7,4,Recently Not Sell,"1pc Touch Free Smart Open Lid Trash Can, Household Garbage Can For Bathroom, Living Room, Kitchen,Kitchen,Kitchen Items,Food,Cooking,Camping,Vacation,Beach,Room Decor,Organizer,Party,Travel."
1959,Data Not Availabe,Link Not Available,#8 Best Sellers,in Vacuum Cleaners,1077.99,56,Recently Not Sell,"VEVOR Commercial Meatball Forming Machine, 280 PCs/Min Meatball Maker Machine, 1100W Electric Fish Beef Pork Ball Making Tool With 18/20/22/26/30 Mm Models, Stainless Steel"
1960,Data Not Availabe,Link Not Available,#8 Best Sellers,in Vacuum Cleaners,9.3,4,10+ sold recently,"1pc USB Rechargeable Neck Hanging Fan, 5-Speeds Adjustable Via Digital Display, Neck Size Adjustable With Silicone Gel, Long-Lasting Battery Life, Ideal For Students, With 360° Surrounding Air Flow, Hands-Free/Neck AC, Keeps Cool And Comfortable, Suitable For Home, Sports, Climbing, Camping, Tent, Office, Fishing, Etc."
1961,Data Not Availabe,Link Not Available,#8 Best Sellers,in Vacuum Cleaners,13.2,4,Recently Not Sell,"450ml Portable USB Rechargeable Juicer, Household Item For Making Fruit And Vegetable Juice, Supplementary Foo"
1962,Data Not Availabe,Link Not Available,#4 Best Sellers,in Electric Deep Fryers,55.99,44,Recently Not Sell,"SUSTEAS Deep Fryer With Basket, 1500W Electric Deep Fryers For Home Use With Temperature Control, Removable Lid And 2.5L Non-Stick Inner Pot Easy To Cl"
1963,Data Not Availabe,Link Not Available,#4 Best Sellers,in Electric Deep Fryers,9.3,3,Recently Not Sell,"1 Pc, Hair Straightener Brush, Enhanced Ionic Straightening Brush, USB Cordless Rechargeable Straightening Brush With Mobile Heat Comb For Home Salo"
1964,Data Not Availabe,Link Not Available,#4 Best Sellers,in Electric Deep Fryers,159.99,36,30+ sold recently,"Robot Vacuum Cleaner And Mop Combo LDS Laser Navigation Sweeping Robot 3000Pa Strong Suctions Intelligent Vacuum Robot For Pet Hair, Carpet,Hard Floor"
1965,Data Not Availabe,Link Not Available,#4 Best Sellers,in Electric Deep Fryers,14.0,36,300+ sold recently,1pc Summer Car Car Home Double-Headed Mini F
1966,Data Not Availabe,Link Not Available,#4 Best Sellers,in Electric Deep Fryers,17.5,4,60+ sold recently,"Largner Electric Razor For Women, Rechargeable Waterproof Electric Shaver, Cordless Hair Remover For Legs Face Lips Bikini Body Trimmer - As Seen On Tv (Upgraded)"
1967,Data Not Availabe,Link Not Available,#4 Best Sellers,in Electric Deep Fryers,21.8,6,100+ sold recently,"LED Foldable Makeup Mirror With Charging Function And Rotatable Three-Color Light, Intelligent Dressing Table Cosmetic Mirror, Multifunctional Storage Box, Exquisite Make-Up Helper, Good Gift For Valenti"
1968,Data Not Availabe,Link Not Available,#4 Best Sellers,in Electric Deep Fryers,149.99,6,Recently Not Sell,Supersonic 19 Inch 1080p LED HDTV With DVD Player OPEN BOX
1969,Data Not Availabe,Link Not Available,#4 Best Sellers,in Electric Deep Fryers,11.97,34,60+ sold recently,Supersonic 19 Inch 1080p LED HDTV With DVD Player OPEN BOX
1970,Data Not Availabe,Link Not Available,#4 Best Sellers,in Electric Deep Fryers,45.99,55,Recently Not Sell,"VEVOR 8in Foldable Oscillating Standing Fan With Remote Control, 4 Speed Adjustable Portable Desk Quiet Fan, 7200mah Rechargeable USB Small Fan, Folded Rotating Floor Fan For Bedroom Office Travel"
1971,Data Not Availabe,Link Not Available,#5 Best Sellers,in Water and Ice Dispensers,8.6,55,Recently Not Sell,1PC Automatic Electric Water Dispenser Household Gallon Drinking Bottle Switch Smart Water Pump Water Treatment Appliances
1972,Data Not Availabe,Link Not Available,#5 Best Sellers,in Water and Ice Dispensers,32.99,48,50+ sold recently,"Reemix Sandwich Maker 3 in 1, Waffle Maker 750W Panini Press Grill with Non-stick Plates, Double-Sided Heating, Indicator Lights, Cool Touch Handle, Easy to Use & Clean, Black"
1973,Data Not Availabe,Link Not Available,#5 Best Sellers,in Water and Ice Dispensers,3.7,48,100+ sold recently,Handheld Mini Cartoon Style Hand Crank Fan For Summer
1974,Data Not Availabe,Link Not Available,#5 Best Sellers,in Water and Ice Dispensers,12.5,4,80+ sold recently,"Hair Shaver Double Blades Shaver Electric Shaver Razor For Men Close Bald Head Barber Shaver Trimmer Cordless,Professional Rechargeable Shaver/Shaper,Ultra-Close Shav"
1975,Data Not Availabe,Link Not Available,#5 Best Sellers,in Water and Ice Dispensers,7.2,4,Recently Not Sell,"1pc Portable 2000ml Outdoor Sports Water Bottle, Leak-Proof Straw Bottle, Ideal For Outdoor Activities, Sports, Travel, Birthday Gift, With Double Cup Design, Durable & Heat-Resistant, Suitable For Hiking And Mountaineering"
1976,Data Not Availabe,Link Not Available,#5 Best Sellers,in Water and Ice Dispensers,24.99,55,Recently Not Sell,Battery Operated Clip On Mini Fan USB Rechargeable Desk Fan Portable Cooling F
1977,Data Not Availabe,Link Not Available,#5 Best Sellers,in Water and Ice Dispensers,5.59,33,20+ sold recently,"1pc Multifunctional Handheld Wireless Car & Home Vacuum Cleaner With Strong Suction, Portable Mini Air Pump With High Power For Blowing And Suction, Can Be Used As Desk Dust Cleaner"
1978,Data Not Availabe,Link Not Available,#5 Best Sellers,in Water and Ice Dispensers,19.2,40,40+ sold recently,"1pc, 1.5L Electric Heating Lunch Box, 304 Stainless Steel , 60W Quick Heating, No Water Required, Strong Sealing, Leak-Proof, Dual Voltage For Heating Food, Multi-Functional For Home/Car, Perfect For Office Workers, Students, Camping And Outdoors. Electric Heating Lunch Box Stor"
1979,Data Not Availabe,Link Not Available,#5 Best Sellers,in Water and Ice Dispensers,15.9,40,Recently Not Sell,"1pc Electric Facial Cleansing Device With Multiple Cleaning Heads, Silicone Face Brush For Pore Cleansing, Requiring 2 AA Batteries (Not Included), Multifunctional And Cleansing"
1980,Data Not Availabe,Link Not Available,#5 Best Sellers,in Water and Ice Dispensers,43.2,40,100+ sold recently,"3pcs Professional Barber Clipper Hair Trimmer And Shaver Set, Cordless Hair Clippers For Men, Electric Hair Cutting Kit, Rechargeable Men's Beard Trimmer And Body Trimmer S"
1981,Data Not Availabe,Link Not Available,#5 Best Sellers,in Water and Ice Dispensers,41.21,16,Recently Not Sell,"Three Layer Chocolate Fountain Machine, Detachable Mini Nostalgia Melting Chocolate Fondue, Chocolate Fondue For Party Games Night Christmas"
1982,Data Not Availabe,Link Not Available,#5 Best Sellers,in Water and Ice Dispensers,8.0,16,Recently Not Sell,"Eye & Face Massage Tool Wand Pen - Heated Vibration, Skin Care Tool For Eyes, Rechargeable - Perfect Gift For Her"
1983,Data Not Availabe,Link Not Available,#5 Best Sellers,in Water and Ice Dispensers,19.98,40,Recently Not Sell,"Food Scale, 10kg/22lb Digital Kitchen Scale Weight Grams And Ounces For Baking Cooking Coffee Package Postage, 6 Units With Tare Function, LCD Display, Easy Clean Stainless Steel"
1984,Data Not Availabe,Link Not Available,#5 Best Sellers,in Water and Ice Dispensers,6.9,40,Recently Not Sell,1pc USB Rechargeable Ultrasonic Electric Toothbrush With Dental Water J
1985,Data Not Availabe,Link Not Available,#5 Best Sellers,in Water and Ice Dispensers,2.2,40,Recently Not Sell,"1pc Silver Manual Glass Frosted Epilator, Pain-Free Physical Exfoliating Hair Removal Tool For Women, Suitable For Home Use/Traveling"
1986,Data Not Availabe,Link Not Available,#5 Best Sellers,in Water and Ice Dispensers,99.99,57,40+ sold recently,"Homeika Cordless Vacuum Cleaner, 20KPa 8-In-1 Powerful Suction Vacuum With LED Display, Lightweight Stick Vacuum Cleaner With Detachable Battery 30 Min Runtime For Home/Carpet/Hard Floor/Pet Hair Bl"
1987,Data Not Availabe,Link Not Available,#5 Best Sellers,in Water and Ice Dispensers,1.8,40,10+ sold recently,"1pc ABS Mini Fan, Simple Pink Portable Handheld Fan For Summer"
1988,Data Not Availabe,Link Not Available,#5 Best Sellers,in Water and Ice Dispensers,10.5,40,Recently Not Sell,1pc Sweetfull Rechargeable 4000mAh Battery Display Mini Desktop & Clip Fan With 4 Speeds For Home Us
1989,Data Not Availabe,Link Not Available,#5 Best Sellers,in Water and Ice Dispensers,12.5,40,100+ sold recently,"1pc Wax Bean Heater Hair Removal Tool For Both Women & Men, Large Capacity"
1990,Data Not Availabe,Link Not Available,#8 Best Sellers,in Electric Deep Fryers,76.99,53,Recently Not Sell,"1pc Wax Bean Heater Hair Removal Tool For Both Women & Men, Large Capacity"
1991,Data Not Availabe,Link Not Available,#8 Best Sellers,in Electric Deep Fryers,4.2,53,300+ sold recently,"Mini Handheld Fan, 3-Speed Portable Personal Mini Fan Usb Rechargeable, Small Table Fan With Base, Battery Powered Fan Cute Cat Ear Design, Suitable For Travel/Commuting/Makeup/Offic"
1992,Data Not Availabe,Link Not Available,#8 Best Sellers,in Electric Deep Fryers,23.3,53,20+ sold recently,New Single-Sided Makeup Mirror With 12 Or 4 Led Lights On Stand With Adjustable 3 Color Temperatur
1993,Data Not Availabe,Link Not Available,#8 Best Sellers,in Electric Deep Fryers,1.44,40,Recently Not Sell,Nose Hair Trimmer Electric Nose Hair Cleaner Clippers For Men And Wom
1994,Data Not Availabe,Link Not Available,#8 Best Sellers,in Electric Deep Fryers,4.5,2,500+ sold recently,"1pc Rechargeable Portable Handheld Mini Fan With One Speed Setting For Outdoor Use, Comes With A Lanyar"
1995,Data Not Availabe,Link Not Available,#8 Best Sellers,in Electric Deep Fryers,49.99,38,20+ sold recently,"18"" Fan Head, 48"" Tall, 3-Speed Oscillating Pedestal Fan With Tilt Adjustable Fan Head, Black, N"
1996,Data Not Availabe,Link Not Available,#8 Best Sellers,in Electric Deep Fryers,14.3,38,Recently Not Sell,Carsun Wired Car Cigarette Lighter Portable Cleaning Dust Collector Vacuum Cleaner
1997,Data Not Availabe,Link Not Available,#8 Best Sellers,in Electric Deep Fryers,10.4,38,30+ sold recently,"1pc Portable Car Vacuum Cleaner, Rechargeable Handheld Automotive Vacuum Cleaner For Car Wireless Dust Catcher Cyclone Suctio"
1998,Data Not Availabe,Link Not Available,#8 Best Sellers,in Electric Deep Fryers,105.9,24,40+ sold recently,"3 in 1 Evaporative Air Cooler, Portable Cooling Fan w/ Humidifier & Remote Control,3 Wind Speeds,Detachable Water Tank & 4 Ice Packs Windowless Room Cooler"
1999,Data Not Availabe,Link Not Available,#8 Best Sellers,in Electric Deep Fryers,13.3,24,Recently Not Sell,"1pc, Portable Air Conditioner Fan, Large Battery Dual Motor Household Small Air Cooler, 5-Speed Air Cooling Fan 720 ° Surround Air Blower, Office, Tourism, Camping, Outdoor RV Portable USB Fan, Thanksgiving Halloween Christmas Gif"
2000,Data Not Availabe,Link Not Available,#8 Best Sellers,in Electric Deep Fryers,34.27,28,Recently Not Sell,"Hair Dryer Brush, 5 In One Detachable Blow Dryer Brush Curling Wand, Upgrade Negative Ionic Hair Styling Tool Set, Automatic Hair Curler Hot Air Brush"
2001,Data Not Availabe,Link Not Available,#8 Best Sellers,in Electric Deep Fryers,33.49,15,10+ sold recently,"Heated Electric Blanket Throw Queen Size with Dual Control, Flannel Sherpa Heating Blankets, Soft Thicken Heated Throws for Couch with 5 Heat Settings and 4 Hours Auto Shut Off Grey"
2002,Data Not Availabe,Link Not Available,#8 Best Sellers,in Electric Deep Fryers,3.84,40,Recently Not Sell,"1pc Stainless Steel Visual Kitchen Timer With Magnetic Back, Countdown Cooking Timer Alarm Clock For Time Management Reminder"
2003,Data Not Availabe,Link Not Available,#8 Best Sellers,in Electric Deep Fryers,32.38,28,Recently Not Sell,"Juicer Machines, SiFENE 3"" Big Mouth Centrifugal Juicer For Fruits & Vegetables, Easy-Clean Juicing Maker, Stainless Steel, R"
2004,Data Not Availabe,Link Not Available,#8 Best Sellers,in Electric Deep Fryers,13.8,28,300+ sold recently,"1pc&2pcs Portable Handheld Fan, Neck Fan, 3600mAh Desk Fan, 180° Adjustable, 6 Speed Wind,USB Rechargeable Foldable Fan, Quiet Personal Fan With Power Bank Bl"
2005,Data Not Availabe,Link Not Available,#8 Best Sellers,in Electric Deep Fryers,155.99,22,Recently Not Sell,LUCKYERMORE 1.6 Cu.Ft Mini Fridge With Freezer Refrigerator Compact Single Door Removable Shelf Stainless Steel Apartm
2006,Data Not Availabe,Link Not Available,#8 Best Sellers,in Electric Deep Fryers,9.2,4,Recently Not Sell,"1pc LED Makeup Mirror With Stand, Portable Small Tabletop Vanity Mirror For Women, Ins Style, Dormitory, Househol"
2007,Data Not Availabe,Link Not Available,#8 Best Sellers,in Garment Steamers,32.0,3,Recently Not Sell,Quick-Heat Handheld Garment Steamer - Deep Wrinkle Removal - Portable Design For Travel & Home Us
2008,Data Not Availabe,Link Not Available,#8 Best Sellers,in Garment Steamers,3.1,3,Recently Not Sell,"1pc 60ml USB Rechargeable Ultrasonic Aromatherapy Diffuser With Colorful Atmosphere Lamp, 4-Level Adjustable Function, Can Be Placed On Table Or Wall-Mounted, Need To Purchase Fragrance And Diffuser Together"
2009,Data Not Availabe,Link Not Available,#8 Best Sellers,in Garment Steamers,7.3,3,100+ sold recently,20pcs Self Adhesive 3.5mm Electrode Pads 5.5x8cm Replacement Gel Pads TENS EMS Massage Pad For Pulse Massager Muscle Stimulator
2010,Data Not Availabe,Link Not Available,#10 Best Sellers,in Electric Hair Brushes,11.9,3,Recently Not Sell,"CRASTS Star Maker 25mm Pink Girls Instant On/Off Switch Curling Iron FS-H186-9, Suitable For Home And Travel"
2011,Data Not Availabe,Link Not Available,#10 Best Sellers,in Electric Hair Brushes,6.1,3,Recently Not Sell,New Mini Desktop/Tabletop USB Rechargeable Hanging Fan With Long Battery Lif
2012,Data Not Availabe,Link Not Available,#10 Best Sellers,in Electric Hair Brushes,5.3,2,300+ sold recently,1pc 600mah Rechargeable Lithium Battery Portable Handheld Pocket Mini Fan With 3-Speed & Lanyar
2013,Data Not Availabe,Link Not Available,#10 Best Sellers,in Electric Hair Brushes,14.6,2,40+ sold recently,"1pc Black Mini Portable Wireless Charging Car Vacuum Cleaner With Double Filter And High Suction Power, Handheld Dust Remover For Car/Hom"
2014,Data Not Availabe,Link Not Available,#10 Best Sellers,in Electric Hair Brushes,36.99,66,10+ sold recently,"VIVOSUN Quiet Register Booster Fan 4""*10"", Summer Fan, Smart Register Vent With Intelligent Thermostat Control, Cooling Heating AC Vent Booster Fan, Brown & Whi"
2015,Data Not Availabe,Link Not Available,#10 Best Sellers,in Electric Hair Brushes,18.8,8,Recently Not Sell,1 Pc PTC Heater Flat Iron LED Display 2 In 1 Hair Straightener And Curler
2016,Data Not Availabe,Link Not Available,#10 Best Sellers,in Electric Hair Brushes,39.99,44,30+ sold recently,Costway Folding Foot Spa Basin w/Heat Bubble Roller Massage Temp&Time S
2017,Data Not Availabe,Link Not Available,#10 Best Sellers,in Electric Hair Brushes,23.2,6,Recently Not Sell,"1pc New Leaf Less Fan For Home, Office, Desktop, Rechargeable Small Fan, Convenient Tower Fan For Both Standing And Lying Positions"
2018,Data Not Availabe,Link Not Available,#9 Best Sellers,in Epilators,13.8,6,Recently Not Sell,1pc Women's Underarm Hair Remover With 2 Adjustable Speed Modes For Full Body
2019,Data Not Availabe,Link Not Available,#9 Best Sellers,in Epilators,9.4,6,Recently Not Sell,"Misting Fan Portable Handheld Fan, 1200mAh Hand Held Mist Fan Rechargeable Power Bank, Small Mister Fan, Personal Cooling Water Spray Fan For Men Women Travel Home Outdoor"
2020,Data Not Availabe,Link Not Available,#9 Best Sellers,in Epilators,9.9,6,Recently Not Sell,"Mini Meridian Massage Device, Multiple Modes, Massage For Various Body Parts, Rechargeabl"
2021,Data Not Availabe,Link Not Available,#9 Best Sellers,in Epilators,34.7,9,100+ sold recently,"Mini Meridian Massage Device, Multiple Modes, Massage For Various Body Parts, Rechargeabl"
2022,Data Not Availabe,Link Not Available,#5 Best Sellers,in Slow Cookers,33.99,32,Recently Not Sell,"Bear Rice Cooker 2-Cups Uncooked, 1.2L Small Rice Cooker with Non-stick Coating, BisphenolA FREE, Portable Mini Rice Cooker, One Button to Cook and Keep Warm Functio"
2023,Data Not Availabe,Link Not Available,#5 Best Sellers,in Slow Cookers,10.98,40,Recently Not Sell,1 USB Portable 3L Creative Air Humidifier Large Capacity Triple Nozzle 3D Circulationcool Mist Humidifiers - Desktop Dormitory Office Night Light Aromatherapy Essential Oil Diffuser Humidifiers For Bedroom
2024,Data Not Availabe,Link Not Available,#5 Best Sellers,in Slow Cookers,36.1,9,Recently Not Sell,"Rechargeable Handheld Massager For Full Body Massage, High Power Vibration Massage Hammer For Back And Health Car"
2025,Data Not Availabe,Link Not Available,#5 Best Sellers,in Slow Cookers,30.99,20,Recently Not Sell,"Hair Straightener And Curler 2 In 1 With Ionic Airflow, MOCEMTRY Ceramic Flat Iron Curling Iron, Professional Curling Wand With 360° Cooling Air Vents, Dual Voltage & Adjustable Temp"
2026,Data Not Availabe,Link Not Available,#5 Best Sellers,in Slow Cookers,4.75,50,Recently Not Sell,"Milk Frothing Jug With Thermometer, 600ml Small Stainless Steel Milk Frothing Jug, Stainless Steel Controlled Temperature Milk Frothing Jug Coffee Tool Cup 20oz (600ml)"
2027,Data Not Availabe,Link Not Available,#5 Best Sellers,in Slow Cookers,27.99,42,10+ sold recently,29000pa Cordless Hand Held Vacuum Cleaner Mini Portable Car Auto Home Wireless
2028,Data Not Availabe,Link Not Available,#5 Best Sellers,in Slow Cookers,11.2,42,30+ sold recently,"Portable USB-Powered Electric Nail Drill Set For Professional Acrylic/Gel Nail Art, Manicure And Pedicure Care, Suitable For Home And Salon Us"
2029,Data Not Availabe,Link Not Available,#5 Best Sellers,in Slow Cookers,29.7,4,200+ sold recently,Kemei Brand KM-2296 New Version Professional Hair Clipper  For Men  Hair Cutting Machine Electric Hair Trimmer Powerful Rechargeable Adjustable Cordelss With Charging Base Haircut Machine  For Home Use Or Barber Shop Us
2030,Data Not Availabe,Link Not Available,#8 Best Sellers,in Curling Tongs & Curling Wands,14.3,3,Recently Not Sell,"Hair Curler With Negative Ion Generator, Hair Curler With Intelligent Timmer, Curling Iron With Intelligent Sensor,Fully Automatic 32Mm Hair Curler, Anti Scalding, Non Damaging, Large Curling And Wavy Hair Curler"
2031,Data Not Availabe,Link Not Available,#8 Best Sellers,in Curling Tongs & Curling Wands,3.7,3,Recently Not Sell,Multi-Colored Minimalist Handheld Portable F
2032,Data Not Availabe,Link Not Available,#8 Best Sellers,in Curling Tongs & Curling Wands,3.34,38,Recently Not Sell,"Mini Alarm Clock With Led Night Light, Music Alarm, Silent, Slouchy Electronic Clock With Temperature Display, Creative Gif"
2033,Data Not Availabe,Link Not Available,#8 Best Sellers,in Curling Tongs & Curling Wands,4.9,4,Recently Not Sell,LED Cosmetic Mirror LED Vanity Mirror Three Level Dimming Portable Flip Cover Circular Folding LED Makeup Mirror With One Side Enlarged 3X Beauty Mini USB Light Emitting Charging Small Mirror  LED Makeup Mirror  LED Compact Mirror
2034,Data Not Availabe,Link Not Available,#6 Best Sellers,in Hair Dryers,26.0,4,Recently Not Sell,5 In 1 Hot Air Brushless Hair Dryer Negative Ion Hair Care Curling Iron Hair Styling Comb Straightener
2035,Data Not Availabe,Link Not Available,#7 Best Sellers,in Digital Kitchen Scales,3.42,10,Recently Not Sell,"1pc Portable Handheld Electronic Scale With Hook For Home, Travel, Luggage, Shopping, Hotel Weighing"
2036,Data Not Availabe,Link Not Available,#7 Best Sellers,in Digital Kitchen Scales,13.31,19,10+ sold recently,"Professional Nano Disinfectant Spray Gun: Electric Sprayer And Cordless Handheld Nano Steam Gun, With Blue Light, Enabling Contactless Disinfection."
2037,Data Not Availabe,Link Not Available,#7 Best Sellers,in Digital Kitchen Scales,65.99,44,Recently Not Sell,Costway Steam Foot Spa Bath Massager Foot Sauna Care w/Heating Timer Electric Rollers
2038,Data Not Availabe,Link Not Available,#7 Best Sellers,in Digital Kitchen Scales,39.95,20,Recently Not Sell,"Dinosaur Mini Waffle Maker- 5 Different Shaped Dinos in Minutes - Make Fun Jurassic Breakfast for Kids and Adults with Cool Novelty Pancakes, Electric Non-Stick Waffler Iron, Fun Gift for Holiday"
2039,Data Not Availabe,Link Not Available,#7 Best Sellers,in Digital Kitchen Scales,14.04,40,20+ sold recently,"1pc 25/32/38mm Ceramic Hair Curler LCD Display,Long Barrels Curling Iron For All Hair Types,With Protective Glove & 2 Clips"
2040,Data Not Availabe,Link Not Available,#7 Best Sellers,in Digital Kitchen Scales,24.99,58,10+ sold recently,"Portable Garment Steamer, Powerful Foldable Handhled Steamer 1300W, Travel Size Steamer For Clothes 20S Fast Heat-Up, Fabric Steamer For Home & Travel, 120V Only"
2041,Data Not Availabe,Link Not Available,#7 Best Sellers,in Digital Kitchen Scales,12.4,58,40+ sold recently,"Mini Hair Straightener & Curler 2-in-1 With Negative Ion Function, No Harm To Hair, Electric Hair Straightener And Curling Iro"
2042,Data Not Availabe,Link Not Available,#7 Best Sellers,in Digital Kitchen Scales,59.99,14,Recently Not Sell,"Whall-Nicebay WHALL Touchscreen 2 Slice Toaster,The All-In-One Toaster, Stainless Steel, Digital Timer, Toaster With Sound Function, Smart, Extra Wide Slots, 6 Shade Settings"
2043,Data Not Availabe,Link Not Available,#7 Best Sellers,in Digital Kitchen Scales,18.99,61,Recently Not Sell,Handheld Rechargable Bladeless Fan Portable 2W USB Charging Mini Air Cooler F
2044,Data Not Availabe,Link Not Available,#9 Best Sellers,in Stick Vacuum Cleaners,68.53,28,Recently Not Sell,"INSE Cordless Vacuum Cleaners, 6-In-1 Stick Vacuum For Floor Pet Hair Home, V770"
2045,Data Not Availabe,Link Not Available,#8 Best Sellers,in Refrigerators,64.99,55,Recently Not Sell,"VEVOR Mini Fridge, 10L/12 Can Luxury Mini Refrigerator For Beverage Skincare & Cosmetic, AC/DC Cooler & Warmer, Mute Portable Tiny Fridge For Bedroom Office Dorm Desk Car Travel, ETL Certified, White & Black"
2046,Data Not Availabe,Link Not Available,#8 Best Sellers,in Refrigerators,7.2,37,Recently Not Sell,"Cartoon Duck & Fish Thermometer, 3-In-1 High-Precision Water Temperature Gauge With Battery, Suitable For Bathtub, Bathroom, And Sink"
2047,Data Not Availabe,Link Not Available,#8 Best Sellers,in Refrigerators,16.7,6,Recently Not Sell,1pc Electric Cleaning Kit Handheld Multifunctional Intelligent Wireless Electric Brush With Replaceable Brush Head For Household Kitchen Slouchy Hand Care Gift For Mom And Beloved Ones
2048,Data Not Availabe,Link Not Available,#9 Best Sellers,in Hot Tea Makers,23.99,11,Recently Not Sell,"PUSEE Mug Warmer,Coffee Warmer For Desk Coffee Cup Warmer Auto Shut Off,Smart Candle Warmer With 3 Temp Settings,Electric Beverage Warmer Plate For Coffee,Cocoa,Tea,Water And Milk"
2049,Data Not Availabe,Link Not Available,#9 Best Sellers,in Hot Tea Makers,11.2,11,400+ sold recently,"1Ps Clip Fan,Mini Portable Fan With Clip, Clip On Fan For Bed,Can Stand, Clip And Hang Small Fan With Strong Airflow,3 Speeds Personal Fan,7000 MAh Rechargeable Clip-On Fan, 360°Rotate Desk Fan For Home Office Travel Stroller Camping"
2050,Data Not Availabe,Link Not Available,#9 Best Sellers,in Hot Tea Makers,1.14,40,Recently Not Sell,Soft Scalp Massage Brush Bath Massage Brush Silicone Shampoo Brush Handheld Round Hair Shower Brush Comb Portable Hair Car
2051,Data Not Availabe,Link Not Available,#9 Best Sellers,in Hot Tea Makers,7.86,40,Recently Not Sell,1PC Charging Electric Toothbrush Multi-Function Multi-Mode Electric Toothbrush With Cleaner Features IPX7 Waterproof Toothbrush With Two Brush Heads And A Cleaner Working Head With Bas
2052,Data Not Availabe,Link Not Available,#9 Best Sellers,in Hot Tea Makers,20.24,16,100+ sold recently,"At-Home Ipl Hair Removal For Women And Men, Permanent Hair Removal 999,999 Flashes Painless Hair Remover On Armpits Back Legs Arms Face Bikini Line, 5 Different Modes Electric Razor"
2053,Data Not Availabe,Link Not Available,#9 Best Sellers,in Hot Tea Makers,5.3,16,Recently Not Sell,"10 Pcs Plastic Champagne Flutes, With Golden-Edge Disposable Clear Plastic Champagne Glasses, Plastic Crystal Champagne Glasses, Plastic Wine Glasses, Plastic Toast Flutes For Weddings, Parties And Cocktails"
2054,Data Not Availabe,Link Not Available,#10 Best Sellers,in Epilators,5.11,42,Recently Not Sell,1 PC Mini Portable AAA Battery Powered Epilator For Women Epilator For Women Facial Hair Removal Smooth Glide Epilator For Women Facial Armpit Bikini Line Arm Legs Hair  Epilator For Women Facial Hair Removal With LED Ligh
2055,Data Not Availabe,Link Not Available,#10 Best Sellers,in Epilators,9.4,42,Recently Not Sell,"2pcs Solar Powered Ultrasonic Animal Repellent With Waterproof & Sunscreen Features, Pest Deterrent For Snake, Mole, R"
2056,Data Not Availabe,Link Not Available,#10 Best Sellers,in Epilators,21.0,42,10+ sold recently,"Portable Handheld Turbo Fan, Mini Desktop Fan With Adjustable Speed (1-100), 3600mAh Rechargeable Battery Operated Personal Cooler For Cooling Air, Digital Display, Ideal Gift For Women, Perfect For Home/Office/Hiking/Commute/Camping/Travel, Hanging Rope Incl"
2057,Data Not Availabe,Link Not Available,#10 Best Sellers,in Epilators,1.83,70,70+ sold recently,1pc Retro T9 Electric Hair Clipper Professional Hair Trimmer For Men With Scissor And Shaver Functions And Rechargeable Battery
2058,Data Not Availabe,Link Not Available,#10 Best Sellers,in Epilators,17.4,70,40+ sold recently,"Usb Electric Heated Hand And Wrist Massager With Vibration Heating Pad, Designed For Hand Massage And Heat Therapy, With 3 Heating Levels And Automatic Shut-Off Functio"
2059,Data Not Availabe,Link Not Available,#10 Best Sellers,in Epilators,24.0,70,Recently Not Sell,"1 Piece Of Physical Muscle Stimulator TENS&Amp;EMS; Portable Dual-Channel 12-Mode 16-Intensity TENS Machine, 3 Pairs Of Electrodes Of Different Sizes, Relieve Pain, Massage And Relax Muscles To Promote Local Blood Circulatio"
2060,Data Not Availabe,Link Not Available,#4 Best Sellers,in Major Appliances Parts,6.2,70,Recently Not Sell,"Wireless Presenter, Hyperlink Volume Control Presentation Clicker RF 2.4GHz USB PowerPoint Clicker Presentation Remote Control Pointer Slide Advancer (Black)"
2061,Data Not Availabe,Link Not Available,#4 Best Sellers,in Major Appliances Parts,19.5,70,Recently Not Sell,1pc Capsule Fruit And Vegetable Cleaner Household Food PurifierDisinfection And Sterilization Vegetable Washer Wireless Washer
2062,Data Not Availabe,Link Not Available,#4 Best Sellers,in Major Appliances Parts,7.25,59,Recently Not Sell,1pc Capsule Fruit And Vegetable Cleaner Household Food PurifierDisinfection And Sterilization Vegetable Washer Wireless Washer
2063,Data Not Availabe,Link Not Available,#4 Best Sellers,in Major Appliances Parts,14.06,41,40+ sold recently,"1pc Electric Body Massager, Abdomen, Legs, Waist Massager, Multi-Functional Handheld Body Beauty Instrum"
2064,Data Not Availabe,Link Not Available,#4 Best Sellers,in Major Appliances Parts,10.7,41,Recently Not Sell,"1pc Adjustable Led Illumination Battery-Operated Grinder - Ideal For Pepper Salt Mixer And Spice Grinding - Kitchen Gadget, Combining Plastic And Stainless Steel, With Cd Pattern Button, Easy One-Handed Operation, Clear Front Container For Easy Monitoring, Led Indicator Lights Up When Grinding Activated, Equipped With Ceramic Grinding Core - Batteries Not Incl"
2065,Data Not Availabe,Link Not Available,#4 Best Sellers,in Major Appliances Parts,7.9,4,Recently Not Sell,"1pc Dual-Use Hair Straightening And Curling Iron For Household, Mini Straightening & Curling Tool, Wet & Dry Bangs Clipper"
2066,Data Not Availabe,Link Not Available,#7 Best Sellers,in Portable Washing Machines,9.6,4,Recently Not Sell,1pc Portable Mini Ultrasonic Turbine Washing Machine With Rotary Function For Travel And Dorm Us
2067,Data Not Availabe,Link Not Available,#7 Best Sellers,in Portable Washing Machines,12.0,4,Recently Not Sell,"USB Charging Juicer Cup, Portable 500ML Electric Juicer For Home, Mini Rechargeable Juice Blender For Smoothies And Ice Blended Drinks"
2068,Data Not Availabe,Link Not Available,#7 Best Sellers,in Portable Washing Machines,10.5,40,Recently Not Sell,"Rechargeable Cordless Split Hair Trimmer, Hair Split Ends Trimmer, Remover Damaged Hair, Repair Hair Care Treatment, Portable Rechargeable Split Ends Hair Clipper For Household, Hair Trimming Device, Hair Car"
2069,Data Not Availabe,Link Not Available,#7 Best Sellers,in Portable Washing Machines,43.9,13,10+ sold recently,"1pc Cordless Rechargeable Home Car Vacuum Cleaner, 9000Pa Handheld Vacuum High Power With Multiple Replaceable Suction Heads, High Capacity Battery"
2070,Data Not Availabe,Link Not Available,#7 Best Sellers,in Portable Washing Machines,22.99,57,Recently Not Sell,Portable Rechargeable Handheld Fan W/ Flexible Tripod Clip  3 Speed 360° Til
2071,Data Not Availabe,Link Not Available,#7 Best Sellers,in Portable Washing Machines,12.4,57,Recently Not Sell,"Portable USB Charging Electric Makeup Brush Cleaner, Suitable For All Brush Sizes - Ideal For Daily Use And Travel"
2072,Data Not Availabe,Link Not Available,#7 Best Sellers,in Portable Washing Machines,4.1,2,600+ sold recently,1pc + Rechargeable + 500mah Battery + Portable Hook + Handheld + Mini Fan + 3 Gears
2073,Data Not Availabe,Link Not Available,#7 Best Sellers,in Portable Washing Machines,30.3,4,10+ sold recently,"Home Eye Massager, Bluetooth Eye Massager Vibration Air Pressure Hot Compress Eye Massager Simulated Manual Massage With Light Music Eye Care Instrum"
2074,Data Not Availabe,Link Not Available,#7 Best Sellers,in Portable Washing Machines,23.99,70,Recently Not Sell,"Home Eye Massager, Bluetooth Eye Massager Vibration Air Pressure Hot Compress Eye Massager Simulated Manual Massage With Light Music Eye Care Instrum"
2075,Data Not Availabe,Link Not Available,#7 Best Sellers,in Portable Washing Machines,9.9,8,Recently Not Sell,"1pc Aromatherapy Essential Oil Diffuser Ultrasonic Aroma Humidifier With 7-Color LED Night Light, 150ml Water Capacity, Timer, Simple White Wood Grain Design, Suitable For Home, Bedroom, Spa, Yoga, Office, Etc."
2076,Data Not Availabe,Link Not Available,#7 Best Sellers,in Portable Washing Machines,13.86,40,Recently Not Sell,Dual-Head Fascia Massage Gun USB Charging Handheld Electric Fitness Muscle Relaxation Massage Devic
2077,Data Not Availabe,Link Not Available,#7 Best Sellers,in Portable Washing Machines,4.5,40,30+ sold recently,"Facial Hair Remover, Painless Removal Shaver, USB Rechargeable Eyebrow Face Razor Trimmer For Lips, Body, Arms, Mustaches, Fuzz And Chi"
2078,Data Not Availabe,Link Not Available,#7 Best Sellers,in Portable Washing Machines,8.6,40,Recently Not Sell,"1pc Rechargeable Desktop Cooling Fan With 5-Speed Digital Display, Indoor Circulation Hanging And Vertical Portable Air Conditioner For Bedroom, Office, Kitchen Cooler"
2079,Data Not Availabe,Link Not Available,#7 Best Sellers,in Portable Washing Machines,26.98,36,70+ sold recently,"1pc Rechargeable Desktop Cooling Fan With 5-Speed Digital Display, Indoor Circulation Hanging And Vertical Portable Air Conditioner For Bedroom, Office, Kitchen Cooler"
2080,Data Not Availabe,Link Not Available,#7 Best Sellers,in Portable Washing Machines,16.99,55,Recently Not Sell,"Vacuum Sealer Machine for Food Srorage, Automatic Food Sealer Portable Vacuum Sealer Dry Moist Air Sealing System, with 10 Food Vacuum Sealers Bags, Compact Food Preservation Sealing Machine for Home & Kitchen, Black"
2081,Data Not Availabe,Link Not Available,#7 Best Sellers,in Portable Washing Machines,8.9,55,10+ sold recently,"1pc 4-Inch Desktop Clip-On Fan, Quiet & Powerful Folding Mini Fan For Baby Stroller, Outdoor Activities & Students"
2082,Data Not Availabe,Link Not Available,#7 Best Sellers,in Portable Washing Machines,14.5,55,Recently Not Sell,Car Vacuum Cleaner 9800PA Strong Suction Wireless Portable Vacuum Cleaner Dual Use Mini Handheld Cleaning For Car Home Desktop
2083,Data Not Availabe,Link Not Available,#7 Best Sellers,in Portable Washing Machines,42.34,28,Recently Not Sell,"1pc, Mini Refrigerator, Car Home Refrigerator, 4L Portable Thermoelectric Cooler Semiconductor Refrigerator For Skin Care, Beverage, Food, Cosmetics, Home, Office And Car Use, 110V/12V Dual Purpos"
2084,Data Not Availabe,Link Not Available,#7 Best Sellers,in Portable Washing Machines,14.99,70,Recently Not Sell,"HOMM Electric Salt Grinder Pepper Grinder, Battery Operated Pepper Grinder, Stainless Steel, LED Light, Automatic Salt or Pepper Mill with Adjustable Coarseness, Battery Powered One Handed Pepper Salt Mill, 1 Pack"
2085,Data Not Availabe,Link Not Available,#7 Best Sellers,in Portable Washing Machines,12.0,70,100+ sold recently,"1pc Rechargeable Leg Hair Remover For Women, Womens Electric Razor For Legs,Bikini Trimmer For Women,Facial Hair Removal For Women,Shaver For Wom"
2086,Data Not Availabe,Link Not Available,#7 Best Sellers,in Portable Washing Machines,5.4,70,50+ sold recently,"12pcs/Pack 1cm Diameter Standard Clean Replacement Electric Toothbrush Heads Compatible With Oral B 7000/Pro 1000/9600/5000/3000/8000/Genius/Smart, Etc."
2087,Data Not Availabe,Link Not Available,#7 Best Sellers,in Hair Curling Irons,9.0,70,Recently Not Sell,1pc Spiral Design Hair Curling Iro
2088,Data Not Availabe,Link Not Available,#7 Best Sellers,in Hair Curling Irons,15.2,70,20+ sold recently,3-In-1 Car Vacuum Cleaner With Strong Suction Power Portable Compact Handheld Wireless Vacuum Cleaner Suitable For Dry And Wet Cleaning
2089,Data Not Availabe,Link Not Available,#7 Best Sellers,in Hair Curling Irons,3.05,50,Recently Not Sell,3-In-1 Car Vacuum Cleaner With Strong Suction Power Portable Compact Handheld Wireless Vacuum Cleaner Suitable For Dry And Wet Cleaning
2090,Data Not Availabe,Link Not Available,#2 Best Sellers,in Laser Hair Removal Devices,25.1,50,Recently Not Sell,"One Device For Whole Body Hair Removal, Body Pubic Bikinis Depilator Remover Permanent 5-Level Epilator Painless For Women Hair Removal Home Use Devices"
2091,Data Not Availabe,Link Not Available,#2 Best Sellers,in Laser Hair Removal Devices,2.8,3,Recently Not Sell,1pc ABS Portable Electric Eyebrow Trimmer USB Rechargeable Mini Painless Electric Eyebrow Trimmer Facial Hair Removal Shaver Epilator Pen Kit For Wom
2092,Data Not Availabe,Link Not Available,#2 Best Sellers,in Laser Hair Removal Devices,18.99,59,10+ sold recently,"Makeup Mirror Vanity Mirror With Lights, 1X 3X 5X Magnification, Lighted Makeup Mirror, Touch Control, Makeup Mirror, Portable LED Makeup Mirror, Women Gif"
2093,Data Not Availabe,Link Not Available,#2 Best Sellers,in Laser Hair Removal Devices,6.5,10,200+ sold recently,"1pc Black USB Powered 4-Inch Iron & Aluminum Leaf Portable Mini Fan With Bottom Sound Function, Metal Desk Fan, Air Conditioner, Cooler, Suitable For Students, Outdoor, Home Use As A Small Gift In Summer"
2094,Data Not Availabe,Link Not Available,#2 Best Sellers,in Laser Hair Removal Devices,16.4,9,80+ sold recently,"1pc Black USB Powered 4-Inch Iron & Aluminum Leaf Portable Mini Fan With Bottom Sound Function, Metal Desk Fan, Air Conditioner, Cooler, Suitable For Students, Outdoor, Home Use As A Small Gift In Summer"
2095,Data Not Availabe,Link Not Available,#2 Best Sellers,in Laser Hair Removal Devices,10.08,40,10+ sold recently,"3-In-1 Handheld Mixer Set, Egg Beater 7-Speed Hand Mixer ,Including Multi-Function Stick Blender, Whisk, Chopper And Beaker, Suitable For Food Processing & Baby Food Mixing"
2096,Data Not Availabe,Link Not Available,#2 Best Sellers,in Laser Hair Removal Devices,24.0,40,Recently Not Sell,"1pc Mini USB Cold Air Fan With Mist Humidifier, Portable Desktop Air Conditioner, Dorm Room Mobile Fan, Dorm Room Cooler F"
2097,Data Not Availabe,Link Not Available,#2 Best Sellers,in Laser Hair Removal Devices,91.7,7,10+ sold recently,"1pc MiniQ Portable Capsule Coffee Maker, With Temperature Control, Compact & Fashionable Design, Silent Operation, 20-Second Rapid Heating, Suitable For Home & Office Use, Can Also Brew Tea Or Floral T"
2098,Data Not Availabe,Link Not Available,#2 Best Sellers,in Laser Hair Removal Devices,35.9,40,40+ sold recently,"1pc Portable Hanging Neck Fan,Hotsales Neck Fan, Hands Free Bladeless Neck Fans Portable Rechargeable, 360° Cooling Neck Fan, 4 Speeds, Quiet, 5200 MAh Battery Operated USB Wearable Personal Fan For , Travel, Outdoor,Work, Family, Outdoor Sports"
2099,Data Not Availabe,Link Not Available,#6 Best Sellers,in Portable Refrigerator,189.0,30,Recently Not Sell,"ICEPURE 12 Volt Portable Refrigerator, 38 Quart Car Refrigerator, RV Refrigerator With 12/24V DC 110-240V AC, Temperature Control Range -4℉-68℉, Freezer Fridge Cooler For Car, RV, Outdoor And Home Us"
2100,Data Not Availabe,Link Not Available,#6 Best Sellers,in Portable Refrigerator,43.27,40,10+ sold recently,"Dryer,Portable Clothes Dryer For Apartments Dormitory Business Ts,Portable Clothes Drying Bag, Control Electric Dryer,Small Dryer Dual Speed Mode 8 Stages Timed 480 Minute Drying"
2101,Data Not Availabe,Link Not Available,#6 Best Sellers,in Portable Refrigerator,36.99,38,Recently Not Sell,Portable Car Vacuum Cleaner - Lightweight Handheld Wet Dry Vacuum With Strong S
2102,Data Not Availabe,Link Not Available,#6 Best Sellers,in Portable Refrigerator,27.96,30,Recently Not Sell,"Electric Spin Scrubber, Cordless Cleaning Brush, Shower Cleaning Brush With 6 Replaceable Brush Heads, Power Scrubber 2 Adjustable Speeds & Extension Handle For Bathroom, Tile, Toilet, Floor"
2103,Data Not Availabe,Link Not Available,#6 Best Sellers,in Portable Refrigerator,15.7,30,Recently Not Sell,"1pc Rechargeable Cordless Hair Curler - Effortless, Precise Curling With 6Heat & Timer Settings, Fast Heating, And Auto Shut-Off - Hassle-FreeStyling Experience,Battery Upgrade Versio"
2104,Data Not Availabe,Link Not Available,#6 Best Sellers,in Portable Refrigerator,15.0,4,Recently Not Sell,"Hair Straightener, Dual-Use Hair Straightener Curler, Negative Ion Does Not Hurt Hair, Holiday Gift Mother's Day Gif"
2105,Data Not Availabe,Link Not Available,#5 Best Sellers,in Wax Heaters,12.6,4,Recently Not Sell,"[US Plug] OAKEER Hair Removal Waxing Kit (Wax Pot Only, No Other Products Included)/Hot Waxing Machine Kit (With Wax Warmer, Wax Beans, And Wooden Spatulas), 200ml Capacity, Professional Beauty SPA Hair Removal Tool, Manual Wax Pot, Wax Bean Heater, Hot Wax Machine, Wax Melter, Wax Therapy Machine, Suitable For All Types Of Wax: Hard Wax Beans, Wax Blocks, Canned Wax, Honey Wax, Brazilian Wax, Etc. (White)"
2106,Data Not Availabe,Link Not Available,#5 Best Sellers,in Wax Heaters,150.62,25,Recently Not Sell,"BedsPick 30lbs Capacity Twin Tub Compact Laundry Machine 19Lbs Washer And 11lbs Spin Dryer With Built-In Drain Pump, Small Washing Machine For Apartments, Dorms, RVs"
2107,Data Not Availabe,Link Not Available,#5 Best Sellers,in Wax Heaters,44.19,36,Recently Not Sell,"Immersion Blender Handheld 1000W Powerful Scratch Resistant Hand Blenders For Kitchen, Stick Blender Immersion 12 Speed And Turbo Mode, Low-Noise, Beaker Chopper Whisk Milk Frother"
2108,Data Not Availabe,Link Not Available,#3 Best Sellers,in Portable Washing Machines,59.4,36,Recently Not Sell,"1 Plug 10-Liter Large Capacity Purple Portable Folding Washing Machine,Washing Machine Portable,Washing Machine Special,Washing Machine Kids,Machine Laundry,Washing Machine Mini, Can Be Folded Into The Suitcase, Suitable For Home, Travel, Outdoor, Office And Other Scenarios, With Water Drainage Pipe, Wash Underwear, Socks, Small Clothes, Convenient Storage, Beautiful"
2109,Data Not Availabe,Link Not Available,#3 Best Sellers,in Portable Washing Machines,24.9,10,Recently Not Sell,"At-Home IPL Hair Removal 999000 Flashes IPL Epilator LCD Laser Hair Removal Painless Permanent Photoepilation For Men Women Trimmer Electric Depilador For Facial Legs Arms Whole Body Treatment 1pc 24w Elektrisches Laser-Haarentfernungsgerät Für Den Heimgebrauch, Ipl Beauty Hautverjüngungsmaschine Mit Eiskompresse Home Laser Hair Removal Device With Cooling System Multifunctional Painless Laser Epilator For Woman And Men Whole Body Use Permanent IPL Hair Removal Machine On Facial Legs Armpit Biki"
2110,Data Not Availabe,Link Not Available,#3 Best Sellers,in Portable Washing Machines,43.59,10,Recently Not Sell,"Unbeatablesale J-Jati Cotton Candy Electric Maker, Whi"
2111,Data Not Availabe,Link Not Available,#3 Best Sellers,in Portable Washing Machines,13.3,10,10+ sold recently,"Unbeatablesale J-Jati Cotton Candy Electric Maker, Whi"
2112,Data Not Availabe,Link Not Available,#3 Best Sellers,in Portable Washing Machines,66.99,34,10+ sold recently,"HOMCOM Room Air Cooler With Remote, 15H Timer, Oscillating, LED Display"
2113,Data Not Availabe,Link Not Available,#3 Best Sellers,in Portable Washing Machines,4.55,1,100+ sold recently,1pc Rechargeable Portable Handheld Fan With One Gear Led Light For Outdoor Use With Hanging Rop
2114,Data Not Availabe,Link Not Available,#3 Best Sellers,in Portable Washing Machines,23.9,1,100+ sold recently,"D4 Hair Clippers For Men Professional - Cordless&Corded Barber Clippers For Hair Cutting & Grooming, Rechargeable Beard Trimmer Hair Clippers Professional Cordless For Men, Barber Clippers For Hair Cutting Kit, Wireless LCD Display Hair Trimmers Set, Rechargeable Haircut Machine For Family Pro High-Performance Corded Home Haircut & Grooming Kit For Men – Electric Hair Clipper"
2115,Data Not Availabe,Link Not Available,#3 Best Sellers,in Portable Washing Machines,6.84,10,10+ sold recently,Usb Handheld Mini Rechargeable Portable Fan With Led Screen Display
2116,Data Not Availabe,Link Not Available,#3 Best Sellers,in Portable Washing Machines,11.1,40,10+ sold recently,"Air Purifier, Household Negative Ion Air Purifier, Suitable For Bedrooms, Studies, Cars, Garages, Toilets With Odor And Smok"
2117,Data Not Availabe,Link Not Available,#6 Best Sellers,in Vacuum Cleaners,42.0,24,Recently Not Sell,"Air Purifier, Household Negative Ion Air Purifier, Suitable For Bedrooms, Studies, Cars, Garages, Toilets With Odor And Smok"
2118,Data Not Availabe,Link Not Available,#6 Best Sellers,in Vacuum Cleaners,12.0,24,Recently Not Sell,"USB Rechargeable Juice Extractor Cup, Portable 500ml Electric Juicer, Mini Smoothie Blender For Home, Travel, And Mor"
2119,Data Not Availabe,Link Not Available,#6 Best Sellers,in Vacuum Cleaners,21.99,56,30+ sold recently,"KIPOZI 0.3"" Titanium Pencil Flat Iron Hair Straightener, Black"
2120,Data Not Availabe,Link Not Available,#6 Best Sellers,in Vacuum Cleaners,69.99,30,40+ sold recently,"AMULISS Professional Hair Clippers Trimmer & Electric Foil Shavers Set Beard Trimmer For Men Cordless T-Blade Hair Trimmer Electric Razor, Men's Beard Grooming Ki"
2121,Data Not Availabe,Link Not Available,#6 Best Sellers,in Vacuum Cleaners,79.87,22,Recently Not Sell,"9 In 1 Electric Pressure Cooker,Slow Cook,Rice/Grain Cooker,Steamer,With Non-Stick Coating Inner Pot,Stainless Steel,6 Quar"
2122,Data Not Availabe,Link Not Available,#6 Best Sellers,in Vacuum Cleaners,10.6,19,80+ sold recently,Powerful 304 Stainless Steel Portable Electric Food Chopper & Processor - Plastic 350ml Mini Usb Wireless Handheld Garlic Slicer For Vegetables And M
2123,Data Not Availabe,Link Not Available,#6 Best Sellers,in Vacuum Cleaners,14.76,40,Recently Not Sell,"1pc ABS Vanity Light, Modern Ear & Bow Decor Foldable Makeup Mirror Light For Hom"
2124,Data Not Availabe,Link Not Available,#6 Best Sellers,in Vacuum Cleaners,17.99,40,Recently Not Sell,Unbeatablesale Checkerboard Blue Maltese Compact Mirror- 2.75 X 3 X .3 In.
2125,Data Not Availabe,Link Not Available,#5 Best Sellers,in Garment Steamers,65.99,53,Recently Not Sell,"Professional Steamer For Clothes, Reemix Standing Steamer With Garment Hanger, Heats In 30 Seconds, Large Detachable Water Tank For 1 Hour Continuous Steaming, Includes Fabric Brush, Easy-Roll Wheels"
2126,Data Not Availabe,Link Not Available,#5 Best Sellers,in Garment Steamers,2.6,53,Recently Not Sell,"1pc Cute Plush Sleep Eye Mask - Soft Breathable Eye Cover - Ensures Faster & Better Deep Sleep, With Elastic Band Light-Proof | Perfect Choice For Comfortable Travel"
2127,Data Not Availabe,Link Not Available,#5 Best Sellers,in Garment Steamers,5.9,12,Recently Not Sell,"1pc Bar Pineapple Cocktail Glass,Luxury Embossed Cocktail Glass, Juice Glass, Mixing Glass For Bar, Pub, Club, Restaurant, Home Use, Drinkware(Two Types Of Straws Are Randomly Shipped)"
2128,Data Not Availabe,Link Not Available,#5 Best Sellers,in Garment Steamers,26.1,12,Recently Not Sell,"1pc Bar Pineapple Cocktail Glass,Luxury Embossed Cocktail Glass, Juice Glass, Mixing Glass For Bar, Pub, Club, Restaurant, Home Use, Drinkware(Two Types Of Straws Are Randomly Shipped)"
2129,Data Not Availabe,Link Not Available,#5 Best Sellers,in Garment Steamers,10.01,13,200+ sold recently,"Super Small Curling Iron, Portable Knitted Curler, Cylinder-Shaped Curling Iron For Women, Ceramic Thin Barrel Hair Curler Tailored For Women With Long Hair"
2130,Data Not Availabe,Link Not Available,#5 Best Sellers,in Garment Steamers,28.5,13,30+ sold recently,"Super Small Curling Iron, Portable Knitted Curler, Cylinder-Shaped Curling Iron For Women, Ceramic Thin Barrel Hair Curler Tailored For Women With Long Hair"
2131,Data Not Availabe,Link Not Available,#5 Best Sellers,in Garment Steamers,37.29,28,Recently Not Sell,"Portable Hair Straightener & Curling Iron 2-In-1, Travel Portable Rechargeable Hair Straightener, Quick Heating, Compact Mini Travel Hair Straightener For Fine Straight Hair"
2132,Data Not Availabe,Link Not Available,#5 Best Sellers,in Garment Steamers,4.8,28,500+ sold recently,"Portable Hair Straightener & Curling Iron 2-In-1, Travel Portable Rechargeable Hair Straightener, Quick Heating, Compact Mini Travel Hair Straightener For Fine Straight Hair"
2133,Data Not Availabe,Link Not Available,#5 Best Sellers,in Garment Steamers,12.2,4,50+ sold recently,"1pc Epilator, Epilator For Women, 2 Speed Setting Of Facial Epilator, Smooth Glide Epilator For Women Face Epilator, Facial Hair Removal Epilator Hair Remover For Women Face Legs Bikini Area Arms Legs"
2134,Data Not Availabe,Link Not Available,#5 Best Sellers,in Garment Steamers,17.3,4,Recently Not Sell,Split Hair End Trimmer Cutting USB Charging Hair Split Clipper Portable Rechargeable Cordless Hair Trimmer
2135,Data Not Availabe,Link Not Available,#5 Best Sellers,in Garment Steamers,18.7,4,20+ sold recently,"2000W Hair Dryer, High-Speed Electric Turbine Airflow, Low Noise, Constant Temperature And Quick Drying."
2136,Data Not Availabe,Link Not Available,#5 Best Sellers,in Garment Steamers,17.2,8,100+ sold recently,"Professional Cordless Hair Trimmer, Hair Clipper T-Blade Hair Clipper For Men Electric Grooming Kit Beard Shaver For Barbershop"
2137,Data Not Availabe,Link Not Available,#5 Best Sellers,in Garment Steamers,1.0,8,Recently Not Sell,1pc Square Random Color Omelette Mol
2138,Data Not Availabe,Link Not Available,#5 Best Sellers,in Garment Steamers,6.75,10,40+ sold recently,Usb Rechargeable Hand-Held Mini Portable Fan With Led Display Scr
2139,Data Not Availabe,Link Not Available,#9 Best Sellers,in Major Appliances,99.99,50,Recently Not Sell,"Portable Air Conditioners, Fast Cooling Evaporative Air Cooler, Portable AC For Room, 3 Mode/3 Speed/Timer, 2.6 Gal Swamp Cooler With Remote, Windowless Air Conditioner For Bedroom Garag"
2140,Data Not Availabe,Link Not Available,#9 Best Sellers,in Major Appliances,34.99,30,Recently Not Sell,"Camping Fan,7800mAh Rechargeable Battery Operated Portable Fan With LED Lantern,4 Speeds Powerful Wind And LED Light Solar Fan,For Picnic,Barbecue,Fishing,Travel"
2141,Data Not Availabe,Link Not Available,#9 Best Sellers,in Major Appliances,7.8,30,Recently Not Sell,"Camping Fan,7800mAh Rechargeable Battery Operated Portable Fan With LED Lantern,4 Speeds Powerful Wind And LED Light Solar Fan,For Picnic,Barbecue,Fishing,Travel"
2142,Data Not Availabe,Link Not Available,#9 Best Sellers,in Major Appliances,11.8,30,40+ sold recently,"CRASTS Star-Maker 2-In-1 Big Wavy Styler Volumizing Root Lifter Hair Dryer And Brush With 20000 RPM, 13m/S Wind Speed, 800W, MD-17, Suitable For Home Or Travel"
2143,Data Not Availabe,Link Not Available,#9 Best Sellers,in Major Appliances,35.2,61,50+ sold recently,5 In 1 Multifunctional Hair Dryer Brush Set Curling Wand Blow Dryer Styler For Hom
2144,Data Not Availabe,Link Not Available,#9 Best Sellers,in Major Appliances,44.99,61,Recently Not Sell,"Mason Jar Glass Beverage Dispenser With Jar Mugs And Lids, 5 Pcs S"
2145,Data Not Availabe,Link Not Available,#9 Best Sellers,in Major Appliances,2.96,37,Recently Not Sell,1PC Battery-Operated Electric Shaver Armpit Personal Hair Remover Is Easy To Carry Without Taking Up Space (Without Battery)
2146,Data Not Availabe,Link Not Available,#9 Best Sellers,in Major Appliances,1.66,54,200+ sold recently,5 Rolls Mini Printing Paper 57mm Wide White Continuous Paper Self-Adhesive Transparent Sticker Rolls For Portable HD Photo Printer
2147,Data Not Availabe,Link Not Available,#9 Best Sellers,in Major Appliances,4.8,4,Recently Not Sell,"Rechargeable Hair Clippers For Men, Hair Trimmer T Blade Trimmer Zero Gapped Trimmer, Professional Hair Cutting Machine Beard Shaver Hair Care And Styling Tools"
2148,Data Not Availabe,Link Not Available,#9 Best Sellers,in Major Appliances,22.3,4,10+ sold recently,1 Moving Head Outdoor Camping Multi-Functional Fan Quiet Lighting Digital Display Large Capacity Portable Camping Fan Outdoor Camping Multifunctional F
2149,Data Not Availabe,Link Not Available,#9 Best Sellers,in Major Appliances,5.2,4,10+ sold recently,"New Retro T9 Electric Cordless Barber Professional Men's Hair Trimmer, Razor Color Limit Comb"
2150,Data Not Availabe,Link Not Available,#9 Best Sellers,in Major Appliances,4.1,2,700+ sold recently,"Hair Dryer Diffuser Attachment, Adjustable For Curly Hair And Natural Waves, Fit For Nozzle Diameter 1.35 Inch - 2 Inch, Compatible With 90% Different Designed Hair Dryers In The Market, Black Friday"
2151,Data Not Availabe,Link Not Available,#10 Best Sellers,in Other Coffee Makers,79.99,34,Recently Not Sell,"HOMCOM Espresso Machine with Milk Frother Wand, 15-Bar Pump Coffee Maker with 1.5L Removable Water Tank for Espresso, Latte and Cappuccino"
2152,Data Not Availabe,Link Not Available,#10 Best Sellers,in Other Coffee Makers,5.5,50,Recently Not Sell,"1Set Nail Polisher, Home Portable Manicure And Nail Removal Tool Rechargeable Grinder Pen Electric Nail Grinder Manicure Car"
2153,Data Not Availabe,Link Not Available,#7 Best Sellers,in Major Appliances Parts,4.14,10,Recently Not Sell,"Energy Saving Device, Intelligent Household Power Saver, Air Conditioner & Electricity Meter Control, Power Saving Devic"
2154,Data Not Availabe,Link Not Available,#7 Best Sellers,in Major Appliances Parts,38.2,49,Recently Not Sell,"6 In 1 Hot Air Brush, Blow Dryer Brush, Hair Dryer Brush, Ionic Blow Out Brush Dryer, Styler Volumizer, Air Culer Wand, Hair Straightener Brush, Left & Right Wrap Curling Wand, Hair Styling Tools S"
2155,Data Not Availabe,Link Not Available,#7 Best Sellers,in Major Appliances Parts,22.2,7,Recently Not Sell,"1pc Rechargeable 8000mAh Outdoor Camping Fan Campsite Ceiling Fan, Small Ceiling Fan With Night Light, Outdoor Portable Tent F"
2156,Data Not Availabe,Link Not Available,#8 Best Sellers,in Hair Curling Irons,18.3,7,Recently Not Sell,"1pc Electric Automatic Hair Curler For Large Wavy Curls, 15-second Beep Prompt, One-key Operatio"
2157,Data Not Availabe,Link Not Available,#8 Best Sellers,in Hair Curling Irons,20.9,10,Recently Not Sell,"Cellulite Massager, Body Sculpting Machine, Lymphatic Drainage Massager, Stomach Massager, Vibrating Cellulite Roller,Handheld Beauty Sculpt Massager For Belly Butt Waist Leg Used At Hom"
2158,Data Not Availabe,Link Not Available,#8 Best Sellers,in Hair Curling Irons,56.99,43,Recently Not Sell,"FOHERE Orange Juicer Squeezer, Cast Iron Lemon Squeezer, Commercial Citrus Juicer Hand Press For Orange, Lemon, Pomegranate, Grapefruit, Easy To Clean Citrus Squeezer-Bonus A Stainless Steel Cup"
2159,Data Not Availabe,Link Not Available,#8 Best Sellers,in Hair Curling Irons,155.79,57,10+ sold recently,"VEVOR Automatic Ice Cream Maker With Built-In Compressor, 2 Quart No Pre-Freezing Fruit Yogurt Machine, Stainless Steel Electric Sorbet Maker, 3 Modes Gelato Maker With LCD Display & Timer, Silver"
2160,Data Not Availabe,Link Not Available,#8 Best Sellers,in Hair Curling Irons,167.19,57,Recently Not Sell,VEVOR 110V Mini Dutch Pancake Baker 50PCS 1700W Commercial Electric Nonstick Waffle Maker Machine 1.8 Inches For Home And Restaurants
2161,Data Not Availabe,Link Not Available,#8 Best Sellers,in Hair Curling Irons,89.0,51,Recently Not Sell,"Poweart N7S Cordless Vacuum Cleaner, 6-In-1 Multifunction Vacuum, Quiet Stick Vacuum Cleaners For Home Pet Hair"
2162,Data Not Availabe,Link Not Available,#8 Best Sellers,in Hair Curling Irons,24.69,35,Recently Not Sell,"New Hair Dryer With High Speed Moto - Normal Curly Hair Fast Drying For Home Salon Travel Woman Including Curly Hair Styling Nozzle, Anionic Hair Car"
2163,Data Not Availabe,Link Not Available,#8 Best Sellers,in Hair Curling Irons,12.6,35,Recently Not Sell,"Portable Neck Hanging Fan, Personal Travel Fan, Mini Wearable Neck Fan, Battery Powered Charging Fan, Hands-Free Fan, 3-Speed Wind, Suitable For Summer, Outdoor Activities, Home, Office, Travel"
2164,Data Not Availabe,Link Not Available,#8 Best Sellers,in Hair Curling Irons,21.99,58,Recently Not Sell,Stand Fan Portable Folding Pedestal USB Rechargeable Telescopic Table Desk F
2165,Data Not Availabe,Link Not Available,#8 Best Sellers,in Hair Curling Irons,18.4,4,Recently Not Sell,"Kemei Brand Painless Lady Shaver Electric  Razor For Women 2 In 1  Painless Hair Remove For Face Lip, Leg, Arm, Armpit, Bikini Washable Hair Remove Machine Rechargeable Epilator Strong Power Good Quality"
2166,Data Not Availabe,Link Not Available,#8 Best Sellers,in Hair Curling Irons,149.19,18,Recently Not Sell,"YONGSTYLE Electric Clothes Spin Dryer, Portable Mini Dryer, 110V Compact Spin Dryer Laundry Dryer For Apartment, School, Dorm, RV, Camping"
2167,Data Not Availabe,Link Not Available,#8 Best Sellers,in Hair Curling Irons,65.99,44,20+ sold recently,Foldable Massage Mat Full Body Massager w/ Heat & 10 Vibration Motors
2168,Data Not Availabe,Link Not Available,#8 Best Sellers,in Hair Curling Irons,16.8,44,Recently Not Sell,"A Four-Head Massager For Neck, U-Shaped For Convenient Wearing, Multiple Functions, With Micro-Electricity Function. During Use, There Will Be A Tingling Electronic Sense, Which Can Be Switched If Not Accustomed To."
2169,Data Not Availabe,Link Not Available,#8 Best Sellers,in Hair Curling Irons,17.8,4,Recently Not Sell,Type-C Charging 4000mAh TEC Cooling System 5 Fan Speeds LED Display Foldable 2 Colors Handheld/Desktop Air Cooler Fan Mobile Power Bank Combo Portable Cooling F
2170,Data Not Availabe,Link Not Available,#10 Best Sellers,in Rice Cookers,23.22,10,Recently Not Sell,"Electric Lunch Box Food Warmer Portable Food Heater For Car & Home - Leak Proof, Lunch Heating Microwave For Truckers With Removable Stainless Steel Container 1.5 L, 110V/12V[Upgraded]"
2171,Data Not Availabe,Link Not Available,#10 Best Sellers,in Rice Cookers,11.0,10,30+ sold recently,"Electric Lunch Box Food Warmer Portable Food Heater For Car & Home - Leak Proof, Lunch Heating Microwave For Truckers With Removable Stainless Steel Container 1.5 L, 110V/12V[Upgraded]"
2172,Data Not Availabe,Link Not Available,#10 Best Sellers,in Rice Cookers,3.06,40,Recently Not Sell,"1pc Electric Eyelash Curler, Usb Rechargeable Mini Heated Eyebrow Curler, Digital Display Portable Eyelash Styling Tool, For Women's Eyelashes Us"
2173,Data Not Availabe,Link Not Available,#6 Best Sellers,in Hot Tea Makers,7.0,40,Recently Not Sell,"Kitchen Accessories Thermostatic Seat Warm Cup, Constant Temperature Coaster 55 Degrees Heating, Artifact Thermostat Heating Base Gif"
2174,Data Not Availabe,Link Not Available,#6 Best Sellers,in Hot Tea Makers,12.3,40,30+ sold recently,"Ear Wax Removal, Waterproof Earwax Cleaner With Camera, LED Lights, WiFi Ear Cleaning Kit, Otoscope With Light,Compatible With iPhone ,iPad, Android Smart Pho"
2175,Data Not Availabe,Link Not Available,#6 Best Sellers,in Hot Tea Makers,10.1,40,60+ sold recently,"1pc White USB Desktop Fan, Lightweight And Portable, 2-Speed Wind Adjustment, Adjustable And Rotatable Cooling Fan, Suitable For Home, Office, Dorm"
2176,Data Not Availabe,Link Not Available,#6 Best Sellers,in Hot Tea Makers,18.55,50,Recently Not Sell,"Upgraded Body Massager, Skin Tightening And Tightening Device, EMS Microcurrent Body Slimming And Butt Lifting Radio Frequency Devic"
2177,Data Not Availabe,Link Not Available,#6 Best Sellers,in Hot Tea Makers,57.98,3,Recently Not Sell,"PERSONAL CHILLER 6.2L Mini Fridge Cooler And Warmer With LED Lighted Mirrorr, Portable Mini Fridge For Makeup, Skincare, Snacks, Bedroom Vanity & Mor"
2178,Data Not Availabe,Link Not Available,#6 Best Sellers,in Hot Tea Makers,23.99,40,Recently Not Sell,"Food Scale, 0.1g, Digital Kitchen Scale With Detachable Bowl, Precise Weight Grams And Ounces For Baking, Cooking, Meal Prep, 11lb/5 Units, Large LCD Display, Stainless Steel"
2179,Data Not Availabe,Link Not Available,#6 Best Sellers,in Hot Tea Makers,79.99,66,20+ sold recently,Air Fryer 12QT Convection Oven 10-In-1 Multi Function Touchscr
2180,Data Not Availabe,Link Not Available,#6 Best Sellers,in Hot Tea Makers,31.8,66,60+ sold recently,"Professional Rechargeable Nail Grinding Machine, 35000rpm Electric Nail File Cordless Portable Nail Drill, Suitable For Acrylic Nails, Gel Nails, Pedicure Tools"
2181,Data Not Availabe,Link Not Available,#6 Best Sellers,in Hot Tea Makers,85.16,44,Recently Not Sell,"1400W 5.3Qt Digital Air Fryer, Oil- Cooking"
2182,Data Not Availabe,Link Not Available,#6 Best Sellers,in Hot Tea Makers,13.6,7,100+ sold recently,"1400W 5.3Qt Digital Air Fryer, Oil- Cooking"
2183,Data Not Availabe,Link Not Available,#6 Best Sellers,in Hot Tea Makers,8.7,6,Recently Not Sell,"VGR Travel Portable Electric Shaver Mini Shaver For Men, V-390 Black With Box"
2184,Data Not Availabe,Link Not Available,#6 Best Sellers,in Hot Tea Makers,38.99,6,Recently Not Sell,Dual Electric Chocolate Melting Pot Gift S
2185,Data Not Availabe,Link Not Available,#6 Best Sellers,in Hot Tea Makers,35.3,6,Recently Not Sell,Unbeatablesale 10 In. Deep Fryer - Gray
2186,Data Not Availabe,Link Not Available,#6 Best Sellers,in Hot Tea Makers,86.9,3,Recently Not Sell,Electric Hot Dog - Sausage Grill Cooker Machine - 6 Hot Dog Capacity - Household Hot Dog Machine For Children And Adults
2187,Data Not Availabe,Link Not Available,#6 Best Sellers,in Hot Tea Makers,46.69,3,Recently Not Sell,Unbeatablesale 4 Ft. Fiberglass CB Antenna With 0.38 X 24 In. Threads - Black
2188,Data Not Availabe,Link Not Available,#6 Best Sellers,in Hot Tea Makers,50.4,3,Recently Not Sell,Unbeatablesale STF-060705-002-0000 11 In. The Rock Deep Fry P
2189,Data Not Availabe,Link Not Available,#6 Best Sellers,in Hot Tea Makers,58.39,3,Recently Not Sell,"Travel Rice Cooker,Mini Rice Cooker By C&H"
2190,Data Not Availabe,Link Not Available,#6 Best Sellers,in Hot Tea Makers,246.99,2,Recently Not Sell,"Gdle Electric 22, 3000W Electric Flat Top Grill, Stainless Steel Countertop Electric Gdle Nonstick With 122~572Adjustable Temperature Control For Restaurant Kitch"
2191,Data Not Availabe,Link Not Available,#6 Best Sellers,in Hot Tea Makers,26.38,2,Recently Not Sell,Unbeatablesale Velura Microfiber Scarf Cold - Navy
2192,Data Not Availabe,Link Not Available,#6 Best Sellers,in Hot Tea Makers,37.99,50,Recently Not Sell,"VEVOR IPL Hair Removal, Permanent Hair Removal With Sapphire Ice Cooling System, Painless At-Home Hair Removal Device For Women Men, Auto/Manual Modes, 5 Levels For Body & Fac"
2193,Data Not Availabe,Link Not Available,#6 Best Sellers,in Hot Tea Makers,83.04,3,Recently Not Sell,Rice Cooker 0.5 To 1.5 Pair Small Mini Rice Cooker White YJE-M150 W
2194,Data Not Availabe,Link Not Available,#6 Best Sellers,in Hot Tea Makers,73.32,3,Recently Not Sell,"Cooking Stones For Grilling Smokeless Korean BBQ Grill Indoor Outdoor Grill Removable Natural Cooking Stone Fast Heating, Ideal For Dinner And Family F"
2195,Data Not Availabe,Link Not Available,#6 Best Sellers,in Hot Tea Makers,20.99,59,Recently Not Sell,6 Inch USB Desk Table Fan Portable Ultra-Thin Fan Quiet Mini Fans 4 Speeds Black
2196,Data Not Availabe,Link Not Available,#6 Best Sellers,in Hot Tea Makers,128.99,19,Recently Not Sell,16 Inch Pedestal Standing Fan W/ 3 Speeds & Adjustable Height Home Offic
2197,Data Not Availabe,Link Not Available,#6 Best Sellers,in Hot Tea Makers,36.99,45,Recently Not Sell,VENTtilador De Portatil Para Colgar En El Cuello Ajuste De 3 Velocidades Sin Asp
2198,Data Not Availabe,Link Not Available,#6 Best Sellers,in Hot Tea Makers,35.99,45,Recently Not Sell,5000mAh USB Neck Hanging Fan Leafless Air Cooler Portable Mini Air Conditioner
2199,Data Not Availabe,Link Not Available,#6 Best Sellers,in Hot Tea Makers,29.99,50,Recently Not Sell,Mini Air Conditioner Humidifier Cooler USB Fan Portable Purifier Cooling F
2200,Data Not Availabe,Link Not Available,#6 Best Sellers,in Hot Tea Makers,38.99,43,Recently Not Sell,Portable USB Rechargeable Neckband Lazy Neck Hanging Dual Cooling Mini Fan USA
2201,Data Not Availabe,Link Not Available,#6 Best Sellers,in Hot Tea Makers,29.99,50,Recently Not Sell,Portable Waist Clip Fan USB Rechargeable Neck Hanging Air Conditioner USA
2202,Data Not Availabe,Link Not Available,#6 Best Sellers,in Hot Tea Makers,36.99,45,Recently Not Sell,Portable Waist Clip Fan USB Rechargeable Neck Hanging Air Conditioner USA
2203,Data Not Availabe,Link Not Available,#6 Best Sellers,in Hot Tea Makers,68.99,30,Recently Not Sell,AplusChoice Pedestal Air Circulator Fan 90° Oscillation Height 3-Speed Control
2204,Data Not Availabe,Link Not Available,#6 Best Sellers,in Hot Tea Makers,25.99,54,Recently Not Sell,Portable Air Cooler Fan Mini Air Conditioner USB Cooling Fan Desk LED Light F
2205,Data Not Availabe,Link Not Available,#6 Best Sellers,in Hot Tea Makers,71.86,54,Recently Not Sell,Unbeatablesale 14 X 25 X 2 In. Fiberglass 4 MERV Air Filter - Pack Of 12
2206,Data Not Availabe,Link Not Available,#6 Best Sellers,in Hot Tea Makers,149.99,17,Recently Not Sell,"16"" Standing Pedestal Fan W/ 3 Speed Settings Carrying Handle Aluminum Blades"
2207,Data Not Availabe,Link Not Available,#6 Best Sellers,in Hot Tea Makers,67.89,3,Recently Not Sell,"Small Compact Electric Air Fryer Oil Quick Cook With Time & Temperature Control & Auto Shut Off Feature, Non-Stick Air Fry Basket, 2.6 Quart, 1200W, Black"
2208,Data Not Availabe,Link Not Available,#6 Best Sellers,in Hot Tea Makers,95.05,3,Recently Not Sell,"Oscar Mayer Extra Large 8 Hot Dog & Bun Toaster Oven, Stainless Steel Grill , Non-Stick Warming Racks, Perfect For Dogs, Veggie Sausages, Brats, Adjustable Timer"
2209,Data Not Availabe,Link Not Available,#6 Best Sellers,in Hot Tea Makers,85.54,3,Recently Not Sell,"Newest 4 In 1 Breakfast Maker Station With Grill, Toast Drawer And Frying Basket, Removable Nonstick Plates, Dual Temperature Control, Essential For Breakfast Burgers Eggs, Silver"
2210,Data Not Availabe,Link Not Available,#6 Best Sellers,in Hot Tea Makers,80.11,3,Recently Not Sell,4 C Rice Cooker With Stainless Body
2211,Data Not Availabe,Link Not Available,#6 Best Sellers,in Hot Tea Makers,16.99,64,Recently Not Sell,3 Speeds Portable Clip On Fan USB Mini Cooling Fan Table Fan For Baby Stroller
2212,Data Not Availabe,Link Not Available,#6 Best Sellers,in Hot Tea Makers,134.99,18,Recently Not Sell,3 Speeds Portable Clip On Fan USB Mini Cooling Fan Table Fan For Baby Stroller
2213,Data Not Availabe,Link Not Available,#6 Best Sellers,in Hot Tea Makers,66.75,18,Recently Not Sell,Unbeatablesale Mesa Safe Dehumidifier
2214,Data Not Availabe,Link Not Available,#6 Best Sellers,in Hot Tea Makers,31.75,18,Recently Not Sell,Unbeatablesale 0.37 In. Airline Disconnec
2215,Data Not Availabe,Link Not Available,#6 Best Sellers,in Hot Tea Makers,44.99,40,Recently Not Sell,"8"" Portable Clip On Fan USB 3 Speed Quiet Desk Table Fan Air Cooling Fan Outdoor"
2216,Data Not Availabe,Link Not Available,#6 Best Sellers,in Hot Tea Makers,36.99,45,Recently Not Sell,Mini Aire Acondicionado VENTtilador De Cuello Portátil Colgante USB Refrigeració
2217,Data Not Availabe,Link Not Available,#6 Best Sellers,in Hot Tea Makers,42.99,41,Recently Not Sell,Vintage Desk Fan USB Charging Easy To Clean Portable Vintage Table Fan Metal For
2218,Data Not Availabe,Link Not Available,#6 Best Sellers,in Hot Tea Makers,42.99,41,Recently Not Sell,USB Desk Clip On Fan Rechargeable Mini Portable Cooling Camping Baby Stroller
2219,Data Not Availabe,Link Not Available,#6 Best Sellers,in Hot Tea Makers,32.95,41,Recently Not Sell,"Electric Fondue Maker Deluxe Gift Set W 4 Forks, Removable Serving Tray & Melting/Warming Setting"
2220,Data Not Availabe,Link Not Available,#6 Best Sellers,in Hot Tea Makers,44.63,41,Recently Not Sell,Unbeatablesale Blackbox Pedal Set Gopher Trap
2221,Data Not Availabe,Link Not Available,#6 Best Sellers,in Hot Tea Makers,34.8,41,Recently Not Sell,"Unbeatablesale Handheld Garment Steamer With Stainless Steel Nozzle, Gray"
2222,Data Not Availabe,Link Not Available,#6 Best Sellers,in Hot Tea Makers,44.99,40,Recently Not Sell,Portable Oscillation Personal Desk Fan 4 Speed Foldable LED Light Quiet USB F
2223,Data Not Availabe,Link Not Available,#6 Best Sellers,in Hot Tea Makers,22.99,57,Recently Not Sell,Portable Fan 3000mAh Rechargeable Mini Handheld Stand Fan Air Cooling Power Bank
2224,Data Not Availabe,Link Not Available,#6 Best Sellers,in Hot Tea Makers,35.99,45,Recently Not Sell,Portable Fan 3000mAh Rechargeable Mini Handheld Stand Fan Air Cooling Power Bank
2225,Data Not Availabe,Link Not Available,#6 Best Sellers,in Hot Tea Makers,52.99,36,Recently Not Sell,Technical Pro AdvENTture Series Rechargeable Desk/Wall Fan W LED Work Lamp
2226,Data Not Availabe,Link Not Available,#6 Best Sellers,in Hot Tea Makers,28.99,51,Recently Not Sell,Portable Waist Clip On Fan Hanging Cooling Fan Rechargeable Power Bank Fan NEW
2227,Data Not Availabe,Link Not Available,#6 Best Sellers,in Hot Tea Makers,32.99,48,Recently Not Sell,Funme USB Fan Desktop Rechargeable Fan 3 Speeds With 6700mAh Battery 7 Inch US
2228,Data Not Availabe,Link Not Available,#6 Best Sellers,in Hot Tea Makers,28.99,44,Recently Not Sell,Stalwart Electric Car Blanket- Heated 12V Polar Fleece Travel Throw For Car Truck And RV- Great For Cold Weather Gray Plai
2229,Data Not Availabe,Link Not Available,#6 Best Sellers,in Hot Tea Makers,44.99,40,Recently Not Sell,Folding Stand Fan USB Rechargeable Table Floor Fan Adjustable Home Office Fan US
2230,Data Not Availabe,Link Not Available,#6 Best Sellers,in Hot Tea Makers,23.99,56,Recently Not Sell,Personal Mini USB 6Blade Ceiling Fan Hanging Household Mute Large Wind Power F
2231,Data Not Availabe,Link Not Available,#6 Best Sellers,in Hot Tea Makers,38.99,43,Recently Not Sell,Personal Mini USB 6Blade Ceiling Fan Hanging Household Mute Large Wind Power F
2232,Data Not Availabe,Link Not Available,#6 Best Sellers,in Hot Tea Makers,25.99,54,Recently Not Sell,2Pack  4inch 3.9 Feet Cord Powerful Mini USB Powered Cooling Fan For Office Desk
2233,Data Not Availabe,Link Not Available,#6 Best Sellers,in Hot Tea Makers,28.02,46,Recently Not Sell,Stalwart Electric Car Blanket- Heated 12V Polar Fleece Travel Throw For Car Truck And RV-Great For Cold Weather Orange Plai
2234,Data Not Availabe,Link Not Available,#6 Best Sellers,in Hot Tea Makers,54.99,46,Recently Not Sell,"Ultrasonic Cool Mist Humidifier & Essential Oil Diffuser, Whi"
2235,Data Not Availabe,Link Not Available,#6 Best Sellers,in Hot Tea Makers,53.14,46,Recently Not Sell,Unbeatablesale 6 In. Duct Booster - 240 CFM - Silver
2236,Data Not Availabe,Link Not Available,#6 Best Sellers,in Hot Tea Makers,61.45,46,Recently Not Sell,Unbeatablesale 3 Ft. Underhood CB Antenna Kit - Whi
2237,Data Not Availabe,Link Not Available,#6 Best Sellers,in Hot Tea Makers,42.84,46,Recently Not Sell,Unbeatablesale 96 X 4 In. Dia. Silver & White Aluminum Dryer Vent Ki
2238,Data Not Availabe,Link Not Available,#6 Best Sellers,in Hot Tea Makers,37.99,44,Recently Not Sell,Small RGB USB Fan Cooling Quiet Colorful Lights High Wind Power Rechargeable USA
2239,Data Not Availabe,Link Not Available,#6 Best Sellers,in Hot Tea Makers,24.99,55,Recently Not Sell,Small RGB USB Fan Cooling Quiet Colorful Lights High Wind Power Rechargeable USA
2240,Data Not Availabe,Link Not Available,#6 Best Sellers,in Hot Tea Makers,19.99,60,Recently Not Sell,Portable Desk Fan USB Rechargeable Table Cool Fan Home Office Desktop Fan Qui
2241,Data Not Availabe,Link Not Available,#6 Best Sellers,in Hot Tea Makers,38.99,43,Recently Not Sell,Neckband Portable Air Cooler Fan For Indoor Outdoor AdjustmENTt Dual Cooling USA
2242,Data Not Availabe,Link Not Available,#6 Best Sellers,in Hot Tea Makers,36.99,45,Recently Not Sell,Mini Air Conditioner Cool Cooling USB Mini Cooling Purifier Portable Cooler F
2243,Data Not Availabe,Link Not Available,#6 Best Sellers,in Hot Tea Makers,19.99,60,Recently Not Sell,Portable Desk Fan 3 Speed Adjustable Strong Wind Rechargeable Quiet Small F
2244,Data Not Availabe,Link Not Available,#6 Best Sellers,in Hot Tea Makers,18.99,61,Recently Not Sell,Mini Hand-Held Fan 2 In 1Portable/Desk Fan Cooler Cooling USB Rechargeable F
2245,Data Not Availabe,Link Not Available,#6 Best Sellers,in Hot Tea Makers,38.99,43,Recently Not Sell,Portable Hanging Sport Fan USB Electric Mini Air Cooler Air Conditioner 3 Speeds
2246,Data Not Availabe,Link Not Available,#6 Best Sellers,in Hot Tea Makers,29.99,50,Recently Not Sell,1500mAh USB Neck Hanging Fan Cooling Air Cooler Portable Little Air Conditioner
2247,Data Not Availabe,Link Not Available,#6 Best Sellers,in Hot Tea Makers,63.82,3,Recently Not Sell,"7 Cup Stainless-Steel Thermo Rice Cooker, Stainless Steel And Black Design, Cool Touch Rice Cooker, Simple Operation, Dishwasher Safe."
2248,Data Not Availabe,Link Not Available,#6 Best Sellers,in Hot Tea Makers,149.99,42,Recently Not Sell,"Auertech Swamp Cooler Air Conditioner With Remote, 1800CFM 12H Timer 3 In 1 Portable Evaporative Air Cooler W/ 5.3 Gal Water Tank, 4 Ice Pack, 3 Speed, 3 Model, For Indoor Outdoor Garage Living Room"
2249,Data Not Availabe,Link Not Available,#6 Best Sellers,in Hot Tea Makers,249.99,31,Recently Not Sell,"4.3 Cu.Ft Mini Fridge With Freezer, Single Door Mini Fridge W/7 Settings Temperature Adjustable, Mini Refrigerator For Apartment, Bedroom, Office, Dorm, Grey"
2250,Data Not Availabe,Link Not Available,#6 Best Sellers,in Hot Tea Makers,174.37,28,Recently Not Sell,"Food Dehydrator Machine, 10 Stainless Steel Trays, 1000W Electric Food Dryer With Digital Adjustable Timer & Temperature For Jerky, Herb, Meat, Beef, Fruit, Dog Treats And Vegetables, 10 Stainless Steel Trays, 1000W Electric Food Dryer With Digital Adjustable Timer & Temperature For Jerky, Herb, Meat, Beef, Fruit, Dog Treats And Vegetables"
2251,Data Not Availabe,Link Not Available,#6 Best Sellers,in Hot Tea Makers,216.59,53,Recently Not Sell,"VEVOR Solder Fume Extractor, 150W 165CFM Soldering Smoke Extractor With 3-Stage Filters, 3 Speed Adjustable Smoke Absorber And Purifier For Soldering, Engraving, DIY Welding, Salo"
2252,Data Not Availabe,Link Not Available,#6 Best Sellers,in Hot Tea Makers,18.99,61,Recently Not Sell,USB Portable Fan Desktop Mini Camping Heating Fan Outdoor Travel Shed Greenhous
2253,Data Not Availabe,Link Not Available,#6 Best Sellers,in Hot Tea Makers,25.99,54,Recently Not Sell,USB Portable Fan Desktop Mini Camping Heating Fan Outdoor Travel Shed Greenhous
2254,Data Not Availabe,Link Not Available,#6 Best Sellers,in Hot Tea Makers,76.1,54,Recently Not Sell,Unbeatablesale Pediatric Head Immobilizer - Royal Bl
2255,Data Not Availabe,Link Not Available,#6 Best Sellers,in Hot Tea Makers,48.54,54,Recently Not Sell,Unbeatablesale 465-12QTLF 12 In. Antisiphon Frost-Proof Hydr
2256,Data Not Availabe,Link Not Available,#6 Best Sellers,in Hot Tea Makers,99.99,54,Recently Not Sell,"1.6 Cu Ft Single Door Mini Fridge,18.3"" W Mini Fridge With Freezer,Front Open Door"
2257,Data Not Availabe,Link Not Available,#6 Best Sellers,in Hot Tea Makers,11.84,28,Recently Not Sell,"Salt Or Pepper Grinder Battery Operated, Automatic Salt And Pepper Mill Grinder Shakers With LED Light One Hand, Adjustable Coarseness, Free Brush And Spoon, Stainless Steel 1 PACK"
2258,Data Not Availabe,Link Not Available,#6 Best Sellers,in Hot Tea Makers,78.99,49,Recently Not Sell,"Salt Or Pepper Grinder Battery Operated, Automatic Salt And Pepper Mill Grinder Shakers With LED Light One Hand, Adjustable Coarseness, Free Brush And Spoon, Stainless Steel 1 PACK"
2259,Data Not Availabe,Link Not Available,#6 Best Sellers,in Hot Tea Makers,134.43,3,Recently Not Sell,"Kotobuki 190-803 Earthenware 1.5 Cup Uncooked Resulting In 4 Cup Cooked Rice Cooker, Matte Black"
2260,Data Not Availabe,Link Not Available,#6 Best Sellers,in Hot Tea Makers,37.02,3,Recently Not Sell,Unbeatablesale White Square Capital Crown Ceiling Diffuser 8-7-6 In. Boot & Rotary Damper
2261,Data Not Availabe,Link Not Available,#6 Best Sellers,in Hot Tea Makers,31.79,3,Recently Not Sell,Unbeatablesale White Square Magnetic RetroFit Ki
2262,Data Not Availabe,Link Not Available,#6 Best Sellers,in Hot Tea Makers,68.21,3,Recently Not Sell,"Portable Rice Cooker For Travel,12V 100W 1.3 L Portable Mini Multifunctional Electric NonStick Pot For Outdoor Travel Car Cooking Soup Rice Stews Grains Oatmeal Electric Food Steamer#2"
2263,Data Not Availabe,Link Not Available,#6 Best Sellers,in Hot Tea Makers,117.98,3,Recently Not Sell,Banko Ware Rice Pot Handmade Black Glaze Two Cup Capacity Made In Jap
2264,Data Not Availabe,Link Not Available,#6 Best Sellers,in Hot Tea Makers,119.99,68,Recently Not Sell,"6.5QT Electric Stand Mixer, 3-IN-1 Tilt Head Kitchen Mixer For Most Home Cooks, 660W 10-Speed With Pulse Button, Attachments Include Splash Cover, Bowl, Dough Hook, Beater And Whisk"
2265,Data Not Availabe,Link Not Available,#6 Best Sellers,in Hot Tea Makers,108.63,3,Recently Not Sell,Electric Smokeless Indoor Grill 13.3 * 6.5inch W/Non-Stick Cooking Surface & Adjustable Temperature Knob From Warm To Sear For Customized BBQing
2266,Data Not Availabe,Link Not Available,#6 Best Sellers,in Hot Tea Makers,43.54,3,Recently Not Sell,"ASP-137 Grillet 3Qt. 3-In-1 Cool-Touch Electric Indoor Grill Portable, Dishwasher Safe, 3-Quart, Whi"
2267,Data Not Availabe,Link Not Available,#6 Best Sellers,in Hot Tea Makers,119.99,68,Recently Not Sell,"ASP-137 Grillet 3Qt. 3-In-1 Cool-Touch Electric Indoor Grill Portable, Dishwasher Safe, 3-Quart, Whi"
2269,Data Not Availabe,Link Not Available,#6 Best Sellers,in Hot Tea Makers,18.71,68,Recently Not Sell,"Unbeatablesale 5.5 In. Kelly Forceps, Straigh"
2270,Data Not Availabe,Link Not Available,#6 Best Sellers,in Hot Tea Makers,59.99,50,Recently Not Sell,"VEVOR IPL Hair Removal, Permanent Hair Removal With Ice Cooling System For Women Men, Auto/Manual Modes & 5 Levels, Painless At-Home Hair Removal Device For Legs, Arms, Armpits, Bikini Li"
2271,Data Not Availabe,Link Not Available,#6 Best Sellers,in Hot Tea Makers,274.99,2,Recently Not Sell,"Big Rice Cooker Commerical 60 Cup Cooked, 14QT Big Electrical Rice Cooker For Restaurant, Multi Function Stainless Steel Rice Cooker Large, For 30-60 People, With Soup, Porge Setting"
2273,Data Not Availabe,Link Not Available,#6 Best Sellers,in Hot Tea Makers,81.47,3,Recently Not Sell,GRC970 11-In-1 Digital 20-Cup Rice Cooker - Clear Glass Lid For Easy Viewing - Steam Tray - Delay Timer - Touch Controls - Stainless Steel Exterior - Recipe Book Incl
2274,Data Not Availabe,Link Not Available,#6 Best Sellers,in Hot Tea Makers,37.99,44,Recently Not Sell,Portable Cooler Fan Mini Air Conditioner Bedroom Office Cool USB Cooling F
2275,Data Not Availabe,Link Not Available,#6 Best Sellers,in Hot Tea Makers,19.99,60,Recently Not Sell,Portable Desk Fan USB Rechargeable Quiet 5 Blades Desktop Table Cooling F
2276,Data Not Availabe,Link Not Available,#6 Best Sellers,in Hot Tea Makers,49.14,60,Recently Not Sell,Unbeatablesale 24 X 24 X 4 In. 8 MERV Pleated Air Filter - Case Of 3
2277,Data Not Availabe,Link Not Available,#6 Best Sellers,in Hot Tea Makers,52.88,60,Recently Not Sell,Unbeatablesale Sangerfield Deep Fryer S
2278,Data Not Availabe,Link Not Available,#6 Best Sellers,in Hot Tea Makers,22.99,57,Recently Not Sell,Personal Portable Waist Clip Fan USB Neck Hanging Air Conditioner Power Bank F
2279,Data Not Availabe,Link Not Available,#6 Best Sellers,in Hot Tea Makers,35.99,45,Recently Not Sell,VENTtilador Portatil Recargable USB 3 Velocidades Fan De Banda Para El Cuello NEW
2280,Data Not Availabe,Link Not Available,#6 Best Sellers,in Hot Tea Makers,37.99,44,Recently Not Sell,Quiet Personal Table Fan For Air Fan Circulator Home Office 270° Pivoting H
2281,Data Not Availabe,Link Not Available,#6 Best Sellers,in Hot Tea Makers,27.99,52,Recently Not Sell,Quiet Personal Table Fan For Air Fan Circulator Home Office 270° Pivoting H
2282,Data Not Availabe,Link Not Available,#6 Best Sellers,in Hot Tea Makers,43.99,41,Recently Not Sell,VCK 13'' Towwer Fan For Bedroom 80° Oscillating Floor Fan Quiet Cooling Room F
2283,Data Not Availabe,Link Not Available,#6 Best Sellers,in Hot Tea Makers,28.99,51,Recently Not Sell,VENTtilador Portatil Recargable VENTtiladores USB Fan De Banda Para El Cuello
2284,Data Not Availabe,Link Not Available,#6 Best Sellers,in Hot Tea Makers,45.41,31,Recently Not Sell,Stalwart 2Pack Heated Blanket Portable 12V Electric Travel Blanket Set For Car Truck RV
2285,Data Not Availabe,Link Not Available,#6 Best Sellers,in Hot Tea Makers,45.41,31,Recently Not Sell,Stalwart 2Pack Heated Blanket Portable 12V Electric Travel Blanket Set For Car Truck RV
2288,Data Not Availabe,Link Not Available,#6 Best Sellers,in Hot Tea Makers,19.99,60,Recently Not Sell,Desk Mini Fan USB Rechargable Fan Ultra Quiet Portable Fan 3 Speed Adjustabl
2289,Data Not Availabe,Link Not Available,#6 Best Sellers,in Hot Tea Makers,28.99,51,Recently Not Sell,Desk Mini Fan USB Rechargable Fan Ultra Quiet Portable Fan 3 Speed Adjustabl
2290,Data Not Availabe,Link Not Available,#6 Best Sellers,in Hot Tea Makers,52.99,36,Recently Not Sell,Portable 180° Tilt Personal Desk Fan 4 Speed USB Rechargeable Fan W/Hanging Hook
2291,Data Not Availabe,Link Not Available,#6 Best Sellers,in Hot Tea Makers,46.36,28,Recently Not Sell,VEVOR Mini Fridge For Bedroom 6L Luxury Skin Care Refrigerator Cosmetic Cooler For Office Dorm Car Small Makeup Cooling For Beauty Face Mask Beverage Chill Whi
2292,Data Not Availabe,Link Not Available,#6 Best Sellers,in Hot Tea Makers,51.4,28,Recently Not Sell,VEVOR CO2 Regulator Gauge With 0-60PSI Heavy Duty CO2 Gauge Gas System Draft Beer Regulator With Adjustable Pressure Regulator Check Valve For Draft Beer Homebrew (5 LBS CO2 Tank)
2293,Data Not Availabe,Link Not Available,#6 Best Sellers,in Hot Tea Makers,39.99,15,Recently Not Sell,"Portable Air Conditioners,Personal Evaporative Air Cooler 3in1 Mini Desktop Cooling Fan,900ML Water Tank,3 Cool Mist,3 Wind Speed,7 LED Light,2-8H Timer AC Air Conditioners For Room/Offic"
2294,Data Not Availabe,Link Not Available,#6 Best Sellers,in Hot Tea Makers,65.39,15,Recently Not Sell,Unbeatablesale 18x20x1 In. Fiberglass 4 MERV Air Filter - Pack Of 12 - Whi
2295,Data Not Availabe,Link Not Available,#6 Best Sellers,in Hot Tea Makers,76.6,15,Recently Not Sell,Unbeatablesale Quick Connect Louvered Return - Black - 2 X 2 Ft.
2296,Data Not Availabe,Link Not Available,#6 Best Sellers,in Hot Tea Makers,18.99,61,Recently Not Sell,Unbeatablesale Quick Connect Louvered Return - Black - 2 X 2 Ft.
2297,Data Not Availabe,Link Not Available,#6 Best Sellers,in Hot Tea Makers,35.93,61,Recently Not Sell,Unbeatablesale Microwave Cookware Set Turquois
2298,Data Not Availabe,Link Not Available,#6 Best Sellers,in Hot Tea Makers,22.99,57,Recently Not Sell,Foldable Mini Fan Handheld Stand Fan Air Cooling 3000mAh Rechargeable Power Bank
2299,Data Not Availabe,Link Not Available,#6 Best Sellers,in Hot Tea Makers,35.56,57,Recently Not Sell,Unbeatablesale Electric Can Opener Magnetic Lid Holder&#44; Black
2300,Data Not Availabe,Link Not Available,#6 Best Sellers,in Hot Tea Makers,139.99,22,Recently Not Sell,"CASABREWS Espresso Machine 20 Bar, Professional Coffee Maker Cappuccino Latte Machine With Steam Milk Frother, Espresso Coffee Machine With 49oz Removable Water Tank, Stainless Steel, Gift For Dad Mom"
2301,Data Not Availabe,Link Not Available,#6 Best Sellers,in Hot Tea Makers,309.99,22,Recently Not Sell,"12000BTU Portable Air Conditioner,4-In-1 Air Cooler With Dehumidifier,Fan,Up To 550 Sq.Ft,Whi"
2302,Data Not Availabe,Link Not Available,#6 Best Sellers,in Hot Tea Makers,10.07,28,Recently Not Sell,"SPOVEN Portable Handheld Fan, Mini Foldable Hand Fan With USB Rechargeable Battery, Small Personal Pocket Fan For Girls, Women, Men, Outdoor, Travel"
2303,Data Not Availabe,Link Not Available,#6 Best Sellers,in Hot Tea Makers,10.07,28,Recently Not Sell,"SPOVEN Portable Handheld Fan, Mini Foldable Hand Fan With USB Rechargeable Battery, Small Personal Pocket Fan For Girls, Women, Men, Outdoor, Travel"
2305,Data Not Availabe,Link Not Available,#6 Best Sellers,in Hot Tea Makers,28.99,51,Recently Not Sell,VENTtilador De Abanico De Banda Para Cuello Manos Libres Recargable USB Personal
2306,Data Not Availabe,Link Not Available,#6 Best Sellers,in Hot Tea Makers,163.39,53,Recently Not Sell,"VEVOR Solder Fume Extractor, 100W Soldering Smoke Extractor With 3-Stage Filters, 240 M³/H Strong Suction Smoke Absorber And Purifier For Soldering, Engraving, DIY Welding, Salo"
2307,Data Not Availabe,Link Not Available,#6 Best Sellers,in Hot Tea Makers,45.79,53,Recently Not Sell,Unbeatablesale Square Display Tubes - 12 In. - Clear
2309,Data Not Availabe,Link Not Available,#6 Best Sellers,in Hot Tea Makers,113.99,21,Recently Not Sell,Unbeatablesale Square Display Tubes - 12 In. - Clear
2311,Data Not Availabe,Link Not Available,#6 Best Sellers,in Hot Tea Makers,42.76,21,Recently Not Sell,"Unbeatablesale Low Pressure Regulator, 0.375 In. FPT, For Use With QCC-1 Gas Grill Systems"
2312,Data Not Availabe,Link Not Available,#6 Best Sellers,in Hot Tea Makers,33.41,28,Recently Not Sell,"Manual Lemon Juicer Squeezer With Cup - Orange And Lemon Hand Juicer, Portable Countertop Juice Squeezer, Stainless Steel Large Fruit Juice Press For Commercial And Hom"
2313,Data Not Availabe,Link Not Available,#6 Best Sellers,in Hot Tea Makers,73.68,28,Recently Not Sell,"Suttik® Hair Clippers For Men Professional, 20pcs Hair Grooming Kit, Professional Hair Carving, Electric Shavers Razor, Beard Trimmer, Barber Kit With Case, Hair Trimmer Set For Men, Barber Tool Set, Barbershop Supplies, Hair Cutting, Shaving For M"
2314,Data Not Availabe,Link Not Available,#6 Best Sellers,in Hot Tea Makers,67.89,3,Recently Not Sell,"Bear Rice Cooker 4 C UnCooked, Rice Cooker Small, 6 Cooking Functions, Advanced Fuzzy Logic Micom Technology, 24 Hours Preset Keep Warm, For White/Brown Rice Quinoa Oatmeal Soup Cake, 2L Gr"
2315,Data Not Availabe,Link Not Available,#6 Best Sellers,in Hot Tea Makers,20.99,59,Recently Not Sell,Portable Personal Handheld Fan 3 Speed USB Rechargeable Mini Desk Fan W/Lanyar
2316,Data Not Availabe,Link Not Available,#6 Best Sellers,in Hot Tea Makers,194.74,53,Recently Not Sell,"VEVOR Auto Heat Press Machine, 15 X 15 In Smart T Shirt Press Machine With Auto Release, Heats Up Fast And Evenly, Sublimation Heat Press For T Shirts, Sublimation, Vinyl, Heat Transfers Projects"
2317,Data Not Availabe,Link Not Available,#6 Best Sellers,in Hot Tea Makers,52.99,50,Recently Not Sell,"VEVOR IPL Hair Removal, Permanent Hair Removal For Women And Men, Auto/Manual Modes & 5 Adjustable Levels, Painless At-Home Hair Removal Device For Legs, Armpits, Bikini Line, Whole Body"
2318,Data Not Availabe,Link Not Available,#6 Best Sellers,in Hot Tea Makers,22.99,57,Recently Not Sell,"VEVOR IPL Hair Removal, Permanent Hair Removal For Women And Men, Auto/Manual Modes & 5 Adjustable Levels, Painless At-Home Hair Removal Device For Legs, Armpits, Bikini Line, Whole Body"
2319,Data Not Availabe,Link Not Available,#6 Best Sellers,in Hot Tea Makers,81.47,3,Recently Not Sell,"Indoor Grill Cooker Kebab Grill, Electric Grill, Electric Gdle, Kebob, Kabob, Indoor Smokeless Rotating Skewers BBQ Portable Non-Stick Counter-Top Party Grill"
2320,Data Not Availabe,Link Not Available,#6 Best Sellers,in Hot Tea Makers,64.99,32,Recently Not Sell,"Fantask 35W 28"" Oscillating Towwer Fan 3 Wind Speed Quiet Bladeless Cooling Room"
2322,Data Not Availabe,Link Not Available,#6 Best Sellers,in Hot Tea Makers,81.47,3,Recently Not Sell,"Kotobuki 190- Earthenware Rice Cooker With Matte And Cobalt Blue Spoke, Black"
2323,Data Not Availabe,Link Not Available,#6 Best Sellers,in Hot Tea Makers,130.19,3,Recently Not Sell,"Tower Fan With , Standing Oscillating Fan Cooling Fan For Bedroom Office, Electric Bladeless Fan Quiet Floor Fan With 49 Ft/S Velocity, 8 Speeds, 4 Modes, 12H Timer, Gray"
2324,Data Not Availabe,Link Not Available,#6 Best Sellers,in Hot Tea Makers,19.77,3,Recently Not Sell,Unbeatablesale Letter L Flowers & Butterflies Teal Blue Compact Mirror
2325,Data Not Availabe,Link Not Available,#6 Best Sellers,in Hot Tea Makers,61.1,3,Recently Not Sell,"8 Cup Cooked/4 Cup Uncooked Rice Cooker, Easy Clean Removable Non-Stick Inner Pan And Rice Spatula, Simple Operation With Automatic Keep Warm Function, Safe Cool Touch Exterior, Whi"
2326,Data Not Availabe,Link Not Available,#6 Best Sellers,in Hot Tea Makers,98.99,3,Recently Not Sell,Waffle Maker 2800W Commercial Bubble Waffle Maker Machine Non-Stick Egg Waffle Maker Electric Bubble Waffle Baker For Home Or Commercial Us
2327,Data Not Availabe,Link Not Available,#6 Best Sellers,in Hot Tea Makers,16.99,64,Recently Not Sell,New 4 Inch For Office Desk Superpower Airflow Quite USB Powered Cord Cooling F
2328,Data Not Availabe,Link Not Available,#6 Best Sellers,in Hot Tea Makers,33.24,28,Recently Not Sell,"Professional Hair Clippers, Men's Grooming Shavers, Hair Carving And Styling Tools, Men's Personal Care Set, Body Hair Trimmers, Perfect Gifts For Lovers Father's Day Gif"
2330,Data Not Availabe,Link Not Available,#6 Best Sellers,in Hot Tea Makers,32.31,28,Recently Not Sell,Unbeatablesale A/C Safe Interior Cover For Small Window Air Conditioners
2332,Data Not Availabe,Link Not Available,#6 Best Sellers,in Hot Tea Makers,21.99,58,Recently Not Sell,Unbeatablesale A/C Safe Interior Cover For Small Window Air Conditioners
2334,Data Not Availabe,Link Not Available,#6 Best Sellers,in Hot Tea Makers,141.11,28,Recently Not Sell,"Electric Food Dehydrator Machine, 800W Electric Food Dryer, 10 Stainless Steel Trays, With Digital Adjustable Timer & Temperature For Jerky, Herb, Meat, Beef, Fruit, Dog Treats And Vegetables"
2336,Data Not Availabe,Link Not Available,#6 Best Sellers,in Hot Tea Makers,244.95,28,Recently Not Sell,Smeg Smeg | Hand Blender HBF22 With Accessories
2337,Data Not Availabe,Link Not Available,#6 Best Sellers,in Hot Tea Makers,683.4,28,Recently Not Sell,Smeg Smeg | Espresso Machi
2338,Data Not Availabe,Link Not Available,#6 Best Sellers,in Hot Tea Makers,37.99,44,Recently Not Sell,8.6 Inch Portable Mini Small Cooling Table Fan Desk Personal Desktop Cooler
2339,Data Not Availabe,Link Not Available,#6 Best Sellers,in Hot Tea Makers,263.8,2,Recently Not Sell,"Teppanyaki, Electric Gdle Cooktop Countertop Flat Top Grill Gdles BBQ Plate Grill Thermostatic Control"
2341,Data Not Availabe,Link Not Available,#6 Best Sellers,in Hot Tea Makers,89.62,3,Recently Not Sell,"2-In-1 Multifunctional Electric Grill,Indoor Smokeless Electric Gdle Electric Skillet With Removable Non-Stick Plate+Pot+Lid,1400W Adjustable Temperature Party Gdl"
2342,Data Not Availabe,Link Not Available,#6 Best Sellers,in Hot Tea Makers,638.36,3,Recently Not Sell,Breville Breville | Bambino Plus ThermoJet Espresso Maker With Steam
2343,Data Not Availabe,Link Not Available,#6 Best Sellers,in Hot Tea Makers,70.18,3,Recently Not Sell,"14-Cup Cooked / 3Qt. Select Stainless Pot- Rice Cooker, & Food Steamer, One-Touchhh Operation, Automatic Keep Warm Mode, White ARC-757-1SG"
2344,Data Not Availabe,Link Not Available,#6 Best Sellers,in Hot Tea Makers,22.17,28,Recently Not Sell,"Electric Spin Scrubber, Cordless Electric Cleaning Brush,Electric Cleaning Brush Scrubber For Bathroom Kitchen,With 7 Replaceable Brush Heads, Electric Scrubber For Bathroom And Kitchen(White)"
2345,Data Not Availabe,Link Not Available,#6 Best Sellers,in Hot Tea Makers,28.07,28,Recently Not Sell,Unbeatablesale C123RW30X6 Baseboard Return Air Grille White - 30 X 6 In.
2346,Data Not Availabe,Link Not Available,#6 Best Sellers,in Hot Tea Makers,49.99,17,Recently Not Sell,"Nekteck Foot Massager With Heat, Shiatsu Heated Electric Kneading Foot Massager Machine For Plantar Fasciitis, Built-In Infrared Heat Function And Power Cord (Black)"
2348,Data Not Availabe,Link Not Available,#6 Best Sellers,in Hot Tea Makers,118.99,1,Recently Not Sell,"Fruit Wine Press, 3.17 Gallon/12L Solid Wood Basket With 8 Blocks, 100% Nature Apple Grape Berries Crusher Machine, Heavy Duty Cider Wine Making Press Manual Syrup Maker For Home Kitchen Outdoor"
2349,Data Not Availabe,Link Not Available,#6 Best Sellers,in Hot Tea Makers,38.84,1,Recently Not Sell,"Unbeatablesale 8 X 1 X 0.4 In. Front Caster With Bearing, Black"
2350,Data Not Availabe,Link Not Available,#6 Best Sellers,in Hot Tea Makers,153.16,1,Recently Not Sell,Ninja Ninja | Foodi® SS101 Smoothie Bowl Maker And Nutrient Extractor
2351,Data Not Availabe,Link Not Available,#6 Best Sellers,in Hot Tea Makers,252.69,53,Recently Not Sell,"VEVOR Auto Heat Press Machine Kit Tumbler Press 2-In-1, 15 X 15 In Smart T Shirt Press Machine With Auto Release, Tumbler Press Machine For 11-30 Oz Tumblers, For Sublimation Heat Transfers Projects"
2352,Data Not Availabe,Link Not Available,#6 Best Sellers,in Hot Tea Makers,43.99,41,Recently Not Sell,"Pelonis 16"" 3-Speed Oscillating Pedestal Fan, FS40-19MW, New, Whi"
2353,Data Not Availabe,Link Not Available,#6 Best Sellers,in Hot Tea Makers,94.98,3,Recently Not Sell,"Oscar Mayer Extra Large 8 Hot Dog & Bun Toaster Oven, Stainless Steel Grill , Non-Stick Warming Racks, Perfect For Dogs, Veggie Sausages, Brats, Adjustable Timer, R"
2354,Data Not Availabe,Link Not Available,#6 Best Sellers,in Hot Tea Makers,230.0,23,Recently Not Sell,"Medify Air MA-50 Air Purifier V3.0 With True HEPA H13 Filter | 2,640 Ft² Coverage In 1hr For Smoke, Wildfires, Odors, Pollen, Pets | Quiet 99.9% Removal To 0.1 Microns | White, 1-Pack"
2355,Data Not Availabe,Link Not Available,#6 Best Sellers,in Hot Tea Makers,32.48,23,Recently Not Sell,Unbeatablesale 68004 46 In. Hose &Amp; Regulator
2356,Data Not Availabe,Link Not Available,#6 Best Sellers,in Hot Tea Makers,51.27,23,Recently Not Sell,Unbeatablesale AZ-74-5010-2N 16 X 18 X 2 In. Wheelchair Cushion - Navy
2357,Data Not Availabe,Link Not Available,#6 Best Sellers,in Hot Tea Makers,140.15,3,Recently Not Sell,EB-DLC10 Indoor Electric Grill
2358,Data Not Availabe,Link Not Available,#6 Best Sellers,in Hot Tea Makers,11.45,3,Recently Not Sell,Unbeatablesale 0.12 In. Brass Compression Nut- 2 Piec
2359,Data Not Availabe,Link Not Available,#6 Best Sellers,in Hot Tea Makers,116.78,3,Recently Not Sell,"1500W Gdle,14 Electric Gdles Grill, Flat Top Gdle Countertop Gdle Hot Plate Kitchen Stainless Steel Restaurant Grill With Gdle Accessories1500W Commercial Griddles 15x14"""
2360,Data Not Availabe,Link Not Available,#6 Best Sellers,in Hot Tea Makers,21.99,58,Recently Not Sell,Portable Mini Desk Table Cooling Fan USB Rechargeable Air Circulator Quiet Dorm
2361,Data Not Availabe,Link Not Available,#6 Best Sellers,in Hot Tea Makers,49.6,58,Recently Not Sell,"COS-23AFAKB 2.3 Quart Electric Small Air Fryer With Temperature Control, Timer, Auto Shut-Off, Non-Stick Frying Tray, 1000W Compact Mini Air Fryer 2.3 Quarts, Stainless Steel/BlackStainless Steel / Black 2.3 Quarts Air Fryer"
2362,Data Not Availabe,Link Not Available,#6 Best Sellers,in Hot Tea Makers,38.99,43,Recently Not Sell,"8.6"" 2 SPEED OSCILLATING MULTI-USE FAN STAND UP WALL MOUNT CLIP ON CIRCULATING"
2364,Data Not Availabe,Link Not Available,#6 Best Sellers,in Hot Tea Makers,99.99,43,Recently Not Sell,"8.6"" 2 SPEED OSCILLATING MULTI-USE FAN STAND UP WALL MOUNT CLIP ON CIRCULATING"
2365,Data Not Availabe,Link Not Available,#6 Best Sellers,in Hot Tea Makers,31.99,48,Recently Not Sell,Portable Fan USB Rechargeable Desk Stand Swivel Air Cooling Camping LED Lamp F
2366,Data Not Availabe,Link Not Available,#6 Best Sellers,in Hot Tea Makers,43.48,29,Recently Not Sell,Stalwart 2Pack Heated Blanket USB-Powered Sherpa Throw Blankets Winter Car Accessories
2367,Data Not Availabe,Link Not Available,#6 Best Sellers,in Hot Tea Makers,43.48,29,Recently Not Sell,Stalwart 2Pack Heated Blanket USB-Powered Sherpa Throw Blankets Winter Car Accessories
2368,Data Not Availabe,Link Not Available,#6 Best Sellers,in Hot Tea Makers,44.44,29,Recently Not Sell,Stalwart 2Pack Heated Blanket USB-Powered Sherpa Throw Blankets Winter Car Accessories
2369,Data Not Availabe,Link Not Available,#6 Best Sellers,in Hot Tea Makers,35.76,3,Recently Not Sell,Stalwart Heated Blanket Portable 12V Electric Travel Blanket For Car Truck Or RV
2370,Data Not Availabe,Link Not Available,#6 Best Sellers,in Hot Tea Makers,35.76,3,Recently Not Sell,Stalwart Heated Blanket Portable 12V Electric Travel Blanket For Car Truck Or RV
2374,Data Not Availabe,Link Not Available,#6 Best Sellers,in Hot Tea Makers,43.99,41,Recently Not Sell,"VCK Portable Oscillating Towwer Fan,Desk Table Fan,3 Speeds,Quiet Cooling"
2376,Data Not Availabe,Link Not Available,#6 Best Sellers,in Hot Tea Makers,22.99,57,Recently Not Sell,Portable Mini Fan Handy Rechargeable Fan Pocket Size Air Cooler USB W/Battery
2377,Data Not Availabe,Link Not Available,#6 Best Sellers,in Hot Tea Makers,29.99,50,Recently Not Sell,Portable Mini Fan Handy Rechargeable Fan Pocket Size Air Cooler USB W/Battery
2380,Data Not Availabe,Link Not Available,#6 Best Sellers,in Hot Tea Makers,25.19,28,Recently Not Sell,"Rechargeable Portable Camping Fan With LED Lantern, 4000 MAh Battery Operated Small  Cordless Fans With Hook, 3 Speeds USB Recharge For Travel Tent Fishing"
2381,Data Not Availabe,Link Not Available,#6 Best Sellers,in Hot Tea Makers,15.99,65,Recently Not Sell,Portable Rechargeable Fan Mini Handy Fan Pocket Size Air Cooler USB W/ Battery
2383,Data Not Availabe,Link Not Available,#6 Best Sellers,in Hot Tea Makers,16.99,64,Recently Not Sell,USB Desk Table Fan Personal Small Air Circulator Quiet Mini Portable Fan Purpl
2384,Data Not Availabe,Link Not Available,#6 Best Sellers,in Hot Tea Makers,28.99,51,Recently Not Sell,1000mAh Mini VENTtilador Abanico Personal Portatil Para El Cuello USB Recargabl
2385,Data Not Availabe,Link Not Available,#6 Best Sellers,in Hot Tea Makers,21.99,58,Recently Not Sell,Portable Handheld Fans USB Rechargeable Foldable Personal Fan With Power Bank
2386,Data Not Availabe,Link Not Available,#6 Best Sellers,in Hot Tea Makers,40.99,42,Recently Not Sell,Portable 3 Speed Personal Handheld Fan USB Rechargeable Mini Desk Fan W/Lanyar
2387,Data Not Availabe,Link Not Available,#6 Best Sellers,in Hot Tea Makers,60.32,28,Recently Not Sell,"Mini Washing Machine, 10W 11 Pounds Mini Compact Washer, Portable Washer ,Semi Automatic Laundry Machine, IP54 Waterproof Small Washer For Baby Clothes, Underwear Or Small Items"
2389,Data Not Availabe,Link Not Available,#6 Best Sellers,in Hot Tea Makers,51.41,28,Recently Not Sell,"110LBS Mechanical Dial Scale, Mechanical Food Scales For Kitchen, High Accuracy Mechanical Retail Store Scale, Heavy Duty Industrial Dial Scale For Supermarket, Food Market, Snack Shop"
2391,Data Not Availabe,Link Not Available,#6 Best Sellers,in Hot Tea Makers,23.93,28,Recently Not Sell,"Electric Mason Jar Vacuum Sealer, 3 In 1 Vacuum Sealer For Jars Compatible With Vacuum Bag, Jar Vacuum Sealer For Wide And Regular Mouth Mason Jars, Cordless Vacuum Sealing Machine(Auto Stop Black)"
2392,Data Not Availabe,Link Not Available,#6 Best Sellers,in Hot Tea Makers,48.75,3,Recently Not Sell,Reversible Grill/Gdle Plate For Gdler -4N 5-In-1
2393,Data Not Availabe,Link Not Available,#6 Best Sellers,in Hot Tea Makers,40.31,28,Recently Not Sell,"RISLG, Space Heater, 1500W Fast Electric Heater For Indoor Use With Remote & Bluetooth App Control, PTC Small Heater With Heating And Fan Modes For Bedroom, Office, Kids Room,"
2394,Data Not Availabe,Link Not Available,#6 Best Sellers,in Hot Tea Makers,39.47,28,Recently Not Sell,Unbeatablesale 16 X 20 X 1 In. Fiberglass 4 MERV Air Filter - 12 Per Pack - Pack Of 12
2395,Data Not Availabe,Link Not Available,#6 Best Sellers,in Hot Tea Makers,37.99,44,Recently Not Sell,8.6 Inch Portable Mini Small Cooling Table Fan Desk Desktop Personal Cooler
2396,Data Not Availabe,Link Not Available,#6 Best Sellers,in Hot Tea Makers,37.99,44,Recently Not Sell,8.6 Inch Portable Mini Small Cooling Table Fan Desk Personal Cooler Desktop US
2397,Data Not Availabe,Link Not Available,#6 Best Sellers,in Hot Tea Makers,42.99,41,Recently Not Sell,"8.6"" Clip On Fan Stand Up Wall Mount Fan Oscillating Adjustable Tilt W/2 Speeds"
2398,Data Not Availabe,Link Not Available,#6 Best Sellers,in Hot Tea Makers,42.99,41,Recently Not Sell,"8.6"" 2 Speed Oscillating Quiet Fan Clip On Wall Mount Office Circulating Fan US"
2399,Data Not Availabe,Link Not Available,#6 Best Sellers,in Hot Tea Makers,31.99,48,Recently Not Sell,Portable Ceiling Fan Mini TENTt Fans 5200mAh For RV Camping Outdoor Gazebo Canopy
2400,Data Not Availabe,Link Not Available,#6 Best Sellers,in Hot Tea Makers,20.99,59,Recently Not Sell,Personal Desk Fan USB Small Table Cooling Air Circulator Quiet Dorm Portable US
2402,Data Not Availabe,Link Not Available,#6 Best Sellers,in Hot Tea Makers,385.55,28,Recently Not Sell,"Commercial Ice Maker, 150lbs/24H Stainless Steel Under Counter Ice Machine, Ice Machine With 24 Hour Timer, 33lbs Ice Storage Capacity, Freestanding Ice Makers For School, Home, Bar, RV, Restaurant, Offic"
2403,Data Not Availabe,Link Not Available,#6 Best Sellers,in Hot Tea Makers,91.9,28,Recently Not Sell,"UKLISS 7 In 1 Multi-Functional Hot Air Brush, Ionic Technology Hair Dryer And Styler, Curling Or Straightening Hair"
2404,Data Not Availabe,Link Not Available,#6 Best Sellers,in Hot Tea Makers,29.8,28,Recently Not Sell,"One Piece Portable Blender,Personal Size Blender, Battery Powered USB Blender, With Four Blades, Mini Blender Travel Bottle For Juice, Shakes, And Smoothies,Suitable For Kitchen, Outdoor"
2405,Data Not Availabe,Link Not Available,#6 Best Sellers,in Hot Tea Makers,4.3,28,Recently Not Sell,"Mini SnacksBag Sealer, Rechargeable 2 In 1 Bag Heat Sealer With Cutter For Chip, Plastic Bag Re-Sealer Keep Food Fresh, Small Sealing Machine With A Cutter Blade, Heat Vacuum Sealer, USB Rechargeable Sealer, Food Storage Sealer"
2406,Data Not Availabe,Link Not Available,#6 Best Sellers,in Hot Tea Makers,7.6,28,Recently Not Sell,"Creative Foldable Electronic Scale, Multifunctional Cigarette Case Scale, 0.01g Mini Pocket Jewelry Scale, Portable Small Gold Electronic Scale With Stainless Steel Weighing Pan, Suitable For Weighing Jewelry, Tea, Chinese Medicine And Lipstick Making"
2407,Data Not Availabe,Link Not Available,#6 Best Sellers,in Hot Tea Makers,48.7,28,Recently Not Sell,1pc + USB Charging Cable + 5W + Portable + Head Massager + HD-01 + 6-Zone Airbag Massage + Surrounding Heat Therapy + 4 Massage Modes + 3 Heat Levels + Human Hand Kneading Simulatio
2408,Data Not Availabe,Link Not Available,#6 Best Sellers,in Hot Tea Makers,13.1,28,Recently Not Sell,Moisture And Oil Facial Skin Tester Portable Digital Home Use Skin Analyzer For Face Skin Care For Traveling Home Gift Girls Wom
2409,Data Not Availabe,Link Not Available,#6 Best Sellers,in Hot Tea Makers,4.2,28,Recently Not Sell,"1pc Vacuum Packaging Bag, Embossed Vacuum Sealer Roll Bag, Air Suction Compression Packaging Bag, Thick Embossed Roll Bag, Home Use Food Vacuum Sealing Bag, Not Reusabl"
2410,Data Not Availabe,Link Not Available,#6 Best Sellers,in Hot Tea Makers,19.4,4,Recently Not Sell,"GTS Wireless Electric Hair Clipper With Digital Light Display 2600mAh Oil Head Razor Hair Salon Special Artifact Barber Shop Household Rechargeable Cordless Haircut Carving Hair Trimmer Grooming Kit, Gifts For M"
2411,Data Not Availabe,Link Not Available,#6 Best Sellers,in Hot Tea Makers,6.2,4,Recently Not Sell,"1pc Stainless Steel Citrus Juicer - Effortless Lemon & Orange Juice Extractor, Durable Manual Squeezer With Stylish Design - A Time-Saving Kitchen Essential & Gadg"
2412,Data Not Availabe,Link Not Available,#6 Best Sellers,in Hot Tea Makers,2.7,4,Recently Not Sell,1pc Household Micro-Vibration Eye Massager Importer Electric Eye Massager Massage Pen Eye Care Beauty Devic
2413,Data Not Availabe,Link Not Available,#6 Best Sellers,in Hot Tea Makers,12.1,4,Recently Not Sell,"Set Of 2 Silicone Slow Cooker Liners - High Temperature Resistance, Reusable, Easy To Cl"
2414,Data Not Availabe,Link Not Available,#6 Best Sellers,in Hot Tea Makers,4.9,4,Recently Not Sell,Replacement Toothbrush Heads Ultra Soft Nano Bristles For Sensitive Teeth & Gums Care Compatible With  Sonicare Electric Toothbrush Brush Heads Refills 1100 2100 4100 4300 5100 5300 6100 6500 7000 7300 7500 9000 9300 9500 9700 9750 9900 C1 C2 C3 D12
2415,Data Not Availabe,Link Not Available,#6 Best Sellers,in Hot Tea Makers,21.6,4,Recently Not Sell,"28mm Automatic Hair Curler, Ceramic Big Wavy Curler For Women, Mother's Day Gif"
2416,Data Not Availabe,Link Not Available,#6 Best Sellers,in Hot Tea Makers,41.4,4,Recently Not Sell,"Smart LED UV Protection UV Detection Rechargeable Portable Beauty Makeup Mirror. Three Levels Of Adjustable Daylight Displaydifferent Light Colors, Illuminate Different Beauty Of The Makeup. 0-180° Rotation, Makeup Without Dead Corners, So That The Beauty Appears More Exquisite.  So That The Lights Bright For A Long Time, Travel Anytime And Anywhere To Illuminate The Beauty,Don't Worry About Wearing Makeup When Traveling Outdoors! Beauty Queen Recommended High-Tech Magic Mirror: Love Beauty Mor"
2417,Data Not Availabe,Link Not Available,#6 Best Sellers,in Hot Tea Makers,3.2,6,Recently Not Sell,"1pc Rechargeable Electric Eyebrow Trimmer For Men And Women, Automatic Hair Remover And Beauty Pencil"
2418,Data Not Availabe,Link Not Available,#6 Best Sellers,in Hot Tea Makers,165.2,6,Recently Not Sell,"15L Air Fryer, Large Capacity Intelligent Electric Roasting Oven, Smokeless French Fries Maker 2-In-1 Machine With Visible Windo"
2419,Data Not Availabe,Link Not Available,#6 Best Sellers,in Hot Tea Makers,2.3,6,Recently Not Sell,"3-In-1 Oval Egg Pedicure File - Stainless Steel Callus & Cuticle Remover, Foot Scrubber With Sandpaper, Dead Skin Exfoliator Tool With Cover For Home Use - Pink"
2420,Data Not Availabe,Link Not Available,#6 Best Sellers,in Hot Tea Makers,47.8,6,Recently Not Sell,"FK12 New High-Speed Negative Ion Hair Dryer With High Power, Constant Temperature, Leafless Design, Multi-Level Cold/Hot Air Blowing And Four Color Temperature Control"
2421,Data Not Availabe,Link Not Available,#6 Best Sellers,in Hot Tea Makers,17.1,6,Recently Not Sell,"Mini Portable USB Wireless Hair Straightener Curling Iron - Intelligent Temperature Control, Anti-Scalding, Thermostatic, Auto Power-Off, Wet And Dry Use - Rechargeable Lithium Battery, Large Capacity, Long Lasting Life, Travel And Party Ready,Hair Straightener,Curling Iron,Flat Iron,Rizadora Para El Cabello,Curling Wand,Planchas Del Cabello,Straightener,Plancha De Cabello, Hair Curler,Plancha,Crimp,"
2422,Data Not Availabe,Link Not Available,#6 Best Sellers,in Hot Tea Makers,51.4,28,Recently Not Sell,"SiFENE Juicer Machine, Rapid Juice Extractor Machine, 1000W Powerful Motor, Big 3.2'' Feed Chute For Whole Fruit & Veg Juicing, Easy To Clean, R"
2423,Data Not Availabe,Link Not Available,#6 Best Sellers,in Hot Tea Makers,35.9,28,Recently Not Sell,"1pcs Electric Rechargeable Shiatsu Shoulder & Neck Massager 6D Mimicking Massage Heads Suitable For Home, Office, Traveling, Holiday Gifts"
2424,Data Not Availabe,Link Not Available,#6 Best Sellers,in Hot Tea Makers,125.95,28,Recently Not Sell,52 Inch 5-Blade Plywood Ceiling Fan Light (Excluding Light Bulbs)
2425,Data Not Availabe,Link Not Available,#6 Best Sellers,in Hot Tea Makers,128.51,28,Recently Not Sell,52 Inch 5-Blade Decorative Crystal Chandelier Ceiling Fan With Light (Excluding Light Bulbs)
2426,Data Not Availabe,Link Not Available,#6 Best Sellers,in Hot Tea Makers,15.6,28,Recently Not Sell,"1pc Full Automatic Electric Knife Sharpener - Quick And Efficient Kitchen Gadget For Sharpening Knives, USB Rechargeable, Suitable For All Kinds Of Knives And Scissors, Multiple Sharpening Slots"
2427,Data Not Availabe,Link Not Available,#6 Best Sellers,in Hot Tea Makers,5.1,28,Recently Not Sell,"1pc Portable Multi-Functional Full Body Triangle Acupoint Vibrating Mini Massager, With USB And Battery, Neck & Cervical Vertebra Massager"
2428,Data Not Availabe,Link Not Available,#6 Best Sellers,in Hot Tea Makers,23.5,4,Recently Not Sell,Hair Straightener And Curler 500 Degree High Temp Professional Hair Straighteners 30s Fast Heating Ceramic Flat Iron 2 In 1 Plasma Flat Iron Get Frizz-Free Dual Voltage For Travel Using
2429,Data Not Availabe,Link Not Available,#6 Best Sellers,in Hot Tea Makers,10.3,4,Recently Not Sell,"KEMEI KM-313 Multifunctional Cordless Nose Hair Trimmer Set, Rechargeable 3-In-1 Nose Hair Clippers Kit For M"
2430,Data Not Availabe,Link Not Available,#6 Best Sellers,in Hot Tea Makers,157.65,28,Recently Not Sell,"52 Inch 5-Blade Ceiling Fan Light With Light, Remote Control, Glass Lampshade (Excluding Light Bulbs)"
2431,Data Not Availabe,Link Not Available,#6 Best Sellers,in Hot Tea Makers,128.52,28,Recently Not Sell,"52 Inch Elegant Ceiling Fan Light With Remote Control, Crystal Ceiling Light Fan With 5 Chrome Plated Flippable Wooden Leaves (Excluding Light Bulbs)"
2432,Data Not Availabe,Link Not Available,#6 Best Sellers,in Hot Tea Makers,103.67,28,Recently Not Sell,20 Inch Small Enclosed Ceiling Fan With Lantern Style (Excluding Light Bulbs)
2433,Data Not Availabe,Link Not Available,#6 Best Sellers,in Hot Tea Makers,143.09,28,Recently Not Sell,"52 Inch Crystal Ceiling Fan Light With 5 Reversible Blade Light Kits And Remote Control, Adjustable In 3 Levels (High, Medium, Low) (Without Light Bulbs)"
2434,Data Not Availabe,Link Not Available,#6 Best Sellers,in Hot Tea Makers,131.09,28,Recently Not Sell,"52 Inch Dual Crystal Lampshade Ceiling Fan, 5 Reversible Blades, 3 Wind Speeds"
2435,Data Not Availabe,Link Not Available,#6 Best Sellers,in Hot Tea Makers,2.7,28,Recently Not Sell,"1pc 5 Layers Stainless Steel Kitchen Scissors - Ideal For Chopping Onions, Vegetables, Herbs And Spices - Must-Have Cooking Tool"
2436,Data Not Availabe,Link Not Available,#6 Best Sellers,in Hot Tea Makers,107.08,28,Recently Not Sell,"18.1"" Caged Ceiling Fan With Remote Control,Timer, 3 Speeds Indoor Ceiling Fan For Farmhouse, Bedroom Living Room(No Include Bulbs)"
2437,Data Not Availabe,Link Not Available,#6 Best Sellers,in Hot Tea Makers,143.09,28,Recently Not Sell,"52"" Crystal Ceiling Fan With 5 Reversible Blades Light Kit And Remote Control, 3-Speed (High, Mid,Low) Adjustable For Living Room, Bedroom, Kitch"
2438,Data Not Availabe,Link Not Available,#6 Best Sellers,in Hot Tea Makers,25.7,28,Recently Not Sell,"For  Supersonic Hair Dryer Stand Holder,  Blow Dryer Accessory Organizer, Attachments Counter Storage Rack"
2439,Data Not Availabe,Link Not Available,#6 Best Sellers,in Hot Tea Makers,126.54,28,Recently Not Sell,"52'' ABS Blades Ceiling Fan With Lights And Remote (5 Speeds Adjustable) , DC Motor Modern Ceiling Fan With 3 ABS Fan Blades & 2 Down Rods, Indoor Ceiling Fan With Light For Home Us"
2440,Data Not Availabe,Link Not Available,#6 Best Sellers,in Hot Tea Makers,14.7,28,Recently Not Sell,"Cute Pet Shaped USB Rechargeable Desktop Fan, Dual Purpose For Home Us"
2441,Data Not Availabe,Link Not Available,#6 Best Sellers,in Hot Tea Makers,144.81,28,Recently Not Sell,52 Inch 5-Blade Crystal Glass Lampshade Ceiling Fan Light With Remote Control For 3 Speeds (Excluding Light Bulbs)
2442,Data Not Availabe,Link Not Available,#6 Best Sellers,in Hot Tea Makers,132.79,28,Recently Not Sell,"Low Profile Ceiling Fan With Lights(No Include Bulb),Blade Dark Wood 52-Inch Ceiling F"
2443,Data Not Availabe,Link Not Available,#6 Best Sellers,in Hot Tea Makers,134.51,28,Recently Not Sell,52 Inch 5-Blade Ceiling Fan Light With Remote Control (Excluding Light Bulb)
2444,Data Not Availabe,Link Not Available,#6 Best Sellers,in Hot Tea Makers,47.99,20,Recently Not Sell,"Eye Massager With Heat,Heated Eye Mask With Bluetooth Music, Face Massager, Eye Care Device, Smart Eye Mask For Relax Eye, Reduce Eye Strain, Black Color"
2445,Data Not Availabe,Link Not Available,#6 Best Sellers,in Hot Tea Makers,65.6,20,Recently Not Sell,"Coffee Maker, 3 In 1 Single Serve Coffee Machine, Pod Coffee Maker For K-Pod Capsule Pod, Ground Coffee Brewer, Leaf Tea Maker, 6 To 10 Ounce Cup, Removable 50 Oz Water Reservoir"
2446,Data Not Availabe,Link Not Available,#6 Best Sellers,in Hot Tea Makers,344.73,28,Recently Not Sell,"6000BTU U-Shaped Window Air Conditioner - Cools Up To 250 Sq. Ft., Open Window Flexibility, 6 Modes, Ultra Quiet & Energy Efficient For Bedroom, Room, Offic"
2447,Data Not Availabe,Link Not Available,#6 Best Sellers,in Hot Tea Makers,24.19,28,Recently Not Sell,"1 Massage Gun, Handheld Massager For Body, Back And Neck Pain, Elegant Shape, Perfect Gift For Family, Friends, Partners And Couples"
2448,Data Not Availabe,Link Not Available,#6 Best Sellers,in Hot Tea Makers,1.4,28,Recently Not Sell,1pcViolin Thermometer Guitar Thermometer
2449,Data Not Availabe,Link Not Available,#6 Best Sellers,in Hot Tea Makers,30.24,28,Recently Not Sell,"Handheld Vacuum Cordless, High Power 11000PA Suction Portable Car Vacuum Cleaner Rechargeable, 3 In 1 Mini Air Duster With 2 Filters, Grey"
2450,Data Not Availabe,Link Not Available,#6 Best Sellers,in Hot Tea Makers,23.79,20,Recently Not Sell,"1 Pc Brightup Men's Electric Razor Trimmer With 4 Interchangeable Blade Heads And Storage Bag And IPX7 Waterproof Wet/Dry Shade Bulb Nose Body Hair Face Razor With LED Light, Ideal For Men's Gifts"
2451,Data Not Availabe,Link Not Available,#6 Best Sellers,in Hot Tea Makers,30.24,28,Recently Not Sell,"1 Pc Brightup Men's Electric Razor Trimmer With 4 Interchangeable Blade Heads And Storage Bag And IPX7 Waterproof Wet/Dry Shade Bulb Nose Body Hair Face Razor With LED Light, Ideal For Men's Gifts"
2452,Data Not Availabe,Link Not Available,#6 Best Sellers,in Hot Tea Makers,34.26,28,Recently Not Sell,"Electric Salt And Pepper Grinder Set, Automatic Salt & Pepper Mill Refillable With Rechargeable Base, USB Cables, 2 Adjustable Coarseness Mills, One Hand Operation, LED Ligh"
2453,Data Not Availabe,Link Not Available,#6 Best Sellers,in Hot Tea Makers,5.0,28,Recently Not Sell,"Mini USB Handheld Fan With Ultra-Long Battery Life And Cooling Function, Portable And Quiet, 3-Speed Mo"
2454,Data Not Availabe,Link Not Available,#6 Best Sellers,in Hot Tea Makers,4.1,28,Recently Not Sell,"1Pc,Kitchen Timer: Clockwork Driven Timer, Time Reminder Timer, Used For Short Breaks Or Kitchen Cooking Timing. Can Be Used As A Gift For Friends Or Family, Made Of ABS Material."
2455,Data Not Availabe,Link Not Available,#6 Best Sellers,in Hot Tea Makers,198.57,28,Recently Not Sell,52 Inch 5-Blade White Modern Ceiling Fan Light With Remote Control For 3 Speeds (Excluding Light Bulbs)
2456,Data Not Availabe,Link Not Available,#6 Best Sellers,in Hot Tea Makers,141.37,28,Recently Not Sell,"52 Inch Indoor Modern LED Ceiling Fan With Light And Remote Control, Reversible 6 Blades , Reversible Motor - (Matte Black)"
2457,Data Not Availabe,Link Not Available,#6 Best Sellers,in Hot Tea Makers,8.4,28,Recently Not Sell,"Retro Speaker Mist Fan, Humidifier Fan, Mini Night Light Fan, Desktop USB Rechargeable F"
2458,Data Not Availabe,Link Not Available,#6 Best Sellers,in Hot Tea Makers,149.52,28,Recently Not Sell,52 Inch Farmhouse Glass Shading 5-Blade Reversible Ceiling Fan Light (Excluding Light Bulbs)
2459,Data Not Availabe,Link Not Available,#6 Best Sellers,in Hot Tea Makers,162.79,28,Recently Not Sell,20 Inch 5-Blade Cage Ceiling Fan Light (Excluding Light Bulbs)
2460,Data Not Availabe,Link Not Available,#6 Best Sellers,in Hot Tea Makers,143.09,28,Recently Not Sell,"52 Inch 4-Light Ceiling Fan With 5 Wooden Blades, Dual Color Blades, AC Motor, Remote Control, Reversible Airflow, 3-Speed, Adjustable Height (Excluding Light Bulbs)"
2461,Data Not Availabe,Link Not Available,#6 Best Sellers,in Hot Tea Makers,157.65,28,Recently Not Sell,"52 Inch 5-Leaf Plywood Leaf Ceiling Fan, Double Lampshade Ceiling Fan (Excluding Light Bulbs)"
2462,Data Not Availabe,Link Not Available,#6 Best Sellers,in Hot Tea Makers,96.4,28,Recently Not Sell,"18 Inch 5-Blade Ceiling Fan Light, Cage Style Enclosed Industrial Style Retro Fan Ceiling Light Fan, 3-Speed Adjustable (Excluding Light Bulbs)"
2463,Data Not Availabe,Link Not Available,#6 Best Sellers,in Hot Tea Makers,104.11,28,Recently Not Sell,"20.4-Inch 5 ABS Fan Blade, Cage Style Ceiling Fan Light, With Remote Control, Silent Reversible AC Motor (Excluding Light Bulb)"
2464,Data Not Availabe,Link Not Available,#6 Best Sellers,in Hot Tea Makers,119.95,28,Recently Not Sell,"52 Inch Modern Ceiling Fan With Remote Control, Wooden Ceiling Fan With Light, LED Ceiling Fan With 6 Blades, 3-Speed AC Motor Indoor Ceiling F"
2465,Data Not Availabe,Link Not Available,#6 Best Sellers,in Hot Tea Makers,714.66,28,Recently Not Sell,"VEVOR Commercial Slushy Machine 15Lx2 Tank Margarita Maker, 1000W Stainless Steel Smoothie Frozen Drink Maker For Supermarkets Cafés Restaurants Bars Home Us"
2466,Data Not Availabe,Link Not Available,#6 Best Sellers,in Hot Tea Makers,23.18,28,Recently Not Sell,"1 Massage Gun, Handheld Massager, For The Back Neck And Waist Of The Body, Elegant Shape, Suitable For Family Friends Partners Couples Gifts"
2467,Data Not Availabe,Link Not Available,#6 Best Sellers,in Hot Tea Makers,5.3,28,Recently Not Sell,"Portable Handheld Fan Mini Electric Fan, Silent Small Desk Fan For Dorm, Office, Table, And Travel"
2468,Data Not Availabe,Link Not Available,#6 Best Sellers,in Hot Tea Makers,334.15,28,Recently Not Sell,"Electric Meat Slicer, Meat Cutter Machine 800W Pure Copper Motor, Detachable Stainless Steel Blade, Automatic Electric Slicer, 3mm Adjustable Thickness, Meat Cutter For Commercial Kitchen & Restaur"
2469,Data Not Availabe,Link Not Available,#6 Best Sellers,in Hot Tea Makers,572.53,28,Recently Not Sell,"VEVOR Commercial Slushy Machine 3LX2 Tank Slush Drink Maker, 370W Frozen Drink Machine Slush Frozen Drink Machine With Automatic Clean For Hom"
2470,Data Not Availabe,Link Not Available,#6 Best Sellers,in Hot Tea Makers,13.6,28,Recently Not Sell,Skin Scrubber Facial Scraper Skin Scraper Pore Cleanser Blackhead Remover Facial Deep Cleansing Tool - 4 Modes With 2 Silicone Head Covers
2471,Data Not Availabe,Link Not Available,#6 Best Sellers,in Hot Tea Makers,137.08,28,Recently Not Sell,"18'' Farmhouse Ceiling Fans Light - Caged Ceiling Fan With Remote Control (3-Speeds Adjustable), Wood Rustic Enclosed Reversible Ceiling Fans For Bedroom , Living Room, Kitchen."
2472,Data Not Availabe,Link Not Available,#6 Best Sellers,in Hot Tea Makers,11.4,28,Recently Not Sell,Kemei KM-PG5002 Wholesale Professional Electric Lady Shaver 3 In 1 Women's Care Body Shaver
2473,Data Not Availabe,Link Not Available,#6 Best Sellers,in Hot Tea Makers,127.65,28,Recently Not Sell,"52 Inch Farmhouse Ceiling Fan With Lights And Remote,3-Lights Ceiling Fan With Caged Light Fixture (No Include Bulbs), Ceiling Fan For Patio,Living Room,Ki"
2474,Data Not Availabe,Link Not Available,#6 Best Sellers,in Hot Tea Makers,144.81,28,Recently Not Sell,52 Inch 5-Blade Ceiling Fan With 3 Lights (Excluding Light Bulbs)
2475,Data Not Availabe,Link Not Available,#6 Best Sellers,in Hot Tea Makers,33.7,28,Recently Not Sell,"Percussion Massage Gun For Deep Tissue Muscle Relaxation With 4 Massage Heads, 6 Speeds And High-Frequency Vibration For Home Us"
2476,Data Not Availabe,Link Not Available,#6 Best Sellers,in Hot Tea Makers,16.8,28,Recently Not Sell,"Intelligent Rotating Electric Toothbrush, 3 Modes USB Cable Base Wireless Charging Rechargeable Smart Rotary Rotation Electric Toothbrushes With Timer, Travel Case And 2 Brush Heads, Compatible With Oral B Replacement Toothbrush Brush Heads"
2477,Data Not Availabe,Link Not Available,#6 Best Sellers,in Hot Tea Makers,12.4,28,Recently Not Sell,LED Lighting High-Definition Plus Makeup Mirror For Girls Make-Up Dormitory Home Simple Wind USB Charging Makeup Mirror
2478,Data Not Availabe,Link Not Available,#6 Best Sellers,in Hot Tea Makers,47.99,20,Recently Not Sell,"Eye Massager With Soothing Music And Heat - Rechargeable, Unscented, And Portable Eye Mask For Relaxation After Night Shift, Work, Study, Driving - Ideal Gift For Mom, Dad, Couples, And Family"
2479,Data Not Availabe,Link Not Available,#6 Best Sellers,in Hot Tea Makers,1.8,20,Recently Not Sell,4pcs Bundled Arched Chair Foot Pads Floor Anti-Wear Silent Protective Cover
2480,Data Not Availabe,Link Not Available,#6 Best Sellers,in Hot Tea Makers,86.9,20,Recently Not Sell,"1pc  Rechargeable Wireless Mini Fascia Gun, PPM3151G Deep Muscle Massager With 4 Massage Heads, Full Body Muscle Relaxation, Gift For Sports And Fitness Enthusiasts, Birthday Gift For Boyfriend/Girlfri"
2481,Data Not Availabe,Link Not Available,#6 Best Sellers,in Hot Tea Makers,2.1,20,Recently Not Sell,"1pc Creative 360° Rotating Faucet Extender With Splash-Proof Nozzle, Upgraded Kitchen Water-Saving Faucet Hose Extensio"
2482,Data Not Availabe,Link Not Available,#6 Best Sellers,in Hot Tea Makers,31.7,20,Recently Not Sell,"1pc Rechargeable 1200mAh Kneading Massage Head Massager K-111, Waterproof To Level 7"
2483,Data Not Availabe,Link Not Available,#6 Best Sellers,in Hot Tea Makers,45.9,20,Recently Not Sell,"1pc  Rechargeable Electric Shaver, Wet & Dry Epilator, Ergonomic Design Fits Skin, Whole Body Hair Removal, Suitable For Arms, Legs, Underarms, Bikini Ar"
2484,Data Not Availabe,Link Not Available,#6 Best Sellers,in Hot Tea Makers,128.51,28,Recently Not Sell,Hot Sell Industrial Ceiling Fan Light Kit For Living Room Bedroom Kitchen And Bladeless Caged Ceiling Fan With Lights
2485,Data Not Availabe,Link Not Available,#6 Best Sellers,in Hot Tea Makers,69.55,28,Recently Not Sell,"High Performance Outdoor Indoor Speakers With Powerful Bass, 5 Core Outdoor Speakers Stereo In Wall Speaker Pair 100W Peak Passive Outside Surface Mount Wired Waterproof Patio House Garage Indoor Exterior Audio System Out Door Bocinas Para Cas"
2486,Data Not Availabe,Link Not Available,#6 Best Sellers,in Hot Tea Makers,9.7,28,Recently Not Sell,Boys And Girls Universal LED White Two Kinds Of Lights High-Definition Makeup Mirror Can Adjust The Angle Of Comfort White Simple Style Dormitory And Home Portable Makeup Mirror Can Send Gifts
2487,Data Not Availabe,Link Not Available,#6 Best Sellers,in Hot Tea Makers,137.49,28,Recently Not Sell,"52'' Modern Ceiling Fans With Remote,Wood Ceiling Fan With Lights,LED Ceiling Fan Light With 6 Blade,3 Speed AC Motor Indoor Ceiling Fan For Patio,Living Room,Bedroom--Chrom"
2488,Data Not Availabe,Link Not Available,#6 Best Sellers,in Hot Tea Makers,136.23,28,Recently Not Sell,"20'' Small Size Ceiling Fan With Kit ,5 ABS Blades Antique Brown Decorate Ceiling Fan Light With Remote Control For Bedroom"
2489,Data Not Availabe,Link Not Available,#6 Best Sellers,in Hot Tea Makers,19.7,28,Recently Not Sell,Cooling Ice Compress Fan Handheld Portable Small Desktop Charging Turbine Mini Usb F
2490,Data Not Availabe,Link Not Available,#6 Best Sellers,in Hot Tea Makers,12.9,28,Recently Not Sell,"Robot Mini Bladeless Neck Fan USB Rechargeable Outdoor Portable Wireless Electric Air Cooling Hand Fan For Kids Adults Birthday Gifts (White)[High Quality]: The Neck Fan Is Equipped With A High-Quality Rechargeable Battery, Which Can Last Up To 6 Hours At The Lowest Speed. Powerful Airflow Keeps You Cool All Day. [Cool Trendy Mecha Style Design]: Silicone Lanyard Design, The Fan Can Be Easily Hung Around The Neck. It's A Must-Have For The Beach, Camping, Hiking, Traveling, Picnic, Park, Concert Or Sporting Event. [3-Gear Wind Speed Adjustable]: Just Click The Power Button Repeatedly To Adjust To The Most Comfortable Speed You Want, Allowing You To Enjoy The Coolness Anytime, Anywhere. [Mute Run]: This Mini Electric Fan Adopts A Safe Bladeless Fan Design, Which Can Well Protect Children From Being Damaged By The Fan Blades, And Can Be Used Safely."
2491,Data Not Availabe,Link Not Available,#6 Best Sellers,in Hot Tea Makers,22.8,28,Recently Not Sell,"1pc Manual Ice Crusher, Shaved Ice Machine With 45° Thick Cutting Blade, For Finer Ice, Summer Snow Cone Maker, DIY Ice Cream, Milk Ice Breaker Machine, Household Snow Cone Machi"
2492,Data Not Availabe,Link Not Available,#6 Best Sellers,in Hot Tea Makers,32.5,28,Recently Not Sell,"Cross-Border Fascia Gun With Four Heads, Fully Automatic Deep Muscle Relaxation With Six Gears, Electric High Frequency Vibration Massager For Home Us"
2493,Data Not Availabe,Link Not Available,#6 Best Sellers,in Hot Tea Makers,119.94,28,Recently Not Sell,"52 Inch Crystal Ceiling Fan , Modern Electrical Fan With 5 Wood Reversible Blades, 4 Bulbs Not Included,Noiseless Reversible AC Motor For Bedroom/Living Room/Study/Patio Home Decoration (Chrome)"
2494,Data Not Availabe,Link Not Available,#6 Best Sellers,in Hot Tea Makers,7.2,28,Recently Not Sell,"ABS Training Fitness EMS Stimulator, 8 Modes & 19 Intensity Levels, Suitable For Men & Women's Abdominal Exercise At Home Or Offic"
2495,Data Not Availabe,Link Not Available,#6 Best Sellers,in Hot Tea Makers,17.1,28,Recently Not Sell,"Portable Mini Cordless Hair Straightener With Ceramic Coating For Women, Lightweight And Compact Hair Styling Tool With Type-C USB Charging Port For Travelling And Parties. 2-In-1 Wireless Mini Portable USB Hair Straightener And Curling Iron With Large Capacity Battery For Long Battery Life. A Thoughtful Gift For Women, Perfect For Traveling, Adjustable Temperature Rechargeable Hair Styling Tool, Ideal For Mother's Day Gift. Ionizing Wireless Travel Hair Styling Tool Equipped With Smart Anti-Scald Technology For Effortless Styling Anytime, Anywhere. Home Hair Beauty Tool With Adjustable Temperature. Suitable For Dry Hair And Best For Hair Straightening, Curling, And Crimping."
2496,Data Not Availabe,Link Not Available,#6 Best Sellers,in Hot Tea Makers,2.3,28,Recently Not Sell,"1pc Triangle Finch Massager, Fragrant Wood Multi-Function Point Rod, Mahogany Three-Pronged Foot Point Pressing Solid Wood Foot Massage Co"
2497,Data Not Availabe,Link Not Available,#6 Best Sellers,in Hot Tea Makers,17.6,28,Recently Not Sell,"Summer Automatic Split Hair Clipper, Type C Rechargeable Hair Trimmer, Automatic Split End Hair Trimmer, Professional Hair Care Gift, Father's Day Gift, Automatic Electric Hair Clipper, Type C Rechargeable Hair Split End Trimmer For Home Salon, Wireless Edge Control Trimmer"
2498,Data Not Availabe,Link Not Available,#6 Best Sellers,in Hot Tea Makers,18.3,28,Recently Not Sell,"Portable Rechargeable Electric Nail Grinder Set, Cordless Manicure Grinding Machine, Nail Polish Stripper, Nail Trimming, Nail Art Tool"
2499,Data Not Availabe,Link Not Available,#6 Best Sellers,in Hot Tea Makers,20.9,28,Recently Not Sell,Facial Massage & Cleansing Devic
2500,Data Not Availabe,Link Not Available,#6 Best Sellers,in Hot Tea Makers,3.1,28,Recently Not Sell,1pc Mini Wave Electric USB & Battery Operated Triangle Vibrating Massager
2501,Data Not Availabe,Link Not Available,#6 Best Sellers,in Hot Tea Makers,7.1,28,Recently Not Sell,"1pc Rechargeable Electric Foot Grinder - Dual-Thickness Grinding Heads For Thick Leather Polishing, USB Charging, Lithium Battery Powered, Portable And Easy To Us"
2502,Data Not Availabe,Link Not Available,#6 Best Sellers,in Hot Tea Makers,54.3,28,Recently Not Sell,"Cordless UV LED Nail Lamp, 60W 8000mah Rechargeable UV Light For Nails LED Nail Dryer With USB Port For Charging Phone And Nail Drill, Professional Nail Lamp For Gel Nail Polish"
2503,Data Not Availabe,Link Not Available,#6 Best Sellers,in Hot Tea Makers,17.4,28,Recently Not Sell,"SilkySoft Massage Hair Comb - Advanced Electric Massage With Vibration, Anti-Stripping, Hair & Skin Care - Soft Silicone, Red/Blue Color Options, Gentle Light Care Head For Healthy Hair And Glowing Ski"
2504,Data Not Availabe,Link Not Available,#6 Best Sellers,in Hot Tea Makers,9.6,28,Recently Not Sell,"1pc Rechargeable Mini Hair Straightener,3-Speed Adjustment Temperature USB Rechargeable Hot Comb For Women All Hair Types,Cordless Hair Straightener Brush,Portable Straightening Brush With Negative Ion,Hot Comb Hair Straightener Hot Tools,Lightweight & Mini For Travel"
2505,Data Not Availabe,Link Not Available,#6 Best Sellers,in Hot Tea Makers,25.3,28,Recently Not Sell,"Hair Dryer Holder For  Supersonic, Aluminum Alloy Bracket Power Plug Holder, Bathroom Organizer For  Supersonic Hairdryer Care Tools"
2506,Data Not Availabe,Link Not Available,#6 Best Sellers,in Hot Tea Makers,131.09,28,Recently Not Sell,Dual Crystal Lamp Shade Crystal Ceiling Fan With Lights Fandelier Chandelier Reversible Blades 3 Wind Speeds Remote Control For Bedroom Living Dining Room Chrome 52 Inch
2507,Data Not Availabe,Link Not Available,#6 Best Sellers,in Hot Tea Makers,122.51,28,Recently Not Sell,"20''Industrial 5-Blade Ceiling Fan With Remote Control ,5 ABS Blades Small Size Ceiling F"
2508,Data Not Availabe,Link Not Available,#6 Best Sellers,in Hot Tea Makers,26.21,28,Recently Not Sell,"1 Massage Gun, Portable Handheld Massager, For The Back Of The Body Neck And Waist, Elegant Shape, Suitable For Family Friends Partners Couples Gifts"
2509,Data Not Availabe,Link Not Available,#6 Best Sellers,in Hot Tea Makers,13.5,28,Recently Not Sell,"Intelligent  Electric Toothbrush, USB Rechargeable  Care Smart Toothbrushes With Timer, Travel Case And 2 Brush Heads, Compatible With  Sonicare Replacement Toothbrush Brush Heads"
2510,Data Not Availabe,Link Not Available,#6 Best Sellers,in Hot Tea Makers,42.84,28,Recently Not Sell,"High Power Mite Remover, Household Bed Mite Remover, Wireless Bed Sheet Vacuum Cleaner, Handheld Mite Remover"
2511,Data Not Availabe,Link Not Available,#6 Best Sellers,in Hot Tea Makers,10.2,28,Recently Not Sell,Three In One Multifunctional Electric Hair Clipper Reciprocating Shaver Nose Hair Trimmer S
2512,Data Not Availabe,Link Not Available,#6 Best Sellers,in Hot Tea Makers,6.5,28,Recently Not Sell,"1pc Rechargeable Electric Pedicure Foot Callus Remover - Vacuum, Dual Grinding Heads, USB Charged, Efficient Thick & Fine Skin Removal"
2513,Data Not Availabe,Link Not Available,#6 Best Sellers,in Hot Tea Makers,14.0,28,Recently Not Sell,"Desktop Double Spray Mist Water Cooling Fan With USB Charging, Long Lasting Battery Life For Home And Offic"
2514,Data Not Availabe,Link Not Available,#6 Best Sellers,in Hot Tea Makers,8.0,28,Recently Not Sell,1pc USB Rechargeable Mini Neck Fan With Strong Wind And Low Noise For Outdoor Slouchy Halter Fan Portabl
2515,Data Not Availabe,Link Not Available,#6 Best Sellers,in Hot Tea Makers,138.19,28,Recently Not Sell,"52 Inch Farmhouse Ceiling Fan Light, 5-Piece Dual Faced Blade Industrial Ceiling Fan With Adjustable Zipper Switch (Excluding Remote Control And Light Bulb)"
2516,Data Not Availabe,Link Not Available,#6 Best Sellers,in Hot Tea Makers,133.65,28,Recently Not Sell,"52 Inch 5-Blade Industrial Cage Ceiling Fan Light, Indoor And Outdoor Ceiling Fan With Remote Control, Reversible AC Motor (Excluding Light Bulb)"
2517,Data Not Availabe,Link Not Available,#6 Best Sellers,in Hot Tea Makers,17.1,28,Recently Not Sell,"Portable Mini Cordless Hair Straightener With Ceramic Coating For Women, Lightweight And Compact, Type-C Charging Port, USB Rechargeable, 2-In-1 Wireless Mini Portable Hair Straightener & Curler With Large Capacity Lithium Battery, Long Battery Life, Perfect For Party And Travel. Quick Charging USB Rechargeable Flat Iron And Curling Iron, With Smart Anti-Scald Technology, Adjustable Temperature Settings, Ideal For Home And Travel Use. Perfect Gift For Women, Mother's Day, Or Any Special Occassion That Requires A Travel Hair Styling Tool. Professional Hair Care Tool With Negative Ion Technology."
2518,Data Not Availabe,Link Not Available,#6 Best Sellers,in Hot Tea Makers,170.42,28,Recently Not Sell,"18.1-Inch Cage Style Ceiling Fan Light With Remote Control, Timer, 3-Speed Indoor Ceiling Fan, Suitable For Farmhouses, Bedrooms, And Living Rooms (Excluding Light Bulbs)"
2519,Data Not Availabe,Link Not Available,#6 Best Sellers,in Hot Tea Makers,162.78,28,Recently Not Sell,"52 Inch Antique Copper Metal 3-Light Crystal Ceiling Fan Light With 5 Wooden Leaves, Dual Color Fan Leaves, AC Motor, Remote Control, Reversible Airflow, 3-Speed, Adjustable Height (Without Light Bulb)"
2520,Data Not Availabe,Link Not Available,#6 Best Sellers,in Hot Tea Makers,19.6,28,Recently Not Sell,"7.4V Portable USB Charging Mini Blender And Juicer - 3 Modes, Digital Display, 12 Blades, Easy To Clean, Perfect For Travel And On-The-Go Fresh Juice Extractio"
2521,Data Not Availabe,Link Not Available,#6 Best Sellers,in Hot Tea Makers,179.92,28,Recently Not Sell,"52-In Farmhouse Glass Shade 5-Blade Reversible Ceiling Fan With Light Kit And Remote - 52 Inches For Bedroom ,Living Room--Chrom"
2522,Data Not Availabe,Link Not Available,#6 Best Sellers,in Hot Tea Makers,134.52,28,Recently Not Sell,"52 Inch Crystal Chandelier Fan With Lights And Remote Control, Modern Ceiling Fan With Dual Finish Reversible Blades, Fandelier For Living Room, Dining Room, Bedroom, Family Room, Matte Black"
2523,Data Not Availabe,Link Not Available,#6 Best Sellers,in Hot Tea Makers,110.87,28,Recently Not Sell,"BackID 1.3 Cu.Ft Beverage Refrigerator Cooler, 60 Can Mini Fridge With Glass Door, Digital Temperature Display For Soda, Beer Or Wine For Office Or Bar With Adjustable Removable Shelves"
2524,Data Not Availabe,Link Not Available,#6 Best Sellers,in Hot Tea Makers,12.2,28,Recently Not Sell,"""Ergonomic Design"" Easy-Press Electric Pepper & Salt Grinder Set With Led Light - Adjustable Coarseness, Battery Operated (Aaa), One-Handed Operatio"
2525,Data Not Availabe,Link Not Available,#6 Best Sellers,in Hot Tea Makers,128.51,28,Recently Not Sell,"52"" Elegant Ceiling Fan Light With Remote, Crystal Chandelier Fan 5 Chrome Reversible Wood Blades For Dinning Room Bedroom Living Room"
2526,Data Not Availabe,Link Not Available,#6 Best Sellers,in Hot Tea Makers,134.51,28,Recently Not Sell,"52"" 3-Light Chrome Ceiling Fan + Remote, Traditional Farmhouse Rustic Industrial Bohemian Country Cottage Transitional Glam For Home, Kitchen, Living Room"
2527,Data Not Availabe,Link Not Available,#6 Best Sellers,in Hot Tea Makers,26.7,28,Recently Not Sell,Car Wireless Dual-Use Car Home Handheld Vacuum Cleaner
2528,Data Not Availabe,Link Not Available,#6 Best Sellers,in Hot Tea Makers,15.0,28,Recently Not Sell,"Desktop USB Charging Fan, Quiet Portable Table Fan With Large Wind, Long Battery Life For Home, Dormitory With Oscillation Functio"
2529,Data Not Availabe,Link Not Available,#6 Best Sellers,in Hot Tea Makers,489.88,28,Recently Not Sell,"Single Wall Oven, 24"" Built-In Electric Ovens With 8 Functions, 70L Smart Oven With With LED Display, Air Fryer Combo Convection Oven, Convection Wall Oven, 3000W, 240V, Touch Control"
2530,Data Not Availabe,Link Not Available,#6 Best Sellers,in Hot Tea Makers,1.95,50,Recently Not Sell,"Electric Nose And Ear Hair Trimmer, Eyebrow Shaver For Men And Women, Stainless Steel Blades, Silent Motor, Nose Cleaner, Father's Day Gif"
2531,Data Not Availabe,Link Not Available,#6 Best Sellers,in Hot Tea Makers,34.3,4,Recently Not Sell,"Lighted Makeup Mirror 5X Magnifying Swivel Vanity Mirror With 72 Bright Medical LED Lights 3 Color Modes, 8 Inch Round Tabletop Standing Polished Chrome Finished Cosmetic Mirror Rechargeabl"
2532,Data Not Availabe,Link Not Available,#6 Best Sellers,in Hot Tea Makers,19.6,4,Recently Not Sell,"GTS Hair Clippers For Men Professional - Cordless Barber Clippers For Hair Cutting & Grooming, Rechargeable Professional Digital Tube Electric Hair Trimmer For Household Hair Salons"
2533,Data Not Availabe,Link Not Available,#6 Best Sellers,in Hot Tea Makers,12.5,4,Recently Not Sell,"1Pc,Electric Rechargeable Foil Shaver,Shaving Reciprocating Double Mesh Shaver, Digital Power Display Razor,Can Shave, Shave H"
2534,Data Not Availabe,Link Not Available,#6 Best Sellers,in Hot Tea Makers,11.4,4,Recently Not Sell,"New Arrival 4 In 1 Waterproof Electric Shaver With Floating Head, USB Charging, Portable And Multifunctional, 1pc"
2535,Data Not Availabe,Link Not Available,#6 Best Sellers,in Hot Tea Makers,10.0,4,Recently Not Sell,"Professional Hair Straightener, Temperature Adjustment, Flat Iron Curling Iron Hair Curler, Gifts For Women, Mother's Day Gif"
2536,Data Not Availabe,Link Not Available,#6 Best Sellers,in Hot Tea Makers,132.8,28,Recently Not Sell,"Thin Ceiling Fan With Lights (Excluding Light Bulbs), With Dark Wooden 52 Inch Blades (Optional Remote Control And 2 Colors Of Optional Blades)"
2537,Data Not Availabe,Link Not Available,#6 Best Sellers,in Hot Tea Makers,725.75,28,Recently Not Sell,"VEVOR Commercial Electric Meat Bandsaw 2200W Stainless Steel Countertop Bone Sawing Machine Workbeach 18.5"" X 20.9"" 0-7.1 Inch Cutting Thickness Frozen Meat Cutter With 6 Blades For Rib Pork Beef"
2538,Data Not Availabe,Link Not Available,#6 Best Sellers,in Hot Tea Makers,13.4,4,Recently Not Sell,"New Portable Rechargeable Electric Shaver With 6 Floating Blades With Waterproof Stainless Steel Blades, 1pc"
2539,Data Not Availabe,Link Not Available,#6 Best Sellers,in Hot Tea Makers,15.4,4,Recently Not Sell,"KEMEI Professional Rechargeable Hair Clippers Km-1512 Hair Trimmer Machine Men Oil Head Carving Haircut,Valentine Day Gifts"
2540,Data Not Availabe,Link Not Available,#6 Best Sellers,in Hot Tea Makers,22.18,28,Recently Not Sell,"1.5 In Thermal Brush, 10 Temps LCD Display Up To 410°F Curling Brush Curling Iron Heated Curling Brush, Double PTC Ceramic Tourmaline Ionic Volumizing Brush, 110-240V Travel Whether You're Looking"
2541,Data Not Availabe,Link Not Available,#6 Best Sellers,in Hot Tea Makers,23.18,28,Recently Not Sell,"1.5 In Thermal Brush, 10 Temps LCD Display Up To 410°F Curling Brush Curling Iron Heated Curling Brush, Double PTC Ceramic Tourmaline Ionic Curling Comb Volumizing Brush, 110-240V Travel Curling Iro"
2542,Data Not Availabe,Link Not Available,#6 Best Sellers,in Hot Tea Makers,172.3,3,Recently Not Sell,"Latte Coffee Makers Espresso Machine 20 Bar, 3 IN 1 Professional Espresso Maker With Barista Coffee Grinder/Milk Frother,For Home Brewing"
2543,Data Not Availabe,Link Not Available,#6 Best Sellers,in Hot Tea Makers,22.7,4,Recently Not Sell,KEMEI Electric Hair Clippers Trimmer Km-1831 Gold 2000Mah Lithium Battery Professional Hair Clippers With Adjustable Cutter H
2544,Data Not Availabe,Link Not Available,#6 Best Sellers,in Hot Tea Makers,17.0,4,Recently Not Sell,Desktop Small Fan Rechargeable Ultra-Quiet High Wind Power Desktop Circulation Fan Summer Office Student Dormitory Dormitory Super Long Battery Lif
2545,Data Not Availabe,Link Not Available,#6 Best Sellers,in Hot Tea Makers,65.54,28,Recently Not Sell,"EVELYN Smart Shot Intelligent High Speed Negative Ionic Hair Dryer With Diffuser - Hot/Cool Blast And Ionic Frizz Control, Fast Drying Blow Dryer With 110000 RPM Motor - 4 Temps & 2 Speeds, Pink…"
2546,Data Not Availabe,Link Not Available,#6 Best Sellers,in Hot Tea Makers,25.7,28,Recently Not Sell,"Massage Belt, A Set Of 15 Minute Massage Belts With 6 Modes And 18 Intensity Levels, Suitable For Abdomen, Back, Arms, Legs, Blue, Suitable For Adults To Use As Holiday Gifts"
2547,Data Not Availabe,Link Not Available,#6 Best Sellers,in Hot Tea Makers,29.98,28,Recently Not Sell,Electric Salt And Pepper Grinder Set Rechargeable - Stainless Steel Automatic Salt And Pepper Grinder Set With LED Light Refillable With 6 Adjustable Coarseness Settings
2548,Data Not Availabe,Link Not Available,#6 Best Sellers,in Hot Tea Makers,145.65,28,Recently Not Sell,"Ceiling Fan AC Motor Low Noise Small Ceiling Fan Modern Enclosed Reversible Motor Ceiling Fan For Farmhouse, Bedroom Living Room Bedroom"
2549,Data Not Availabe,Link Not Available,#6 Best Sellers,in Hot Tea Makers,11.2,28,Recently Not Sell,"Portable Hand Held Misting Fan, 2000mAh Rechargeable Battery Operated, Personal Foldable Makeup Fan On Desk, Portable Cooling Fan For Travel/Summer/Concerts/Lash"
2550,Data Not Availabe,Link Not Available,#6 Best Sellers,in Hot Tea Makers,22.18,28,Recently Not Sell,"Portable Hand Held Misting Fan, 2000mAh Rechargeable Battery Operated, Personal Foldable Makeup Fan On Desk, Portable Cooling Fan For Travel/Summer/Concerts/Lash"
2551,Data Not Availabe,Link Not Available,#6 Best Sellers,in Hot Tea Makers,26.21,28,Recently Not Sell,"A Handy Hand Massager, Hand Massage, And Electric Rechargeable Massage Ideal As Gifts For Family, Friends, And Partners"
2552,Data Not Availabe,Link Not Available,#6 Best Sellers,in Hot Tea Makers,35.27,28,Recently Not Sell,"Medcursor Shiatsu Shoulder Neck Back Massager With Heat, Electric Deep Tissue Massage Pillow For Pain Relief, Great Gif"
2553,Data Not Availabe,Link Not Available,#6 Best Sellers,in Hot Tea Makers,19.2,28,Recently Not Sell,"Portable Air Conditioning Fan Lamp With 7 Color LED Lamp - Desk Air Cooler - With Timing Function, Humidification Spray,"
2554,Data Not Availabe,Link Not Available,#6 Best Sellers,in Hot Tea Makers,11.0,28,Recently Not Sell,"1pc  Portable Blender, 6 Blade Juicer Cup Suitable For Fruit Juice Citrus Lemon Vegetables"
2555,Data Not Availabe,Link Not Available,#6 Best Sellers,in Hot Tea Makers,18.1,4,Recently Not Sell,Face Body Hair Removal Lady Bikini Trimmer Shaving Machine Kemei KM-6037 Rechargeable Women Epilator Electric Shaver Razor
2556,Data Not Availabe,Link Not Available,#6 Best Sellers,in Hot Tea Makers,34.3,4,Recently Not Sell,Face Body Hair Removal Lady Bikini Trimmer Shaving Machine Kemei KM-6037 Rechargeable Women Epilator Electric Shaver Razor
2557,Data Not Availabe,Link Not Available,#6 Best Sellers,in Hot Tea Makers,15.4,4,Recently Not Sell,"1pc 3-In-1 Mini Food Processor, Electric Food Processor, Compact Food Processor With Powerful Motor, Small Food Processor With Non-Slip Pad, Portable Food, Meat, Vegetable Electric Food Processor"
2558,Data Not Availabe,Link Not Available,#6 Best Sellers,in Hot Tea Makers,1.6,50,Recently Not Sell,New Mini Eye Massager Electric Vibration Beauty Device Magnetic Portable Facial Massage Stick 4 In 1 Electric Face Massager Mini Acupoint Massager Muscle Relaxation Device A Gift For Ladies
2559,Data Not Availabe,Link Not Available,#6 Best Sellers,in Hot Tea Makers,93.39,28,Recently Not Sell,"Portable Carpet Cleaner, Suitable For Sofas, Pets, Car Seats, Carpets, Interior Decoration, And Furnitur"
2560,Data Not Availabe,Link Not Available,#6 Best Sellers,in Hot Tea Makers,16.5,28,Recently Not Sell,"1pc Silicone Ice Cube Tray With Lid, 30-40 Oz Durable Ice Tray For Whiskey, Cocktails, Beverages, Coffee, Easy-Release Flexible Ice Maker,"
2561,Data Not Availabe,Link Not Available,#6 Best Sellers,in Hot Tea Makers,18.14,28,Recently Not Sell,"Handheld Fan With Aromatherapy,90° Automatic Head Shaking Rechargeable Personal Turbo Fan,Quiet Mini Portable Hand Fan,3 Speeds Battery Operated Fan And Desk Base For Travel,Home,Offic"
2562,Data Not Availabe,Link Not Available,#6 Best Sellers,in Hot Tea Makers,8.9,28,Recently Not Sell,"Flex Edge Beater For Kitchenaid,Kitchen Aid Mixer Accessory,Kitchen Aid Attachments For Mixer,Fits Tilt-Head Stand Mixer Bowls For 4.5-5 Quart Bowls,Beater With Silicone Edges,White,Upgrade Your KitchenAid Mixer With This 1pc Flex Edge Beater"
2563,Data Not Availabe,Link Not Available,#6 Best Sellers,in Hot Tea Makers,34.26,28,Recently Not Sell,"Silent Bedroom Humidifier - 4L Top Fill Cool Mist Humidifier With Essential Oil Diffuser, Night Light, 360° Nozzle, And 50-Hour Runtime For Home, Nursery, And Plants"
2564,Data Not Availabe,Link Not Available,#6 Best Sellers,in Hot Tea Makers,40.32,28,Recently Not Sell,"Silent Bedroom Humidifier - 4L Top Fill Cool Mist Humidifier With Essential Oil Diffuser, Night Light, 360° Nozzle, And 50-Hour Runtime For Home, Nursery, And Plants"
2565,Data Not Availabe,Link Not Available,#6 Best Sellers,in Hot Tea Makers,125.09,28,Recently Not Sell,"BackID 1.6 Cu.Ft Beverage Refrigerator Cooler, 70 Can Mini Fridge With Glass Door, Digital Temperature Display For Soda, Beer Or Wine For Office Or Bar With Adjustable Removable Shelves"
2566,Data Not Availabe,Link Not Available,#6 Best Sellers,in Hot Tea Makers,33.7,28,Recently Not Sell,"Cross-Border Fascia Gun With Four Attachments, Six Adjustable Speeds, Automatic Deep Muscle Relaxation, Electric High-Frequency Vibration Massager For Home Us"
2567,Data Not Availabe,Link Not Available,#6 Best Sellers,in Hot Tea Makers,2.7,28,Recently Not Sell,"Stainless Steel Nose Hair Trimmer - Safe & Durable, Manual For Precise Trimming, Washable & Portable - Unisex, Perfect For On-The-Go Grooming"
2568,Data Not Availabe,Link Not Available,#6 Best Sellers,in Hot Tea Makers,16.0,28,Recently Not Sell,"1pc Seago 507B Rechargeable  Electric Toothbrush, 5 Modes With Brushing Timer, IPX7 Waterproof, Ideal Gift For Girlfriend's Birthday"
2569,Data Not Availabe,Link Not Available,#6 Best Sellers,in Hot Tea Makers,8.1,28,Recently Not Sell,Scalp Machine Pore Cleaning Acne Suction Blackhead Instrument Facial Cleansing Instrum
2570,Data Not Availabe,Link Not Available,#6 Best Sellers,in Hot Tea Makers,15.6,28,Recently Not Sell,Low Noise Barber Cordless Hair Trimmer Km-643 Strong Power Best Rechargeable Professional Hair Clippers For M
2571,Data Not Availabe,Link Not Available,#6 Best Sellers,in Hot Tea Makers,70.55,28,Recently Not Sell,Kexi Portable Travel Steam Iron 1200W Powerful Lightweight Fabric Steam Iron For Home And Travelling
2572,Data Not Availabe,Link Not Available,#6 Best Sellers,in Hot Tea Makers,13.3,28,Recently Not Sell,"Kemei Km-1433 Multifunctional Usb Hair Trimmer, Nose Hair Trimmer, Beard Shaver"
2573,Data Not Availabe,Link Not Available,#6 Best Sellers,in Hot Tea Makers,154.22,28,Recently Not Sell,"18 Inch Ceiling Fan Light - Cage Style Ceiling Fan With Remote Control (3-Speed Adjustable), Enclosed Reversible Ceiling Fan (Without Light Bulb)"
2574,Data Not Availabe,Link Not Available,#6 Best Sellers,in Hot Tea Makers,489.88,28,Recently Not Sell,"24"" Electric Wall Oven, Built-In Convection Oven With 8 Cooking Modes, Air Frying, Timer & Touch Control - Stainless Steel Finish, 2.5 Cu.Ft, 3000W, 240V"
2575,Data Not Availabe,Link Not Available,#6 Best Sellers,in Hot Tea Makers,21.8,28,Recently Not Sell,"1pc New Electric Lunch Box, 2L, Double Independent Inner Layer, 304 Stainless Steel, 24-Hour Reservation, Dry-Burning Protection, Odorless Steaming, Durable And Sturdy, Bottom Can Be Added Water, Easy To Carry For Travel, Office, Convenient And Space-Saving, Ideal Gift, Sold By Electric Lunch Box Stor"
2576,Data Not Availabe,Link Not Available,#6 Best Sellers,in Hot Tea Makers,10.9,28,Recently Not Sell,"250ml High-Speed Electric Mini Food Chopper - Powerful 20000RPM Rechargeable Garlic Cutter, Compact Vegetable Processor, Fruit & Meat Grinder With USB Charging, Lithium Battery And Portable Design For Onion, Chili, Celery, Ginger Chopping"
2577,Data Not Availabe,Link Not Available,#6 Best Sellers,in Hot Tea Makers,22.0,28,Recently Not Sell,"1pc Colorful Flame Rhythm Aroma Diffuser, 7 Color Changing Ultrasonic Essential Oil Diffuser, Super Quiet Aromatherapy Diffuser For Large Room, Bedroom, Office (Auto Shut-Off, 700mL)"
2578,Data Not Availabe,Link Not Available,#6 Best Sellers,in Hot Tea Makers,41.6,28,Recently Not Sell,Nail Dust Collector 80W Powerful Nail Vacuum Dust Collection With 2 Reusable Filters Rechargeable Dust Collector Extractor Nail Salo
2579,Data Not Availabe,Link Not Available,#6 Best Sellers,in Hot Tea Makers,11.5,28,Recently Not Sell,"Cat Ears Mini Portable Fan, Handheld Fan Personal Mini Fan USB Rechargeable With Ambient Light, Battery Operated Mini Fan, Desk Fan Working Time For Office Bedroom Outdoor Travel Camping Back To School Supplies"
2580,Data Not Availabe,Link Not Available,#6 Best Sellers,in Hot Tea Makers,40.31,28,Recently Not Sell,"Nekteck Cordless Neck And Back Massager For Pain Relief Deep Tissue, Shiatsu Neck Massager With H"
2581,Data Not Availabe,Link Not Available,#6 Best Sellers,in Hot Tea Makers,83.0,28,Recently Not Sell,"Household Small Smoothie Machine USB Charging Shaved Ice Machine Milk Tea Ice Breaker Ice Crusher Electric Double Blade Charging Shaved Ice Machine Household Small Milk Tea Ice Breaker 1 Battery Rechargeable Ice Shaving Machine With Double Steel Blades Quickly Crush In 3 Seconds, Easy To Clean, Snow Cone Maker Kit Includes Scraper Perfect For Home, Kitchen And Camping"
2582,Data Not Availabe,Link Not Available,#6 Best Sellers,in Hot Tea Makers,14.9,3,Recently Not Sell,"GTS Mini Portable Alloy Electric Shavers For Men, IPX7 Waterproof, Wet & Dry Use, Cordless Travel Lock Beard Shaver, USB Rechargeable Electric Razor, Battery Indicator"
2583,Data Not Availabe,Link Not Available,#6 Best Sellers,in Hot Tea Makers,14.5,4,Recently Not Sell,"Hair Remover For Women, Painless 5 In 1 Waterproof Lady Electric Shaver USB Rechargeable, Womens Facial Shaver For Bikini,Nose Hair,Eyebrow,Arm,Leg Facial Hair Remover"
2584,Data Not Availabe,Link Not Available,#6 Best Sellers,in Hot Tea Makers,6.4,4,Recently Not Sell,Kemei Mini Hair Trimmer Portable Hair Clipper Hair Cutting Machine For Travel Or Home Use AA Battery Trimmer Machine For Men KM-666
2585,Data Not Availabe,Link Not Available,#6 Best Sellers,in Hot Tea Makers,7.3,4,Recently Not Sell,Kemei KM-666 Wholesale Mini Dry Battery Hair Clipper Portable Hair Trimmer Wholesale Hair Cut Trimmer
2586,Data Not Availabe,Link Not Available,#6 Best Sellers,in Hot Tea Makers,7.3,4,Recently Not Sell,Boys And Girls Universal LED Four Kinds Of Lighting High-Definition Makeup Mirror Can Adjust The Angle Of Comfort Dormitory And Home Portable Simple Style Makeup Mirror
2587,Data Not Availabe,Link Not Available,#6 Best Sellers,in Hot Tea Makers,65.54,28,Recently Not Sell,"EVELYN Smart Shot Intelligent High Speed Negative Ionic Hair Dryer With Diffuser - Hot/Cool Blast And Ionic Frizz Control, Fast Drying Blow Dryer With 110000 RPM Motor - 4 Temps & 2 Speeds, Black"
2588,Data Not Availabe,Link Not Available,#6 Best Sellers,in Hot Tea Makers,6.6,28,Recently Not Sell,"1pc New USB Handheld Fan Mini Portable Student Fan With Folding Display & Aroma Feature, Gift Boxed With Base, Lanyard & Charging Cabl"
2589,Data Not Availabe,Link Not Available,#6 Best Sellers,in Hot Tea Makers,25.5,28,Recently Not Sell,Camping Fan With LED Lantern 4000mAh Portable Tent Fan Power Supply Personal Fan Lantern For Tent RV Hurricane Emergency Outages
2590,Data Not Availabe,Link Not Available,#6 Best Sellers,in Hot Tea Makers,5.5,28,Recently Not Sell,"1pc Best-Selling Mini Pocket Fan Portable Battery Quiet Small Fresh Handheld Small Fan,Dormitory Desktop Fan, Pocket Square Fan, Gift For Family And Friends"
2591,Data Not Availabe,Link Not Available,#6 Best Sellers,in Hot Tea Makers,6.1,28,Recently Not Sell,"1pc Handheld Fan USB Rechargeable Portable Mini Fan, Foldable, Suitable For Indoor & Outdoor, Cute Design, Perfect For Outdoor Activities, School, Beach, Pool, Party, Office, Daily Life Use, Summer"
2592,Data Not Availabe,Link Not Available,#6 Best Sellers,in Hot Tea Makers,17.7,28,Recently Not Sell,"Portable Camping Fan Rechargeable, 7800mAh Battery Powered Fan With LED Lantern Small Table Fan, USB Battery Operated Fans For Travel Tent Office Desk Barbecue Fishing"
2593,Data Not Availabe,Link Not Available,#6 Best Sellers,in Hot Tea Makers,136.23,28,Recently Not Sell,"20 Inch Small Cage Style Ceiling Fan Light, 5 ABS Blades, Antique Brown Decorative Ceiling Fan, With Remote Control (Excluding Light Bulbs)"
2594,Data Not Availabe,Link Not Available,#6 Best Sellers,in Hot Tea Makers,17.14,28,Recently Not Sell,"Thermal Brush, 1.25 Inch Curling Brush Curling Iron 410°F Ceramic Tourmaline 110-240V Voltage Double PTC Heater Volumizing Brush Styler Head With For Travel Heated Round Brush"
2595,Data Not Availabe,Link Not Available,#6 Best Sellers,in Hot Tea Makers,19.1,28,Recently Not Sell,"Neck Fan, Rechargeable Portable Neck Fan, 5200mAh Battery Powered Bladeless Cooling Fan, 4-Speed Wearable Hands-Free Personal Fan, 360°C Cooling Airflow Hanging Neck Fan For Men, Wom"
2596,Data Not Availabe,Link Not Available,#6 Best Sellers,in Hot Tea Makers,9.7,28,Recently Not Sell,"Car Vacuum Cleaner 2500pa Handheld USB Charging Dual-Use Portable Multifunctional Cleaner For Home And Car, Including Blowing And Suction Functio"
2597,Data Not Availabe,Link Not Available,#6 Best Sellers,in Hot Tea Makers,141.41,28,Recently Not Sell,"Wall Mount Range Hood 30"", Stainless Steel Chimney-Style Over Stove Vent Hood With Ducted/Ductless Convertible Duct, 3-Speed ​​Exhaust Fan, Led Lights, Permanent Filter, 400 Cfm"
2598,Data Not Availabe,Link Not Available,#6 Best Sellers,in Hot Tea Makers,126.55,28,Recently Not Sell,"52 Inch 3 ABS Blade Ceiling Fan With 3 LED Lights And Remote Control (5-Speed Adjustable), DC Motor Modern Ceiling F"
2599,Data Not Availabe,Link Not Available,#6 Best Sellers,in Hot Tea Makers,134.52,28,Recently Not Sell,"52 Inch 5-Blade Crystal Chandelier Fan With Light And Remote Control, Modern Ceiling Fan Light With Double-Sided Reversible Blades (Excluding Light Bulbs)"
2600,Data Not Availabe,Link Not Available,#6 Best Sellers,in Hot Tea Makers,134.52,28,Recently Not Sell,52 Inch Crystal Ceiling Fan Light Fan With 5 Double Faced Reversible Blades (Excluding Light Bulbs)
2601,Data Not Availabe,Link Not Available,#6 Best Sellers,in Hot Tea Makers,207.64,28,Recently Not Sell,"BackID 4.5 Cu.Ft Beverage Refrigerator Cooler, 145 Can Mini Fridge With Glass Door, Digital Temperature Display For Soda, Beer Or Wine For Office Or Bar With Adjustable Removable Shelves"
2602,Data Not Availabe,Link Not Available,#6 Best Sellers,in Hot Tea Makers,125.09,28,Recently Not Sell,"BackID 4.5 Cu.Ft Beverage Refrigerator Cooler, 145 Can Mini Fridge With Glass Door, Digital Temperature Display For Soda, Beer Or Wine For Office Or Bar With Adjustable Removable Shelves"
2603,Data Not Availabe,Link Not Available,#6 Best Sellers,in Hot Tea Makers,9.4,28,Recently Not Sell,"1 Pc Summer Watch Handheld Fan, 3-Speed Silent USB Rechargeable, Watch Fan Portable Quiet Small Fresh Handheld Small F"
2604,Data Not Availabe,Link Not Available,#6 Best Sellers,in Hot Tea Makers,92.74,28,Recently Not Sell,"Aspiron Upgraded Canister Vacuum Cleaner, 1200W Bagless Vacuum Cleaner, 3.7Qt Large Capacity, Automatic Cord Rewind, Dual HEPA Filters, 5 Tools"
2605,Data Not Availabe,Link Not Available,#6 Best Sellers,in Hot Tea Makers,411.26,28,Recently Not Sell,"Single Wall Ovens 24 Inch Electric, 3000W Gas Oven With 8 Cooking Functions, 2.5 Cu.Ft. Built-In Wall Oven With Touch Screen & Mechanical Knobs Control, Stainless Steel"
2606,Data Not Availabe,Link Not Available,#6 Best Sellers,in Hot Tea Makers,25.69,28,Recently Not Sell,"Rechargeable Desk Fan With Tripod, Camping Fan Battery Powered Table Fan, Personal Mini Fan, 4-Speed 360° Vertical Rotatable Portable USB Fan, Silent, For Bedroom, Office, Desktop And Travel (White)"
2607,Data Not Availabe,Link Not Available,#6 Best Sellers,in Hot Tea Makers,10.0,28,Recently Not Sell,"1pc Creative New Item 1.5L Manual Vegetable Chopper And Meat Grinder, Household Hand-Operated Meat Mincer"
2608,Data Not Availabe,Link Not Available,#6 Best Sellers,in Hot Tea Makers,7.2,28,Recently Not Sell,"1pc Mini USB Charging Collar, Handheld, Astronaut Leafless Astronaut Electric Fan, A Good Helper For Summer Outing"
2609,Data Not Availabe,Link Not Available,#6 Best Sellers,in Hot Tea Makers,35.9,4,Recently Not Sell,"Vanity Mirror With Lights, 1X/10X Magnifying Makeup 8 Inch Rechargeable Double Sided Lighted Mirror, Dimmable Led 3 Color Lighting Modes"
2610,Data Not Availabe,Link Not Available,#6 Best Sellers,in Hot Tea Makers,22.9,4,Recently Not Sell,"Electric Razor Shaver, Beard Trimmer Hair Trimmer Shaving Kit, Foil Shaver Barber Clipper For Men, Men's Grooming Kit, Holiday Gifts For Him"
2611,Data Not Availabe,Link Not Available,#6 Best Sellers,in Hot Tea Makers,34.22,28,Recently Not Sell,"Steam Iron With Rapid Heating Soleplate, With Precise Thermostat Dial, Auto-Off, For Home Clothes Ironing Use, Electric Iron Bl"
2612,Data Not Availabe,Link Not Available,#6 Best Sellers,in Hot Tea Makers,8.1,28,Recently Not Sell,"1 PP Material Kitchen Four Grid Egg Cooker Cute Chicken Model Microwave Oven Egg Cooker Egg Steamer Boiler Stove, Suitable For Household Use Of Steaming And Cooking"
2613,Data Not Availabe,Link Not Available,#6 Best Sellers,in Hot Tea Makers,7.3,50,Recently Not Sell,"Rechargeable Men's Electric Shaver, 2-In-1 Wet & Dry Men's Electric Razor, Beard Trimmer, Rotary Shaver, Father's Day Gif"
2614,Data Not Availabe,Link Not Available,#6 Best Sellers,in Hot Tea Makers,9.6,4,Recently Not Sell,Electric Cordless Professional Hair Clippers Kemei Km-1256 High Quality Usb Barber Waterproof Cordless Hair Trimmer
2615,Data Not Availabe,Link Not Available,#6 Best Sellers,in Hot Tea Makers,34.26,28,Recently Not Sell,"Juicer Machines, SiFENE Compact Centrifugal Juicer Extractor, Juice Maker For Vegetable And Fruit With 3-Speed Setting, Easy To Clean, Black"
2616,Data Not Availabe,Link Not Available,#6 Best Sellers,in Hot Tea Makers,19.15,28,Recently Not Sell,"Thermal Brush,1.25 Inch Curling Iron Brush,Thermal Hair Brush 320°F-400°F,1 1/4 Inch Travel Curling Iron Dual Voltage,PTC Heated Round Brush Ceramic Tourmaline Ionic Hot Brush,Thermal Round Brush"
2617,Data Not Availabe,Link Not Available,#6 Best Sellers,in Hot Tea Makers,30.84,28,Recently Not Sell,"Juicer Machines, SiFENE Compact Centrifugal Juicer Extractor, Juice Maker For Vegetable And Fruit With 3-Speed Setting, Easy To Clean, Whi"
2618,Data Not Availabe,Link Not Available,#6 Best Sellers,in Hot Tea Makers,5.4,28,Recently Not Sell,Folding Small Fan USB Charging Storage Office Travel Essential Wind Strong Enduranc
2619,Data Not Availabe,Link Not Available,#6 Best Sellers,in Hot Tea Makers,171.35,28,Recently Not Sell,"Ultenic Gyro Robot Vacuum Cleaner, 3-In-1 Sweep Vacuum Mop, 3000 Suction, 4 Cleaning Modes, 2600mAh Battery, D6S"
2620,Data Not Availabe,Link Not Available,#6 Best Sellers,in Hot Tea Makers,34.26,28,Recently Not Sell,"Portable Table Fan NF1, With  Aromatherapy (Inbuilt Battery, Dark Green)"
2621,Data Not Availabe,Link Not Available,#6 Best Sellers,in Hot Tea Makers,21.5,28,Recently Not Sell,"1set New Hair Clippers, Professional Quiet Hair Trimmer For Kids And Toddler, Rechargeable Cordless Hair Cutting Machine For Children, With LCD Display"
2622,Data Not Availabe,Link Not Available,#6 Best Sellers,in Hot Tea Makers,55.44,28,Recently Not Sell,"Whole Body High Frequency Massager Muscle Relaxation Massager, 6 Head And Neck Membrane Massager 6 Fascia G"
2623,Data Not Availabe,Link Not Available,#6 Best Sellers,in Hot Tea Makers,54.61,28,Recently Not Sell,"Portable Dryer, Mini Dryer With Timer - Fast And Easy To Use Compact Dryer For Apartments, Dorms, RVs."
2624,Data Not Availabe,Link Not Available,#6 Best Sellers,in Hot Tea Makers,19.6,28,Recently Not Sell,"Portable Camping Fan, Desktop Style With Charging Port, Room Ornament, Multifunctional And Oscillating Mini F"
2625,Data Not Availabe,Link Not Available,#6 Best Sellers,in Hot Tea Makers,179.93,28,Recently Not Sell,"BackID 3.2 Cu.Ft Beverage Refrigerator Cooler, 126 Can Mini Fridge With Glass Door, Digital Temperature Display For Soda, Beer Or Wine For Office Or Bar With Adjustable Removable Shelves"
2626,Data Not Availabe,Link Not Available,#6 Best Sellers,in Hot Tea Makers,5.5,28,Recently Not Sell,"Portable Handheld Silent Mini Fan, Rechargeable, Suitable For Office, Desk, Dormitory, And Students, Ultra Qui"
2627,Data Not Availabe,Link Not Available,#6 Best Sellers,in Hot Tea Makers,4.1,28,Recently Not Sell,1Pc Mini Portable Fan USB Rechargeable Cooler Collapsible Handheld Desktop Fan Quiet Foldable Office Home Handy Power Bank
2628,Data Not Availabe,Link Not Available,#6 Best Sellers,in Hot Tea Makers,7.6,28,Recently Not Sell,"1pc Mini Portable Fan, Handheld Fan With Mist, Cooling, And Cute Cartoon Design For Students"
2629,Data Not Availabe,Link Not Available,#6 Best Sellers,in Hot Tea Makers,15.4,28,Recently Not Sell,Barber Blading Hair Cutting Machine Clipper Kemei KM-1071Grooming Cordless Rechargeable Professional Shaver Clippers
2630,Data Not Availabe,Link Not Available,#6 Best Sellers,in Hot Tea Makers,16.6,28,Recently Not Sell,Kemei Cordless Rechargeable Hair Clipper Advanced Hair Clipper For Men KM-5017
2631,Data Not Availabe,Link Not Available,#2 Best Sellers,in Stick Vacuum Cleaners,172.3,28,Recently Not Sell,"1pc Wireless Vacuum Cleaner, 25Kpa Handheld Vacuum With US Plug, 4-In-1 Cordless Stick Vacuum, 35-Minute And Removable Battery For Pet Hair On Carpet And Hard Floor, Floor Brush With LED Front Light, Powerful Suction With Brushless Motor"
2632,Data Not Availabe,Link Not Available,#2 Best Sellers,in Stick Vacuum Cleaners,15.8,6,10+ sold recently,"Portable & Powerful Full Body Massager, Wireless, 10 Vibration Modes, Speed Control, Ideal For Fatigue Relief & Tailored Muscle Therapy"
2633,Data Not Availabe,Link Not Available,#2 Best Sellers,in Stick Vacuum Cleaners,2.46,2,Recently Not Sell,"1PC USB Charging, Thermal Eyelash Curler Thermal Eyelash Curler Temperature Control Charging Mini Lasting Makeup Tool."
2634,Data Not Availabe,Link Not Available,#2 Best Sellers,in Stick Vacuum Cleaners,5.52,40,Recently Not Sell,"1pc, Kitchen Scale, Food Scale, Kitchen Weighing Scale, Accurate Kitchen Scale, Electronic Scales, Coffee Electronic Scale, Digital Scales For Kitchen, Baking Scale, Kitchen Accessaries, Baking Tools"
2635,Data Not Availabe,Link Not Available,#2 Best Sellers,in Stick Vacuum Cleaners,8.6,7,Recently Not Sell,"1pc USB Rechargeable Handheld Pull-Out Mini Fan, 2000mAh Portable Pocket Fan, Quiet Desktop Fan With Mobile Power Function, Suitable For Travel And Outdoor Us"
2636,Data Not Availabe,Link Not Available,#2 Best Sellers,in Stick Vacuum Cleaners,17.8,7,70+ sold recently,1Pc Portable Humidifier Fan AIr Conditioner Household Small Air Cooler Hydrocooling Portable Air Adjustment For Office 3 Speed F
2637,Data Not Availabe,Link Not Available,#2 Best Sellers,in Stick Vacuum Cleaners,28.02,40,Recently Not Sell,"Electric Food Chopper Food Processor, 1.8L Glass Bowl Grinder For Meat, Vegetables, Fruits And Nuts Stainless Steel Motor Unit And Sharp Blades, 300W Food Processor Meat Grinder Mini Electric Food Chopper For Food, Meat , Onions, Vegetables"
2638,Data Not Availabe,Link Not Available,#2 Best Sellers,in Stick Vacuum Cleaners,14.19,27,40+ sold recently,"1 PC Digital Bathroom Scale, Highly Accurate Body Weight Scale with Lighted LED Display, Round Corner Design, 5-180kg(11-396lbs), Black(Batteries not included)"
2639,Data Not Availabe,Link Not Available,#2 Best Sellers,in Stick Vacuum Cleaners,9.65,50,Recently Not Sell,"TOUCHBeauty 1pc TOUCHBeauty Mini Air & LED Light Nail Dryer For Regular Nail Polishes, Ideal Gift To Kids Teens Powerful Fan, Battery Powered (Small-PK)"
2640,Data Not Availabe,Link Not Available,#2 Best Sellers,in Stick Vacuum Cleaners,14.7,4,30+ sold recently,Electric Splint Small Hair Straightener Bangs Special Straightening Portable Hair Straightener Hair Styling Tool
2641,Data Not Availabe,Link Not Available,#2 Best Sellers,in Stick Vacuum Cleaners,6.0,3,100+ sold recently,"Cute Bear Shaped Portable Mini Fan, Multicolor Ombre Design, Ideal For Summer Us"
2642,Data Not Availabe,Link Not Available,#2 Best Sellers,in Stick Vacuum Cleaners,3.3,3,10+ sold recently,"Crystal Hair Remover, Reusable Women Shaver For Underarms, Legs, Arms And Bikini Area, Waterproof Painless Exfoliation Crystal Hair Remover For Women, Provide Soft Smooth Silky Ski"
2643,Data Not Availabe,Link Not Available,#2 Best Sellers,in Stick Vacuum Cleaners,13.17,3,Recently Not Sell,Unbeatablesale 0.5 X 0.5 In. PEX-A Barb Brass Tee Fitting
2644,Data Not Availabe,Link Not Available,#8 Best Sellers,in Temperature Gauges,2.2,3,Recently Not Sell,"Wooden Wall-Mounted Thermometer, Suitable For Indoor/Outdoor Decoration Of Room, Industrial Workshop And Greenhouse, Portable And Movable Thermometer"
2645,Data Not Availabe,Link Not Available,#8 Best Sellers,in Temperature Gauges,11.62,17,10+ sold recently,"1pc Usb Charging Electric Foot Grinder, Dead Skin Remover, Callus Remover Automatic Foot Care Tool"
2646,Data Not Availabe,Link Not Available,#8 Best Sellers,in Temperature Gauges,4.74,31,Recently Not Sell,3R Silicone Car Trash Can - Creative Fashion Mini Car Storage Box - Lovely Car Garbage C
2647,Data Not Availabe,Link Not Available,#8 Best Sellers,in Temperature Gauges,37.9,58,Recently Not Sell,"Retro Mini Refrigerator, Cosmetic Refrigerators, Car Mini Fridge Portable Cooler For Office, Dorm Room, Small Fridge, Drinks Refrigerator, Food Refrigerator, Black"
2648,Data Not Availabe,Link Not Available,#8 Best Sellers,in Temperature Gauges,24.69,35,Recently Not Sell,"Retro Mini Refrigerator, Cosmetic Refrigerators, Car Mini Fridge Portable Cooler For Office, Dorm Room, Small Fridge, Drinks Refrigerator, Food Refrigerator, Black"
2649,Data Not Availabe,Link Not Available,#8 Best Sellers,in Temperature Gauges,31.4,4,Recently Not Sell,"Kemei 2pcs Professional Men Electric Shaver, Hair Trimmer Machine, Cordless Hair Cutting Machine, Professional Graffiti Pattern Hair Clipper For Men, Hair Carving Barber Kit With T-Bl"
2650,Data Not Availabe,Link Not Available,#8 Best Sellers,in Temperature Gauges,9.4,4,Recently Not Sell,"1pc + USB Car Seat Fan With Three Speed Wind Control Independent Switch, Compact & Lightweight, Innovative Design, Powerful Wind, Suitable For Car Seats With USB Por"
2651,Data Not Availabe,Link Not Available,#8 Best Sellers,in Temperature Gauges,10.5,4,Recently Not Sell,1pc POREE Rechargable PR1508 Hairball Trimmer Household Shaving Hair Ball Remover
2652,Data Not Availabe,Link Not Available,#8 Best Sellers,in Temperature Gauges,41.75,12,Recently Not Sell,Kitchen Tools Multifunctional Folding Handheld Press Noodle Machine Mould Household Noodle Machi
2653,Data Not Availabe,Link Not Available,#8 Best Sellers,in Temperature Gauges,55.0,38,Recently Not Sell,"14-Cup Programmable Coffee Maker, Regular & Strong Brew Drip Coffee Machine For Home And Office, Glass Carafe, Washable Filter, Keep Warm,  Silver & Stainless Steel"
2654,Data Not Availabe,Link Not Available,#8 Best Sellers,in Temperature Gauges,46.99,41,30+ sold recently,"HOMM Juicer Machine, 800W Centrifugal Juicer Extractor with Wide Mouth 2.5” Feed Chute for Fruit Vegetable, Cold Press Electric Juicer Machine with 100% High Juice Yield, Easy Clean, Stainless Steel, 2-Speed Setting, Compact Centrifugal Juicer Anti-drip"
2655,Data Not Availabe,Link Not Available,#4 Best Sellers,in Temperature Gauges,2.46,40,Recently Not Sell,"5pcs Hanging Thermometers With Long Rod, Portable Room Temperature Gauge, Greenhouse Vegetable Temperature Meter, Indoor Thermostat, Home Use Thermometer"
2656,Data Not Availabe,Link Not Available,#4 Best Sellers,in Temperature Gauges,25.4,40,30+ sold recently,Wireless Car Vacuum Cleaner Powerful Cyclone Handheld USB Rechargeable Large Capacity Dust Cup Fast Charging Home & Car Dual-Purpose Pet Hair Cleaner
2657,Data Not Availabe,Link Not Available,#6 Best Sellers,in Water and Ice Dispensers,159.99,33,Recently Not Sell,"Bottom Loading Water Dispenser 5 Gallon,Hot Cold And Room Water Cooler With 3 Temperature Spouts, Empty Bottle Indicator Child Safety Lock Stainless Steel Black Home And Office Us"
2658,Data Not Availabe,Link Not Available,#6 Best Sellers,in Water and Ice Dispensers,26.99,33,20+ sold recently,"KOOC Small Slow Cooker, 2-Quart, Free Liners Included for Easy Clean-up, Upgraded Ceramic Pot, Adjustable Temp, Nutrient Loss Reduction, Stainless Steel, Pink, Ro"
2659,Data Not Availabe,Link Not Available,#6 Best Sellers,in Water and Ice Dispensers,319.99,55,Recently Not Sell,"Commercial Ice Maker Machine 100lbs/24H With 2 Water Inlet Modes, 36Pcs Ice Cubes In 8-15 Mins, Stainless Steel Under Counter/Freestanding Ice Machine With Large Storage Bin For Home/AShop/Office/Bar"
2660,Data Not Availabe,Link Not Available,#6 Best Sellers,in Water and Ice Dispensers,59.99,30,10+ sold recently,"Paris Rhône Space-Saving Fan TF002, Stand Up Floor Bladeless"
2661,Data Not Availabe,Link Not Available,#6 Best Sellers,in Water and Ice Dispensers,24.99,38,10+ sold recently,"1Pc For Women KidsDual Voltage Hair Dryer,Travel Mini Hair Dryer Lightweight Quiet Compact Blow Dryer With Concentrator, 1000W Hairdryer With European Plug Travel Size Bag For International Tarvel"
2662,Data Not Availabe,Link Not Available,#6 Best Sellers,in Water and Ice Dispensers,17.1,38,10+ sold recently,"720-Key Fascia Massage Gun, 1200mAh Rechargeable USB Upgrade Massager For Muscles Relaxation, 4 Massage Heads And 6 Speed Levels, Suitable For Office Sedentary Massage, Athletes And Bodybuilders For Relaxation After Exercise."
2663,Data Not Availabe,Link Not Available,#6 Best Sellers,in Water and Ice Dispensers,8.33,33,300+ sold recently,"1pc Women's Underarm Hair Removal Device, Epilator For Women, Womens Shaver & Trimmer, Cordless, Rechargeabl"
2664,Data Not Availabe,Link Not Available,#6 Best Sellers,in Water and Ice Dispensers,13.2,33,Recently Not Sell,1pc Three Colors Dimmable Led Lighted Makeup Mirror Women's Portable Folding Student Ins-Style Vanity Mirror With Lights For Dormitory/Desktop
2665,Data Not Availabe,Link Not Available,#6 Best Sellers,in Water and Ice Dispensers,5.2,33,Recently Not Sell,"1pc Electronic Measuring Spoon, Spoon Design Electronic Scale For Kitch"
2666,Data Not Availabe,Link Not Available,#6 Best Sellers,in Water and Ice Dispensers,13.7,4,30+ sold recently,"Cone Hair Curler,Hairstyling Tool Hair Curling Wand, Ceramic Hair Curler 13-25mm Heating Tube Hairstylist For Salon , Professional Hot Tools Curling Curler W"
2667,Data Not Availabe,Link Not Available,#6 Best Sellers,in Water and Ice Dispensers,5.7,40,Recently Not Sell,"1pc Baking Electronic Scale, Stainless Steel Portable Food Scale For Kitch"
2668,Data Not Availabe,Link Not Available,#6 Best Sellers,in Water and Ice Dispensers,31.1,4,20+ sold recently,Kemei Electric Clipper KM-2296 Cross Border Electric Clipper With Base USB Oil Head Engraving Clipper Hair Salon Barber
2669,Data Not Availabe,Link Not Available,#6 Best Sellers,in Water and Ice Dispensers,44.14,20,Recently Not Sell,Waffle Iron Sandwich Maker3 In 1 Mini Waffle Maker With Removable Plates Waffle Irons Non-Stick Waffle Cone Maker Waffle Machine For Waffle Grill Sandwich
2670,Data Not Availabe,Link Not Available,#6 Best Sellers,in Water and Ice Dispensers,2.6,20,Recently Not Sell,"16pcs/Set Replacement Brush Heads Compatible With Oral B  Electric Toothbrush, White. Deep And Precise Cleaning, Compatible With   Pro1000 /1500/100/500/Vitality/Genius X/7000/7500/8000/9600 Etc."
2671,Data Not Availabe,Link Not Available,#6 Best Sellers,in Water and Ice Dispensers,25.1,20,80+ sold recently,"Men Hair Clipper, Haircut Set & Zero Space T Cutter Combo, Cordless Hair Clip Set For Hair Cutting, With LED Display Christmas Gifts"
2672,Data Not Availabe,Link Not Available,#5 Best Sellers,in Laser Hair Removal Devices,19.7,20,Recently Not Sell,"1pc White Plug Powered Laser Hair Removal Pulses 500,000 Flashes IPL Epilator 5 Levels Depilator Remover Permanent Professional Painless For Women Body Pubic Bikinis Home Use Devices"
2673,Data Not Availabe,Link Not Available,#5 Best Sellers,in Laser Hair Removal Devices,170.63,20,Recently Not Sell,Fruit Wine Press-4.8Gallon/18L
2674,Data Not Availabe,Link Not Available,#5 Best Sellers,in Laser Hair Removal Devices,8.7,3,Recently Not Sell,"1pc Portable Electric Hair Removal Device, Mini Lady Body Hair Shaver, Full Body Hair Removal For Women, Private Hair Removal"
2675,Data Not Availabe,Link Not Available,#5 Best Sellers,in Laser Hair Removal Devices,40.99,42,Recently Not Sell,360° Aire Para Carro De VENTtilador Aires Acondicionados Portatil VENTtilacion 12V
2676,Data Not Availabe,Link Not Available,#7 Best Sellers,in Curling Tongs & Curling Wands,11.4,7,Recently Not Sell,"3 Barrels Hair Curling Iron, 1pc 22Mm Hair Crimper Temperature Adjustable, Ceramic Tourmaline Fast Heating Hair Curling Iron For Water Ripple Crimping, Egg Rolls, Straightening, Curling"
2677,Data Not Availabe,Link Not Available,#7 Best Sellers,in Curling Tongs & Curling Wands,22.4,4,Recently Not Sell,"Beard Trimmer, Mens Grooming Kit With Hair Clippers, Electric Razor, Shavers For Mustache, Body, Face, Ear, Nose Hair Trimmer, USB Rechargeable & LED Display"
2678,Data Not Availabe,Link Not Available,#7 Best Sellers,in Curling Tongs & Curling Wands,112.33,44,60+ sold recently,"24'' Inch Summer Industrial Fan For Patry, Wedding, Festival,  3 Speed 8100 CFM Air Circulation High Velocity Fan For Warehouse, Workshop, Factory, Commercial, Residential And Greenhouse Black"
2679,Data Not Availabe,Link Not Available,#7 Best Sellers,in Curling Tongs & Curling Wands,10.7,4,Recently Not Sell,"Mini Ionic Hair Curler With LCD Display, Wool & Ceramic Hair Curling Iron, Small Hair Styling Tool"
2680,Data Not Availabe,Link Not Available,#7 Best Sellers,in Curling Tongs & Curling Wands,39.99,50,Recently Not Sell,"Automatic Mouthwash Dispenser Touchless 700mL(23.67 Oz),Wall Mounted Mouth Wash Dispenser for Bathroom with Magnetic Cups,Perfect for Kids and Adults"
2681,Data Not Availabe,Link Not Available,#7 Best Sellers,in Curling Tongs & Curling Wands,9.3,50,Recently Not Sell,"H13 True HEPA Filter Replacement For Fillo/Halo/Mooka Allo,3-In-1 Pre-Filter And Activated Carbon Filtration System With Filter Replacement, 1 Pack."
2682,Data Not Availabe,Link Not Available,#7 Best Sellers,in Curling Tongs & Curling Wands,26.7,4,80+ sold recently,"1pc Newest Automatic Curling Wand Rotating Curling Iron, Professional 28mm/1.1 Inch Hair Curler Hair Styling Irons Fast Heating Wand For Medium/Long Hair"
2683,Data Not Availabe,Link Not Available,#7 Best Sellers,in Curling Tongs & Curling Wands,96.99,43,Recently Not Sell,84 Inches Long Portable 2 Folding Massage Bed Spa Bed W/Carry Case Table Heigh Adjustable Salon Bed Face Cradle B
2684,Data Not Availabe,Link Not Available,#7 Best Sellers,in Curling Tongs & Curling Wands,43.51,5,20+ sold recently,Handheld Steam Cleaner 1.2L Portable High-Temperature Pressurized Steam Cleaning Machine With Brush Head For Kitchen Furniture Bathroom
2685,Data Not Availabe,Link Not Available,#7 Best Sellers,in Curling Tongs & Curling Wands,29.99,40,Recently Not Sell,"Masticating Juicer Attachment For KitchenAid Stand Mixers, Slow Juicer, White (Machine/Mixer Not Included)"
2686,Data Not Availabe,Link Not Available,#7 Best Sellers,in Curling Tongs & Curling Wands,23.97,19,30+ sold recently,1pc 30KG / 1G Precision  LCD Digital Scale Electronic Balance Weight Scale Plastic Weight Scale Accuracy Weight Balance food Scales
2687,Data Not Availabe,Link Not Available,#7 Best Sellers,in Curling Tongs & Curling Wands,13.01,55,10+ sold recently,"Portable Blender, Blender for Shakes and Smoothies, Personal Blender, USB Rechargeable 14 Oz Mini Blender With for Traveling, Outdoor, Gym, Office(White))"
2688,Data Not Availabe,Link Not Available,#7 Best Sellers,in Curling Tongs & Curling Wands,171.35,28,Recently Not Sell,"Mini Refrigerator With Freezer, Dual Storage Zone 3.2 Cu.Ft Compact Mini Fridge, Adjustable Thermostat Control, Reversible Doors, Ideal For Dorm, Office, Rv, Garage, Apartm"
2689,Data Not Availabe,Link Not Available,#7 Best Sellers,in Curling Tongs & Curling Wands,219.99,39,40+ sold recently,"TOSHIBA 6-In-1 Inverter Microwave Oven Air Fryer Combo, MASTER Series Countertop Microwave, Healthy Air Fryer, Broil, Convection, Speedy Combi, Even Defrost 11.3'' Turntable Sound On/Off, 27 Auto M"
2690,Data Not Availabe,Link Not Available,#7 Best Sellers,in Curling Tongs & Curling Wands,18.4,39,60+ sold recently,A5 Wireless Handheld Vacuum Cleaner (Black+Silver) With Hos
2691,Data Not Availabe,Link Not Available,#5 Best Sellers,in Table Fans,6.53,22,Recently Not Sell,"Clip-On Usb Powered Fan With 3 Adjustable Speeds, Mini & Quiet Rechargeable Clip Fan, Suitable For Dorm, Office, Study, Etc. White Color, 2 Power Supply Modes: Battery Storage (Including A 18650 Lithium Battery) And Usb Power (Can Be Plugged Into A Computer Usb Port), Blade Diameter: 80mm"
2692,Data Not Availabe,Link Not Available,#5 Best Sellers,in Table Fans,30.98,61,Recently Not Sell,"Electric Spin Scrubber, 2024 New Cordless Shower Scrubber With 8 Replaceable Brush Heads, 2.5H Bathroom Scrubber Dual Speed, Shower Cleaner Brush With Extension Arm For Bathtub Tile Floor"
2693,Data Not Availabe,Link Not Available,#5 Best Sellers,in Table Fans,12.6,61,Recently Not Sell,1pc Portable 400ml Rechargeable Juicer Blender High Capacity Battery Six Blade Fast Ice Crushing For Smoothies  Veggie And Fruit Juices Perfect For Kitchen And Travel
2694,Data Not Availabe,Link Not Available,#8 Best Sellers,in Cleaning Appliances,101.95,46,Recently Not Sell,"1pc Cleaning Vacuum Cleaner Washing Machine, Deep Cleaning For Sofa, Mattress, Pet, Seat, Carpet, Curtain, Bedding Decoratio"
2695,Data Not Availabe,Link Not Available,#8 Best Sellers,in Cleaning Appliances,23.4,46,Recently Not Sell,Black Manual Capsule Coffee Machi
2696,Data Not Availabe,Link Not Available,#8 Best Sellers,in Cleaning Appliances,31.34,22,Recently Not Sell,"Dezin Mini Rice Cooker 2 Cups Uncooked, 1L Rice Cooker Small, Portable Travel Electric Cooker, Multi-Function Non-Stick Rice Maker With Timer Delay & Keep Warm Functio"
2697,Data Not Availabe,Link Not Available,#8 Best Sellers,in Cleaning Appliances,44.99,50,20+ sold recently,"HOMM Juicer Machine, 800W Centrifugal Juicer Extractor With Wide Mouth 2.5"" Feed Chute For Fruit Vegetable, Cold Press Electric Juicer Machine With 100% High Juice Yield, Easy Clean, Stainless Steel, 2-Speed Setting, Compact Centrifugal Juicer Anti-Drip,R"
2698,Data Not Availabe,Link Not Available,#8 Best Sellers,in Cleaning Appliances,64.3,50,Recently Not Sell,"Laser Hair Removal For Women And Men - IPL Hair Removal With Ice-Cooling System For Painless & Long-Lasting Result, Whole Body Hair Removal"
2699,Data Not Availabe,Link Not Available,#8 Best Sellers,in Cleaning Appliances,69.99,55,Recently Not Sell,"VEVOR Pivoting Utility Fan, 600 CFM High Velocity Floor Blower For Drying, Cooling, Ventilating, Exhausting, 300° Blowing Angle Air Mover, Portable Carpet Dryer Fan For Home, Work Shop"
2700,Data Not Availabe,Link Not Available,#8 Best Sellers,in Cleaning Appliances,4.7,55,Recently Not Sell,"1pc Electric Shaver For Trimmers Battery Operated Travel Friendly Body Hair Trimmer For Women, Cordless Lady's Hair Removal, Dry Use Bikini Trimmer For Legs, Underarms, Bikini (Battery Not Included)"
2701,Data Not Availabe,Link Not Available,#8 Best Sellers,in Cleaning Appliances,18.8,55,Recently Not Sell,"1pc USB Power Cord 300ML Essential Oil Diffuser, Quiet Premium Humidifier With Remote Control, Natural Home Fragrance Aroma Diffuser With 7 LED Color Changing Light And Timer- Wood Grain/Solid Color"
2702,Data Not Availabe,Link Not Available,#8 Best Sellers,in Cleaning Appliances,14.4,55,10+ sold recently,"Automatic Electric Hair Curling Roller Machine, Ceramic Straightening & Wavy Hair Curling Styling Tool For Women & Teen Girls, Easy Operation Hair Curler"
2703,Data Not Availabe,Link Not Available,#7 Best Sellers,in Electric Space Heater,29.99,55,Recently Not Sell,"Space Heater HE003, 1500W 24"" Oscillating Ceramic Tower Heater W/ Remote, Indoor, Black"
2704,Data Not Availabe,Link Not Available,#7 Best Sellers,in Electric Space Heater,39.99,56,Recently Not Sell,"29"" 1500W Countertop Electric Barbecue Grill Hot Plate Temperature Control Cooking BBQ Griddle Non-Stick Table Top Grill Griddle Portable For Indoor Outdoor Kitchen Camping Picnic"
2705,Data Not Availabe,Link Not Available,#7 Best Sellers,in Electric Space Heater,21.6,4,20+ sold recently,"D4 Hair Clippers For Men Professional - Cordless&Corded Barber Clippers For Hair Cutting & Grooming, Rechargeable Beard Trimmer Hair Clippers Professional Cordless For Men, Barber Clippers For Hair Cutting Kit, Wireless LCD Display Hair Trimmers S"
2706,Data Not Availabe,Link Not Available,#9 Best Sellers,in Styling Tools & Appliances,8.2,4,Recently Not Sell,"1pc Multi-functional 28mm Spiral Hair Curling Iron, Suitable For Wet And Dry Hair, Create Different Types Of Wavy Curls"
2707,Data Not Availabe,Link Not Available,#9 Best Sellers,in Styling Tools & Appliances,10.5,40,Recently Not Sell,"New Outdoor Solar Animal Repellent Rat Repellent Bird Repellent Flash Animal Repellent, Animal Repellent."
2708,Data Not Availabe,Link Not Available,#9 Best Sellers,in Styling Tools & Appliances,10.2,4,Recently Not Sell,"1pc LED Makeup Mirror, 3 Lighting Modes, Adjustable Brightness, Foldable Function, Portable High-Definition Mirror, Rechargeable For Us"
2709,Data Not Availabe,Link Not Available,#9 Best Sellers,in Styling Tools & Appliances,10.4,4,Recently Not Sell,"Professional Electric Hair Clipper USB Cordless Electric Clipper Barber Beard Trimmer,USB Rechargeable Barber Hair Clipper Beard Rrimmer, Powerful Haircut Machi"
2710,Data Not Availabe,Link Not Available,#9 Best Sellers,in Styling Tools & Appliances,12.84,38,10+ sold recently,"Automatic Curling Iron, Negative Ion, Large Curl, Big Wave, Long Lasting Styling, Adjustable Curling Artifact."
2711,Data Not Availabe,Link Not Available,#9 Best Sellers,in Styling Tools & Appliances,15.3,38,Recently Not Sell,"1pc Rechargeable Portable Humidifier Fan For Air Conditioning, Household Small Air Cooler, Water-Cooled Portable Air Conditioning, Office 5-Speed F"
2712,Data Not Availabe,Link Not Available,#9 Best Sellers,in Styling Tools & Appliances,9.6,38,Recently Not Sell,"Kemei Professional Female Hair Removal Machine, Two Colors To Choose (Pink, Purple) , Easy To Quickly Hair Removal, Detachable Knife Head, Easy To Clean, Battery Durable And Rechargeable, Ladies Must, Family Must, Applicable To Travel And Holiday Gifts"
2713,Data Not Availabe,Link Not Available,#9 Best Sellers,in Styling Tools & Appliances,59.9,54,Recently Not Sell,"New Tower Fans For Home, 80° Oscillating Standing Fans With Remote, 18 Ft/S Velocity Quiet Bedroom Fan, 3 Speeds, Bladeless Floor Fan, Black"
2714,Data Not Availabe,Link Not Available,#9 Best Sellers,in Styling Tools & Appliances,8.9,54,Recently Not Sell,"2-In-1 Hair Straightener And Curler, Mini Hair Curling Wand, Hair Styling Tool For Straightening And Curling, Wet & Dry Bangs Clipper, Home Us"
2715,Data Not Availabe,Link Not Available,#9 Best Sellers,in Styling Tools & Appliances,11.2,54,10+ sold recently,1 Pcs Fabric Shaver Lint Remover Rechargeable Electric Portable Sweater Defuzzer With 3 Speeds Digital LED Display To Remove Pilling For Clothes Furniture Sweater Couch Blank
2716,Data Not Availabe,Link Not Available,#9 Best Sellers,in Styling Tools & Appliances,11.1,54,Recently Not Sell,"1pc Mini Smart Fingerprint Padlock, Waterproof Security Door Lock, Antitheft Keyless USB Rechargeable Lock For Suitcase Luggag"
2717,Data Not Availabe,Link Not Available,#9 Best Sellers,in Styling Tools & Appliances,12.1,54,Recently Not Sell,"Portable 4 In 1 Electric Vegetable Slicer Set, Wireless Food Processor, With Clean Brush For Garlic Chili Onion Celery Ginger M"
2718,Data Not Availabe,Link Not Available,#9 Best Sellers,in Styling Tools & Appliances,37.99,61,50+ sold recently,"Portable 4 In 1 Electric Vegetable Slicer Set, Wireless Food Processor, With Clean Brush For Garlic Chili Onion Celery Ginger M"
2719,Data Not Availabe,Link Not Available,#9 Best Sellers,in Styling Tools & Appliances,2.17,65,10+ sold recently,"Precision Replacement Brush Heads Compatible With Oral B Electric Toothbrush, White."
2720,Data Not Availabe,Link Not Available,#9 Best Sellers,in Styling Tools & Appliances,3.2,3,Recently Not Sell,"1pc Mini Portable Electric Shaver With USB Charging, Razor"
2721,Data Not Availabe,Link Not Available,#9 Best Sellers,in Styling Tools & Appliances,111.99,49,Recently Not Sell,"VIVOSUN 24"" Summer Industrial Fan Heavy Duty High Velocity Floor Standing Fan 3 Speed Air Circulation For Basement, Warehouse, Factory, Workshop And Greenhouse, ETL Certifi"
2722,Data Not Availabe,Link Not Available,#9 Best Sellers,in Styling Tools & Appliances,16.7,4,20+ sold recently,"1pc 2x 3x Magnification Three-Folding Makeup Mirror With 22 LEDs, Suitable For Home, Travel, Portable, Foldable USB Makeup Mirror"
2723,Data Not Availabe,Link Not Available,#9 Best Sellers,in Styling Tools & Appliances,16.6,4,Recently Not Sell,"Adult Ultrasonic Electric Toothbrush, USB Rechargeable, 3 Working Modes, With 4 Replaceable Microfiber Brush Heads, Medium Hardness, Unscented,, Lithium Battery Powered, Suitable For Sensitive Gums - Full Mouth Cleaning, Daily Us"
2724,Data Not Availabe,Link Not Available,#9 Best Sellers,in Styling Tools & Appliances,21.49,28,Recently Not Sell,"Heavy Duty Manual Meat Grinder, Aluminum Alloy Food Mincer Durable Grind Manual Sausage Meat Grinder Clamp-On Hand Grinder For Home Us"
2725,Data Not Availabe,Link Not Available,#9 Best Sellers,in Styling Tools & Appliances,39.99,33,Recently Not Sell,"Mini Skincare Fridge 4L With Dimmable LED Light Mirror, Cooler And Warmer For Refrigerating Make Up, And Food, Portable Mini Fridge For Bedroom, Office And Car Usage, Pink"
2726,Data Not Availabe,Link Not Available,#9 Best Sellers,in Styling Tools & Appliances,8.01,10,30+ sold recently,"Nail Clippers, Nail File, Electric Nail Clipper, Electric Automatic Nail Clipper, Electric Nail Clippers For Adults, Seniors, Nail Clippers Electric, Automatic Nail Clippers, Electric Nail Trimmer, Christmas Gif"
2727,Data Not Availabe,Link Not Available,#9 Best Sellers,in Styling Tools & Appliances,17.2,17,Recently Not Sell,Electric Toothbrush Ultrasonic Cleaning Wireless Charging 5 Modes 6 Replacement Brush Heads Ipx7 Waterproof Protection For Dental Health With Travel Box For Home And Travel Us
2728,Data Not Availabe,Link Not Available,#9 Best Sellers,in Styling Tools & Appliances,12.8,3,Recently Not Sell,"1 Piece Rechargeable 304 Stainless Steel Multifunctional Electric Vegetable Chopper,350ml Easy To Carry,Food Processor And Chopper For Garlic, Pepper, Onion, Celery, Ginger, Meat,Kitchen Gadgets"
2729,Data Not Availabe,Link Not Available,#9 Best Sellers,in Styling Tools & Appliances,68.99,30,Recently Not Sell,"High Velocity 12"" Floor Fan Portable Outdoor Indoor 3 Speeds Adjustable Tilt F"
2730,Data Not Availabe,Link Not Available,#9 Best Sellers,in Styling Tools & Appliances,48.99,48,Recently Not Sell,"Electric Meat Grinder Heavy Duty, 3000W Max Meat Mincer With 3 Stainless Steel Grinding And Sausage Stuffing Tubes For Home Use &Commercial"
2731,Data Not Availabe,Link Not Available,#9 Best Sellers,in Styling Tools & Appliances,11.8,48,10+ sold recently,"1pc English Language Wrist Blood Pressure Monitor With USB Cable, Adjustable Blood Pressure Monitor For Home Use, Large Screen Display And Voice Reporting, Measures Heart Rate, Powered By Lithium Battery"
2732,Data Not Availabe,Link Not Available,#9 Best Sellers,in Styling Tools & Appliances,110.0,4,Recently Not Sell,"Venice Babe 1.25"" Flat Iron With Luxe Gem Infused Plates"
2733,Data Not Availabe,Link Not Available,#9 Best Sellers,in Styling Tools & Appliances,54.98,44,20+ sold recently,Costway 1000W Multifunction Portable Hand-held Steam Cleaner W/10 Accessories
2734,Data Not Availabe,Link Not Available,#9 Best Sellers,in Styling Tools & Appliances,12.6,10,Recently Not Sell,"Heating Pad For Period Cramps, Portable Menstrual Cordless Electric Heated Pads For Pain Relief With Massager Rechargeable Heating Pad Birthday Gifts For Mom Women Girlfri"
2735,Data Not Availabe,Link Not Available,#9 Best Sellers,in Styling Tools & Appliances,41.5,3,Recently Not Sell,"Household Induction Cooker, Intelligent Multifunctional Hot Pot And Stir Fry Cooker"
2736,Data Not Availabe,Link Not Available,#9 Best Sellers,in Styling Tools & Appliances,32.39,40,Recently Not Sell,"Table Fan, Rechargeable Battery Operated Desk Fan With Auto Oscillation 90 Foldable Ultra Quiet 4 Speeds Light, Portable Air Circulator Fan With Hook, Wall Fan For Bedroom Home Desktop"
2737,Data Not Availabe,Link Not Available,#9 Best Sellers,in Styling Tools & Appliances,3.6,40,Recently Not Sell,LineHome Vacation Portable Black Mini Letter Fan With Battery For Summer
2738,Data Not Availabe,Link Not Available,#9 Best Sellers,in Styling Tools & Appliances,231.33,28,Recently Not Sell,"Nugget Ice Maker Countertop, 40lbs/24H, Pebble Ice Maker With Soft Chewable Ice, Self Cleaning Ice Machine, Stainless Steel With Touch Screen, Compact Design For Home Office Bar Party -Silver"
2739,Data Not Availabe,Link Not Available,#9 Best Sellers,in Styling Tools & Appliances,2.97,1,1.6k+ sold recently,"1pc Portable Handheld Mini Fan With One-Speed Adjustment, Powered By Aa Battery, Suitable For Outdoor Activities"
2740,Data Not Availabe,Link Not Available,#9 Best Sellers,in Styling Tools & Appliances,7.08,40,Recently Not Sell,1Pc Portable Mini Hand Clip Fan USB Charging Quiet Desktop Electric Fan  Student Dormitory Small Cooling Ventilador Fans
2741,Data Not Availabe,Link Not Available,#9 Best Sellers,in Styling Tools & Appliances,12.76,45,Recently Not Sell,"2-in-1 Hair Straightener Flat Iron, Straightener and Curler for All Hairstyles,LCD 248°F-392°F,60 minute timed shutdown,17 gear temperature regulatio"
2742,Data Not Availabe,Link Not Available,#9 Best Sellers,in Styling Tools & Appliances,47.9,52,Recently Not Sell,6 In 1 Hair Dryer Brush Blow Dryer Brush Curling Wand S
2743,Data Not Availabe,Link Not Available,#9 Best Sellers,in Styling Tools & Appliances,79.99,52,Recently Not Sell,"Cooluli 10L Mini Fridge For Bedroom - Car, Office Desk & College Dorm Room - 12v Portable Cooler"
2744,Data Not Availabe,Link Not Available,#9 Best Sellers,in Styling Tools & Appliances,6.2,52,10+ sold recently,"1pc Multicolor Innovative USB Rechargeable Octopus Mini Fan - 3 Speeds, Wearable & Multi-Functional - Ideal For Stroller, Outdoor, Table, & Necklace - Ultra-Portable Cooling Companio"
2745,Data Not Availabe,Link Not Available,#9 Best Sellers,in Styling Tools & Appliances,17.4,52,10+ sold recently,Portable Multi-Function Car Vacuum Cleaner Large Suction Wireless Charging Small Handheld High Power Powerful Vacuum Cleaner In The Home Car Special
2746,Data Not Availabe,Link Not Available,#9 Best Sellers,in Styling Tools & Appliances,42.99,9,Recently Not Sell,Impress Impress Mighty Mite 10-Inch Oscillating Portable Standing Fan With Metal Blades
2747,Data Not Availabe,Link Not Available,#5 Best Sellers,in Exhaust Fans,26.4,9,Recently Not Sell,"1pc Portable Range Hood For Cooking,  Portable Kitchen Exhaust Fan, Portable Exhaust Fan For Kitchen, Desktop Range Hood, Portable Range Hood For Kitchen, Portable Kitchen Hood V"
2748,Data Not Availabe,Link Not Available,#5 Best Sellers,in Exhaust Fans,16.5,9,10+ sold recently,"CRASTS Star MD-15 Foldable Hair Dryer With Concentrator Nozzle, Low Noise High Power Cold And Hot Airflow 3-Speed Settings 12m/S 17000r/Min Black, Suitable For Home And Salon Us"
2749,Data Not Availabe,Link Not Available,#5 Best Sellers,in Exhaust Fans,11.34,10,10+ sold recently,"1pc Rechargable 500mAh Smooth & Shiny Nails Instantly - Electric Nail Grinder, Mini Manicure Pen & Multi-Head Grinder S"
2750,Data Not Availabe,Link Not Available,#5 Best Sellers,in Hair Dryers,4.3,4,Recently Not Sell,"Hair Dryer Diffuser Attachment For Curly And Natural Wavy Hair, Fit With Nozzle Diameter 1.35-2 Inches And 90%+ Hair Dryer Designs On The Market, Black Friday"
2751,Data Not Availabe,Link Not Available,#5 Best Sellers,in Hair Dryers,53.54,20,Recently Not Sell,"IPL Laser Hair Removal, Upgraded To 999,900 Flashes, 9-Position Adjustment, Permanent Hair Removal For Home Use, Full Body Treatments For Face, Legs, Arms And Bikini Line (Ai-12)"
2752,Data Not Availabe,Link Not Available,#5 Best Sellers,in Hair Dryers,58.7,20,50+ sold recently,"3-In-1 At-Home IPL Laser Hair Removal Device - Laser Hair Removal With Cooling For Women & Men - 9 Levels Upgrade & 999900 Flashes For Face, Armpit, Arm, Bikini Line, Leg & Whole Body"
2753,Data Not Availabe,Link Not Available,#5 Best Sellers,in Hair Dryers,10.35,10,20+ sold recently,"1pc Manual Coffee Grinder, Portable Hand Crank Coffee Bean Grinder, Hand Grinding Coffee Machine with Adjustable Ceramic Cor"
2754,Data Not Availabe,Link Not Available,#5 Best Sellers,in Hair Dryers,44.19,43,Recently Not Sell,"Mini Donut Maker- Donut Maker Machine For Home -16 Small Donut Maker,Electric Non-Stick Surface Makes For Kids Donut Maker, Makes Doughnuts Whi"
2755,Data Not Availabe,Link Not Available,#2 Best Sellers,in Hair Curling Irons,12.1,43,Recently Not Sell,"CRASTS Star Maker 32mm/25mm Quick Heat Up One Button Switch Large Wavy Curling Wand 1039, Suitable For Home Or Travel"
2756,Data Not Availabe,Link Not Available,#2 Best Sellers,in Hair Curling Irons,3.3,3,Recently Not Sell,"LARGNER Portable Mini Shaver For Men, Electric Razor Waterproof For Full Body Wash, USB Rechargeable With Long Battery Life, Great Father's Day Gif"
2757,Data Not Availabe,Link Not Available,#2 Best Sellers,in Hair Curling Irons,8.6,3,Recently Not Sell,"1pc UV LED Nail Lamp , Professional Nail Dryer Gel Polish Light, UV Nail Light With 3 Timer Setting, Nail Polish Curing Gel LED Dryer, Professional Nail Art Tools With Automatic Sensor, LCD Display"
2758,Data Not Availabe,Link Not Available,#2 Best Sellers,in Hair Curling Irons,21.21,40,Recently Not Sell,Pronto Digital Multifunction Kitchen And Food Scal
2759,Data Not Availabe,Link Not Available,#2 Best Sellers,in Hair Curling Irons,72.68,5,Recently Not Sell,"Meat Slicer 200W Electric Deli Food Slicer, 0-15mm Cutting Capability, Meat Slicer, Adjustable Thickness For Home Use, Easy To Clean, Cuts Meat, Bread And Chees"
2760,Data Not Availabe,Link Not Available,#2 Best Sellers,in Hair Curling Irons,6.0,5,Recently Not Sell,"Rechargeable Electric Toothbrush - Waterproof, Automatic, USB Charging, Replaceable Brush H"
2761,Data Not Availabe,Link Not Available,#2 Best Sellers,in Hair Curling Irons,17.1,5,100+ sold recently,"Roll On Wax, Wax Roller Kit For Hair Removal, Honey Roller Waxing Kit Include 2 Honey Soft Wax Cartridge & 100 Non-Woven Wax Strips, Portable Pink Wax Heater Machine For Women & Men, Waxing Roller Kit Depilatory Wax For Sensitive Ski"
2762,Data Not Availabe,Link Not Available,#2 Best Sellers,in Hair Curling Irons,17.1,5,60+ sold recently,"Roll On Wax, Wax Roller Kit For Hair Removal, Roller Waxing Kit Include 2 Soft Wax Cartridge & 100 Non-Woven Wax Strips, Portable Pink Wax Heater Machine For Women & Men, Waxing Roller Kit Depilatory Wax For Sensitive Ski"
2763,Data Not Availabe,Link Not Available,#2 Best Sellers,in Hair Curling Irons,15.98,40,Recently Not Sell,"Handheld Fan Rechargeable, Mini Portable Fan Small Hand Fan, 3000mAh Battery Operated 22Hrs+ Makeup Eyelash Fan Personal Fan Gifts For Women Girls Men Travel Indoor Outdoor (Black)"
2764,Data Not Availabe,Link Not Available,#2 Best Sellers,in Hair Curling Irons,161.27,28,Recently Not Sell,"12 Volt Refrigerator 12V Car Fridge 42 Quart Portable Freezer Compressor Cooler Compressor Freezer, 12/24V DC 110~240 Volt AC, -4℉~68℉ For Truck RV SUV Home Us"
2765,Data Not Availabe,Link Not Available,#2 Best Sellers,in Hair Curling Irons,18.65,16,40+ sold recently,Electric Hair Trimmer The Broken Hair Fork End Trimming Can Charging The Ropeless Hair End Cutting Machine For Home Use Of A Split -End Trimber
2766,Data Not Availabe,Link Not Available,#2 Best Sellers,in Hair Curling Irons,55.0,8,Recently Not Sell,"Tropico Getaway 0.5"" Flat Iron With Travel Bag + ""Spotlight"" LED Selfie Ligh"
2767,Data Not Availabe,Link Not Available,#2 Best Sellers,in Hair Curling Irons,50.27,37,Recently Not Sell,3L Hot Pot Cooker Skillet Steamer - Multifunction Frying Pan 110V Non-Stick Grill Stir-Fried Stewed Cookware Steak Noodle Ramen Shabu Shabu Pot - Home Office Party Kitchen Dorm Cooking Whi
2768,Data Not Availabe,Link Not Available,#2 Best Sellers,in Hair Curling Irons,17.5,37,Recently Not Sell,"Automatic Hair Repair Split End Remover Trimmer, For Dry, Split Ends, Damaged And Brittle Hair, Hair Grooming Tool For Men And Women, Portable USB Hair Cutting Tool, Automatic Electric Hair Clipper, Ideal Gift For Women On Special Occasions"
2769,Data Not Availabe,Link Not Available,#2 Best Sellers,in Hair Curling Irons,39.03,40,Recently Not Sell,YONGSTYLE Wooden Tortillera Press Set Include 1 Mexican Tortillera Presser 10 Inch Rotatable Tortilla Press Maker 200 Parchment Paper 1 Wood Cutter With Accessories For Mexican Taco Ro
2770,Data Not Availabe,Link Not Available,#2 Best Sellers,in Hair Curling Irons,43.1,41,Recently Not Sell,3 In 1 Breakfast Sandwich Maker Nonstick Panini Press Waffle Maker Bubble Waffle Egg Electric Grill With Non-Stick Coating & Removale Plates
2771,Data Not Availabe,Link Not Available,#2 Best Sellers,in Hair Curling Irons,10.4,5,Recently Not Sell,Hanging Neck Fan Usb Portable 5-Gear Adjustable With Digital Display Mini Portable Small Lazy Person Hanging Neck Neck Leafless Rechargeable 360° Adjustable Refrigeration Air Conditioning Outdoor Student Mute Large Wind Fan Cooling Artefact Gift/Val
2772,Data Not Availabe,Link Not Available,#2 Best Sellers,in Hair Curling Irons,2.77,13,Recently Not Sell,"1pc 1.2m Zinc Alloy 3-In-1 USB Charging Data Cable, Compatible With Huawei, Android, And Apple Devices"
2773,Data Not Availabe,Link Not Available,#2 Best Sellers,in Hair Curling Irons,8.3,13,Recently Not Sell,"1pc Lovely Portable Humidifier, USB Desktop Humidifier With Color Lights, Cold Mist Mute Ultrasonic Fragrance Diffuser, Suitable For Cars, Offices, Bedrooms"
2774,Data Not Availabe,Link Not Available,#2 Best Sellers,in Hair Curling Irons,18.2,13,60+ sold recently,"CRASTS Big Diameter 40mm Curling Iron HC-010, Violet, For Quick Heat-Up And Big Wavy Style, Suitable For Home, Travel, And Salon Use."
2775,Data Not Availabe,Link Not Available,#2 Best Sellers,in Hair Curling Irons,25.7,4,200+ sold recently,"1 Piece Automatic Curling Lron, Electric HeatedHair Curler, Automatical Rotating Curling LronsPortable Heated Hair Styling Tool For Home,Salon, Barbershop, Beauty Products"
2776,Data Not Availabe,Link Not Available,#2 Best Sellers,in Hair Curling Irons,23.99,40,Recently Not Sell,"Car Wireless Mini Vacuum Cleaner, 12000pa USB Charging Handheld Car Vacuum Cleaner, Multipurpose Dust Cleaner, Dust Remove Cleaning Tool For Car Home Use,High Power With Fast Cahrge Tech,Portable Vacuum With Large-Capacity Battery"
2777,Data Not Availabe,Link Not Available,#2 Best Sellers,in Hair Curling Irons,89.99,38,20+ sold recently,"1300W GDOR JE2105 Juicer with Larger 3.2” Feed Chute for Whole Fruits and Veggies, Titanium Enhanced Cut Disc, Full Copper Motor Heavy Duty Centrifugal Juice Extractor Machines, Dual Speeds, BPA-Free, Silver."
2778,Data Not Availabe,Link Not Available,#2 Best Sellers,in Hair Curling Irons,4.4,38,Recently Not Sell,1pc Blue Practical And Portable Adjustable Telescopic Back Scratcher With Pocket Clip Manual Massager Kit Handheld Tool
2779,Data Not Availabe,Link Not Available,#2 Best Sellers,in Hair Curling Irons,11.4,38,Recently Not Sell,Professional Electric Nose Hair Trimmer Km-313 3 In 1 Sideburns Knife Head Eyebrow Trimming Nose Hair Shaver Nose Hair Trimmer
2780,Data Not Availabe,Link Not Available,#2 Best Sellers,in Hair Curling Irons,55.99,7,10+ sold recently,"VNIMTI Mini Skincare Fridge, Portable Cosmetic Fridges With Makeup Mirror, Cooler & Warmer, AC & DC, Small Refrigerator For Bedroom, Car, Office, Outdoor"
2781,Data Not Availabe,Link Not Available,#2 Best Sellers,in Hair Curling Irons,23.95,20,Recently Not Sell,"Camping Fan, 2-In-1 Rechargeable Camping Fan And LED Lantern With 270° Rotation And Built-In Hook For Camping"
2782,Data Not Availabe,Link Not Available,#2 Best Sellers,in Hair Curling Irons,60.84,33,10+ sold recently,"Cotton Candy Machine Kit - Red Sugar Candy Maker, Effortless Home Cotton Candy Maker Machine with Comprehensive User-Friendly Guide, Ideal for Parties & Fun Gatherings"
2783,Data Not Availabe,Link Not Available,#2 Best Sellers,in Hair Curling Irons,49.68,28,Recently Not Sell,"6.5QT Air Fryer Oven, 8-In-1 Stainless Steel Air Fryer With Digital Touchscr"
2784,Data Not Availabe,Link Not Available,#8 Best Sellers,in Hair Clippers,17.8,28,Recently Not Sell,"KEMEI Professional Electric Cordless Hairdresser, Razor, Long-Life High-Speed Motor Power, USB Data Line Straight, Plus Three Limit Combs And Cleaning Brushes, Home Haircuts, Small And Portable, Holiday Gifts, Men Only, Applicable To Travel"
2785,Data Not Availabe,Link Not Available,#8 Best Sellers,in Hair Clippers,7.8,4,Recently Not Sell,"LARGNER Mini Electric Shaver,Electric Shaves For Men,Alloy Body,25 Small Blades,6500RPM Motor,Type-C Charging Use For 45 Days,IPX7 Waterproof,Travel Shaver,Uitable For Home,Car,Trav"
2786,Data Not Availabe,Link Not Available,#8 Best Sellers,in Hair Clippers,11.3,4,20+ sold recently,"Electric Men's Razor, Mini-Shave Electric Shaver For Travel & Camping, Portable Beard Trimmer Shaving Machine Hair Clipper Facial Epilator, Perfect Father's Day & Friend Gift!"
2787,Data Not Availabe,Link Not Available,#8 Best Sellers,in Hair Clippers,10.7,4,Recently Not Sell,"1 Pc -50°C~550 °C  Household Handheld Infrared Thermometer Digital Non-Contact IR Temperature Sensor Pyrometer Professional Tool For Home Use, Cooking, Appliances Reparing (Battery Not Included)"
2788,Data Not Availabe,Link Not Available,#8 Best Sellers,in Hair Clippers,5.98,26,Recently Not Sell,"2 PCS Washer Door Striker 131763310 Replacement Part Compatible for Frigidaire & Kenmore Washers Machine, Replaces 131763300 AP3580441 PS890617 1032664"
2789,Data Not Availabe,Link Not Available,#8 Best Sellers,in Hair Clippers,56.0,63,90+ sold recently,"INSE Stick Corded Vacuum Cleaner, 18KPA Powerful Suction with 600W Motor, 3-in-1 Handheld for Pet Hair Hard Floor Hom"
2790,Data Not Availabe,Link Not Available,#9 Best Sellers,in Laser Hair Removal Devices,34.8,63,Recently Not Sell,"1pc 999,990 Flashes IPL Epilator For Women Body Pubic Bikini 5 Gears Photoepilator Laser Hair Removal Pulses Depilator Home Use Device Remover"
2791,Data Not Availabe,Link Not Available,#9 Best Sellers,in Laser Hair Removal Devices,16.35,27,10+ sold recently,"1 Pc Portable Air Compressor Air Pump, 150PSI Air Pump For Swimming Rings, Balloons, Air Mattresses, Balls, Tires, Air Beds, Inflation Electric Air Pump With Accurate Digital Pressure Gauge LCD Display, With Emergency LED Ligh"
2792,Data Not Availabe,Link Not Available,#9 Best Sellers,in Laser Hair Removal Devices,68.0,20,Recently Not Sell,"IPL Laser Hair Removal With Cooling System, Upgraded To 999,999 Flashes, 3 Functions, 9 Energy Levels, Painless Hair Remover, Full Body Treatments For Face, Legs, Arms And Bikini Line (Ai-10)"
2793,Data Not Availabe,Link Not Available,#9 Best Sellers,in Laser Hair Removal Devices,3.31,23,Recently Not Sell,1pc Food Thermometer Coffee Thermometer Stainless Steel Coffee Pot Thermometer Milk Frothing Pitcher Accessory Clip-On Dial Probe Metal Pointer Temperature Gauge For Hand Drip Coffee Home Supplies
2794,Data Not Availabe,Link Not Available,#9 Best Sellers,in Laser Hair Removal Devices,12.48,40,Recently Not Sell,1pc Modern Smart Floating Lamp Creative Luxury Gift Home Decor
2795,Data Not Availabe,Link Not Available,#9 Best Sellers,in Laser Hair Removal Devices,20.4,40,Recently Not Sell,"2pcs Electric Salt And Pepper Grinder Set, Salt Or Pepper Grinder, Adjustable Coarseness, Battery Operated, With LED Light, One-Hand Automatic Operation, Stainless Steel"
2796,Data Not Availabe,Link Not Available,#8 Best Sellers,in Massage Chair,584.64,28,Recently Not Sell,"Massage Chair Recliner With Zero Gravity, Full Body Massage Chair With Heating, Bluetooth Speaker, Airbags, Foot Roller, Touch Screen, Space-Saving For Office,Faux Leather (Black)"
2797,Data Not Availabe,Link Not Available,#8 Best Sellers,in Massage Chair,84.66,28,Recently Not Sell,"PrettyCare Stick Vacuum Cleaner, 6 In 1 Lightweight Cordless Vacuum Cleaner With Powerful Suction, 180° Bendable Wand Rechargeable House Vacuum For Home Hardwood Floor Pet Hair"
2798,Data Not Availabe,Link Not Available,#8 Best Sellers,in Massage Chair,21.7,28,Recently Not Sell,"Double-Layer Anti-Scald Stainless Steel Electric Kettle With Auto Shut-Off Feature, Small Capacity For Home Us"
2799,Data Not Availabe,Link Not Available,#8 Best Sellers,in Massage Chair,162.82,22,Recently Not Sell,"Full-Automatic Portable Washing Machine, 17.6Lbs Capacity Portable Washer With Drain Pump, 10 Wash Programs/LED Display/8 Water Levels/Faucet Adapter, 2.3 Cu.Ft Full-Automatic Compact Laundry Washer For Apartment, Dorm, Rvs"
2800,Data Not Availabe,Link Not Available,#8 Best Sellers,in Massage Chair,20.7,3,20+ sold recently,"1pc 1800mah Rechargeable Vacuum Cleaner For Household And Car Use, Suitable For Indoor And Outdoor Use All Year Ro"
2801,Data Not Availabe,Link Not Available,#8 Best Sellers,in Massage Chair,1.02,40,Recently Not Sell,"2pcs Disposable Hand Warmer, Adhesive Body Warmer For Winter Outdoor Activities, Natural Scent-Free, Air Activ"
2802,Data Not Availabe,Link Not Available,#10 Best Sellers,in Vacuum Cleaners,89.0,44,Recently Not Sell,"2pcs Disposable Hand Warmer, Adhesive Body Warmer For Winter Outdoor Activities, Natural Scent-Free, Air Activ"
2803,Data Not Availabe,Link Not Available,#10 Best Sellers,in Vacuum Cleaners,2.5,44,Recently Not Sell,Portable Battery-Powered Men's Nose Hair Trimmer
2804,Data Not Availabe,Link Not Available,#10 Best Sellers,in Vacuum Cleaners,169.99,44,Recently Not Sell,"Bottom Loading Self Cleaning Water Dispenser For 3 Or 5 Gallon Bottles,Stainless Steel Water Dispenser With 3 Temperatures-Hot, Cold & Room Water, Anti-Scalding Design And Child Safety Lock"
2805,Data Not Availabe,Link Not Available,#10 Best Sellers,in Vacuum Cleaners,189.99,30,Recently Not Sell,LUCKYERMORE 2.6 Cu.Ft. Mini Fridge With Freezer Compact Refrigerator Single Door Adjustable Thermostat Removable Shelves Reversible Dorm
2806,Data Not Availabe,Link Not Available,#10 Best Sellers,in Vacuum Cleaners,57.7,30,Recently Not Sell,6 In 1 Foldable Hair Styler Set Hair Dryer Brush Blower High-Speed Negative Ionic Hot Air Brush With Interchangeable Brush Head Hair Dryer Comb For Fast Drying Curling Volumizing Straightening
2807,Data Not Availabe,Link Not Available,#10 Best Sellers,in Vacuum Cleaners,7.62,40,20+ sold recently,6 In 1 Foldable Hair Styler Set Hair Dryer Brush Blower High-Speed Negative Ionic Hot Air Brush With Interchangeable Brush Head Hair Dryer Comb For Fast Drying Curling Volumizing Straightening
2808,Data Not Availabe,Link Not Available,#10 Best Sellers,in Vacuum Cleaners,9.7,40,100+ sold recently,1pc Portable Mini Hair Straightener Flat Iron Hair Curler For Men Women Short Hair Wave Hairstyling Dual Voltage Straightening Irons
2809,Data Not Availabe,Link Not Available,#10 Best Sellers,in Vacuum Cleaners,59.66,40,Recently Not Sell,Unbeatablesale J-15 WHT Citrus Squeezer
2810,Data Not Availabe,Link Not Available,#10 Best Sellers,in Vacuum Cleaners,4.45,50,Recently Not Sell,"[New Arrival] Stainless Steel Accurate Kitchen Electronic Scale For Home Food Weighing, Baking, Small And Compac"
2811,Data Not Availabe,Link Not Available,#8 Best Sellers,in Hair Straightening Irons,14.0,50,Recently Not Sell,"1pc Dual-use Hair Straightener And Curler With Plug, 4 Adjustable Temperature Settings And Negative Ion Hair Care Functio"
2812,Data Not Availabe,Link Not Available,#8 Best Sellers,in Hair Straightening Irons,99.99,41,Recently Not Sell,"Steam Cleaner With 21 Accessories, Steamer For Cleaning, 5 Minutes Fast Heating, Portable Canister Steamer For Floors, Carpet, Cars, Tiles, Grout Cleaning, Chemical-Free, 1.5L Capacity (Guncolor) HK019"
2813,Data Not Availabe,Link Not Available,#8 Best Sellers,in Hair Straightening Irons,495.88,28,Recently Not Sell,"TASVAC Cordless Robotic Pool Cleaner, Automatic Pool Vacuum, 100-140 Mins Runtime, Powerful, Self-Parking, Lightweight, Ideal For Flat Above/In-Ground Pool Up To 80 Feet/2000 Sq.F"
2814,Data Not Availabe,Link Not Available,#8 Best Sellers,in Hair Straightening Irons,44.99,40,Recently Not Sell,"TASVAC Cordless Robotic Pool Cleaner, Automatic Pool Vacuum, 100-140 Mins Runtime, Powerful, Self-Parking, Lightweight, Ideal For Flat Above/In-Ground Pool Up To 80 Feet/2000 Sq.F"
2815,Data Not Availabe,Link Not Available,#8 Best Sellers,in Hair Straightening Irons,100.99,38,10+ sold recently,3-In-1 Evaporative Portable Air Cooler With 3 Modes Include Remote Control-Whi
2816,Data Not Availabe,Link Not Available,#8 Best Sellers,in Hair Straightening Irons,10.5,38,Recently Not Sell,"Mini Cute Desktop Dust Vacuum Cleaner, Desktop Cleaner, Portable Corner Table Vacuum Cleaner Mini Cute Vacuum Cleaner Dust Sweeper"
2817,Data Not Availabe,Link Not Available,#8 Best Sellers,in Hair Straightening Irons,23.59,41,40+ sold recently,"Gevi 5 Cups Small Coffee Maker, Compact Coffee Machine with Reusable Filter, Warming Plate and Coffee Pot for Home and Offic"
2818,Data Not Availabe,Link Not Available,#8 Best Sellers,in Hair Straightening Irons,138.29,34,Recently Not Sell,"YONGSTYLE Mini Fge,20L Compact Skincare Fge, 60W Portable Cooling and Heating Refrigerator for Skincare, Foods, Medications, Bedroom, Office & Car, black"
2819,Data Not Availabe,Link Not Available,#8 Best Sellers,in Hair Straightening Irons,0.96,40,Recently Not Sell,"1pc Insect Trap Handy Scoopers, Bug Catcher Set Insects Scissors, Outdoor Portable Insects Catcher Tongs Light Tweezers"
2820,Data Not Availabe,Link Not Available,#8 Best Sellers,in Hair Straightening Irons,64.01,36,Recently Not Sell,"Waffle Maker, 1400W Double Belgian Waffle Iron 180 , 8 Slices, Rotating & Nonstick Plates, Removable D Tray For Easy Cleaning, Cool Touch Handles, Space Saving Storage, Black"
2821,Data Not Availabe,Link Not Available,#8 Best Sellers,in Hair Straightening Irons,22.7,36,Recently Not Sell,"1pc Electric Toothbrush For Adults, Ultrasonic Toothbrushes With 8 Brush Heads, Rechargeable Electronic Toothbrush, Comes With A Travel Box White, 8 Replacement Heads,Replacement Head Can Be Used For 2 Years,Sensitive Gums And Teeth Special Soft Toothbrush"
2822,Data Not Availabe,Link Not Available,#8 Best Sellers,in Hair Straightening Irons,16.4,9,50+ sold recently,"1pc Electric Toothbrush For Adults, Ultrasonic Toothbrushes With 8 Brush Heads, Rechargeable Electronic Toothbrush, Comes With A Travel Box White, 8 Replacement Heads,Replacement Head Can Be Used For 2 Years,Sensitive Gums And Teeth Special Soft Toothbrush"
2823,Data Not Availabe,Link Not Available,#8 Best Sellers,in Hair Straightening Irons,2.3,9,Recently Not Sell,"1pc Portable Mini UV LED Nail Lamp With USB Cable, Egg Shape Design Nail Dryer Fast Drying"
2824,Data Not Availabe,Link Not Available,#8 Best Sellers,in Hair Straightening Irons,44.9,9,Recently Not Sell,Multifunctional 6-In-1 60000rpm High Power Hair Dryer Negative Ions Do Not Damage Hair Hot Air Comb
2825,Data Not Availabe,Link Not Available,#8 Best Sellers,in Hair Straightening Irons,17.02,33,10+ sold recently,"Wireless Home Cleaning & Car Vacuum Cleaner, Handheld Cordless Vacuum Cleaner For Car Interior, Home, Kitchen, Keyboard, Sofa And More."
2826,Data Not Availabe,Link Not Available,#8 Best Sellers,in Hair Straightening Irons,199.99,23,Recently Not Sell,WANAI Retro Mini Fridge Compact Refrigerator with Freezer 3.2 Cu.Ft Classic Refrigerator 2 Door Mini Refrigerator Adjustable Removable Glass Shelves & Drawer Suitable for Dorm Garage and Offic
2827,Data Not Availabe,Link Not Available,#8 Best Sellers,in Hair Straightening Irons,34.7,2,Recently Not Sell,Portable Solar Panel Powered Fan Rechargeable Battery With 2 Lights Fans Quiet Height Adjustable USB Floor Fan For Outdoor Trav
2828,Data Not Availabe,Link Not Available,#8 Best Sellers,in Hair Straightening Irons,46.82,9,10+ sold recently,"YONGSTYLE 3D Shiatsu Heated Massager: Deep Tissue Kneading Pillow For Neck, Back, Shoulder, Leg, And Body - Muscle Pain Relief For Home, Office, And Car - Perfect Holiday Gif"
2829,Data Not Availabe,Link Not Available,#8 Best Sellers,in Hair Straightening Irons,379.99,12,50+ sold recently,"fy Clean by Anker, Clean G40Hybrid+, Robot Vacuum, Self-Emptying, Robot Vacuum and Mop, 2,500Pa Suction Power, WiFi Connected, Planned Pathfinding, Ultra-Slim Design, Perfect for Daily Cleaning"
2830,Data Not Availabe,Link Not Available,#8 Best Sellers,in Hair Straightening Irons,16.1,12,30+ sold recently,"Cordless Hair Straightener, Usb Charging Portable Mini Ceramic Curling Iron, 3 Levels Of Adjustable Temperature, Perfect For Travel"
2831,Data Not Availabe,Link Not Available,#8 Best Sellers,in Hair Straightening Irons,90.74,28,10+ sold recently,"TASVAC Portable Carpet & Upholstery Cleaner Machine, Spot And Stain Deep Cleaner With Two Brushes & Remover Formula For Pets, Stairs, Couch Area Rugs, Upholstery, Car Seat, C7-Purpl"
2832,Data Not Availabe,Link Not Available,#8 Best Sellers,in Hair Straightening Irons,16.4,9,30+ sold recently,"TASVAC Portable Carpet & Upholstery Cleaner Machine, Spot And Stain Deep Cleaner With Two Brushes & Remover Formula For Pets, Stairs, Couch Area Rugs, Upholstery, Car Seat, C7-Purpl"
2833,Data Not Availabe,Link Not Available,#8 Best Sellers,in Hair Straightening Irons,64.01,42,Recently Not Sell,"3-In-1 Waffle, Omelet, Egg Waffle Maker, 3 Removable Nonstick Baking Plates, Upgraded 360 Rotating Belgian Maker"
2834,Data Not Availabe,Link Not Available,#8 Best Sellers,in Hair Straightening Irons,13.14,40,Recently Not Sell,1Pc New 5 In 1 Electric Hair Dryer Hot Air Brush Multifunctional Hair Straightener Negative Ion Curler Blow Dryer Styling Tool S
2835,Data Not Availabe,Link Not Available,#8 Best Sellers,in Hair Straightening Irons,74.58,15,Recently Not Sell,"6 Quart Electric Pressure Cooker: 9-In-1 Multi-Cooker, Pressure Cooker, Slow Cooker, Rice Cooker, Steam, Saut, Yogurt Maker, Warmer & Sterilizer, Programmable Pressure Cooker With 24H Delay Timer"
2836,Data Not Availabe,Link Not Available,#8 Best Sellers,in Hair Straightening Irons,39.99,57,10+ sold recently,"Ihomekee Espresso Machine, 3.5Bar Espresso and Cappuccino Machine with Preheating Function, 4 Cup Coffee Maker with Milk Frothing Function and Steam W"
2837,Data Not Availabe,Link Not Available,#8 Best Sellers,in Hair Straightening Irons,24.9,10,Recently Not Sell,"Ihomekee Espresso Machine, 3.5Bar Espresso and Cappuccino Machine with Preheating Function, 4 Cup Coffee Maker with Milk Frothing Function and Steam W"
2838,Data Not Availabe,Link Not Available,#8 Best Sellers,in Hair Straightening Irons,27.4,10,20+ sold recently,Wireless Portable Car Vacuum Cleaner With Super Suction Power Rechargeable Handheld Home & Car Dual-Use Vacuum Cleaner Wet & Dry Pet Hair Cleaner
2839,Data Not Availabe,Link Not Available,#8 Best Sellers,in Hair Straightening Irons,38.99,40,Recently Not Sell,"Portable Neck Fan, Hands Free Bladeless Fan, 4000 MAh Battery Operated Wearable Personal Fan, Leafless, Rechargeable, Headphone Design,3 Speeds Gifts For Women Men-Dark Gr"
2840,Data Not Availabe,Link Not Available,#8 Best Sellers,in Hair Straightening Irons,7.9,40,80+ sold recently,1pc Multifunction 2 In 1 Electric Curler Hair Curling Iron Hair Straightener Heated Roller Professional Hair Styling Tools
2841,Data Not Availabe,Link Not Available,#8 Best Sellers,in Hair Straightening Irons,5.46,40,Recently Not Sell,"New Foldable And Extendable Dual-Head Mini Fan For Desk, USB-Powered Portable And Compact F"
2842,Data Not Availabe,Link Not Available,#8 Best Sellers,in Hair Straightening Irons,101.78,28,Recently Not Sell,"Poweart Cordless Vacuum Cleaner, 30Kpa Powerful Stick Vacuum Up To 45 Min Runtime, 8 In 1 Vacuum For Hardfloors Pet Hair Home-V870 Bl"
2843,Data Not Availabe,Link Not Available,#8 Best Sellers,in Hair Straightening Irons,5.95,50,30+ sold recently,"25/28/32mm Ceramic Coating Curling Iron Wand With 360 Degree Swivel Cord, Suitable For Short, Medium & Long Hair, Dry Or Wet Hair, Creating Various Classic Curls."
2844,Data Not Availabe,Link Not Available,#8 Best Sellers,in Hair Straightening Irons,58.7,50,10+ sold recently,"25/28/32mm Ceramic Coating Curling Iron Wand With 360 Degree Swivel Cord, Suitable For Short, Medium & Long Hair, Dry Or Wet Hair, Creating Various Classic Curls."
2845,Data Not Availabe,Link Not Available,#8 Best Sellers,in Hair Straightening Irons,15.66,17,Recently Not Sell,"Car vacuum cleaner, handheld wet and dry vacuum cleaner, wireless car home dual-use high-power vacuum cleaner and dust blower"
2846,Data Not Availabe,Link Not Available,#8 Best Sellers,in Hair Straightening Irons,3.2,17,Recently Not Sell,1 Rechargeable/Battery Powered Electric Toothbrush With 6 Brush Heads
2847,Data Not Availabe,Link Not Available,#8 Best Sellers,in Hair Straightening Irons,14.2,17,Recently Not Sell,"Desk Fan Oscillating Bladeless Fan,Portable Small Tower Fan Electric Quiet Fan With Dual Air Circulation,Personal Cooling Fan With Cool Air Usb Bedside Fans For Home Office Bedroom Desktop"
2848,Data Not Availabe,Link Not Available,#8 Best Sellers,in Hair Straightening Irons,31.6,17,Recently Not Sell,"Wireless Handheld Vacuum Cleaner - Portable High Power Cordless Mini Car Vacuum Cleaner For Home Pet Hair Car Cleaning,Powerful Suction & Durable Body Portable USB Rechargeable(Red)"
2849,Data Not Availabe,Link Not Available,#8 Best Sellers,in Hair Straightening Irons,2254.99,55,Recently Not Sell,"VEVOR Commercial Ice Cream Machine, 20-25L/H Yield, 2400W 1-Flavor Hard Serve Ice Cream Maker,  8L Stainless Steel Cylinder, Digital Display Auto Clean Adjustable Hardness, For Restaurant Snack Bars"
2850,Data Not Availabe,Link Not Available,#8 Best Sellers,in Hair Straightening Irons,9.4,55,Recently Not Sell,"1pc Mini Electric Heated Eyelash Curler, New Model, Portable Design, Black Color, Fast Heating, Long-Lasting Curls, Suitable For Daily Makeup, Holidays, Essential Beauty Tool, Precise Temperature Control, Protects Lashes Without Damaging Hair, Suitable For Beginners And Professional Makeup Artists"
2851,Data Not Availabe,Link Not Available,#8 Best Sellers,in Hair Straightening Irons,143.99,26,Recently Not Sell,Compact Twin Tub With Built-In Drain Pump 14.3(7.7 6.6)Lbs Semi-Automatic Gray Cover Washing Machi
2852,Data Not Availabe,Link Not Available,#8 Best Sellers,in Hair Straightening Irons,27.97,44,100+ sold recently,"1pc Titanium Flat Iron With Adjustable Temp(290°F-450°F), 1 Inch Plate For All Hairstyles Hair Straightener Irons"
2853,Data Not Availabe,Link Not Available,#8 Best Sellers,in Hair Straightening Irons,13.5,4,100+ sold recently,"1pc Hair Clipper For Men, Rechargeable Electric Professional Grooming Cutting Kit, Mustache T Blade Liners Trimmer Electric Shavers, Cordless Hair Clippers Barber Supplies For Body Face Mustache Grooming, Gifts For M"
2854,Data Not Availabe,Link Not Available,#8 Best Sellers,in Hair Straightening Irons,27.4,4,400+ sold recently,"【US】ANGENIL Professional  Titanium Flat Iron Hair Straightener and Curlers 2 in 1, Straightening Curling Hair Styling Irons for Women All Hair Types, Fast Heating, 1 inch Dual Voltage Travel Flat Iron, 360° Swivel Cor"
2855,Data Not Availabe,Link Not Available,#8 Best Sellers,in Hair Straightening Irons,16.14,40,Recently Not Sell,"Digital Display Automatic Car Air Compressor Pump, Suitable For Basketball, Bicycle, Motorcycle, Inflates Automatically Stop When It's Full"
2856,Data Not Availabe,Link Not Available,#8 Best Sellers,in Hair Straightening Irons,5.7,14,Recently Not Sell,"Digital Display Automatic Car Air Compressor Pump, Suitable For Basketball, Bicycle, Motorcycle, Inflates Automatically Stop When It's Full"
2857,Data Not Availabe,Link Not Available,#8 Best Sellers,in Hair Straightening Irons,53.44,22,10+ sold recently,"YONGSTYLE Portable Camping Fan with Lights, 20000mAh Detachable Rechargeable Battery Operated Fan, Battery Powered Outdoor Tent Fan with 4 Speeds & Hook, Personal USB Table Fan for Camping Accessories"
2858,Data Not Availabe,Link Not Available,#8 Best Sellers,in Hair Straightening Irons,15.99,40,Recently Not Sell,"Mini Portable Fan Handheld Fan, 3 Speed USB C Rechargeable Battery Operated Mini Pocket Personal Lash Fan With Lanyard Base Cooling Desk Fan For Kids Girls Women Travel Indoor Outdoor Black"
2859,Data Not Availabe,Link Not Available,#8 Best Sellers,in Hair Straightening Irons,105.45,25,Recently Not Sell,"YONGSTYLE Select Stainless Digital Rice & Grain Multicooker, Rice Cooker 4 Cup uncook"
2860,Data Not Availabe,Link Not Available,#8 Best Sellers,in Hair Straightening Irons,79.99,38,10+ sold recently,"GDOR SJ-017 Cold Press Juicer With 3.5” Feed Chute, Tritan Material, Powerful 100NM Motor Slow Juicer Machines, Heavy Duty, Masticating Juice Extractor Fits Whole Fruits & Veggies, Easy To Clean, Cool Grey."
2861,Data Not Availabe,Link Not Available,#8 Best Sellers,in Hair Straightening Irons,19.7,11,Recently Not Sell,"Electric Hair Curler Comb For Short Hair, Puffy & Curly Hairstyle With No Hair Damage, Straightening Hair Comb For Women, Mom, Girlfriend, Valentine's Day Gift - Pink"
2862,Data Not Availabe,Link Not Available,#8 Best Sellers,in Hair Straightening Irons,22.99,62,Recently Not Sell,Electric Mason Jar Vacuum Sealer Kit For Wide-Mouth & Regular
2863,Data Not Availabe,Link Not Available,#8 Best Sellers,in Hair Straightening Irons,72.99,48,Recently Not Sell,"Mini Fridge For Bedroom 15L/21 Cans - Small Refrigerator For Car, Office & Dorm - 110V/ 12V Portable Thermoelectric Cooler & Warmer For Food, Drinks, Beverage, Skincare & Cosmetic- Black"
2864,Data Not Availabe,Link Not Available,#8 Best Sellers,in Hair Straightening Irons,22.2,48,80+ sold recently,"Crasts Star Md-19 High Speed Low Noise High Power Hair Dryer With Drying Wind Hood And Concentrator Nozzle, Blue Light Hair Protection, Cool/hot Air Three Gears Adjustment, 13m/s, 2000w 19000 Rpm, Suitable For Home And Salon Us"
2865,Data Not Availabe,Link Not Available,#8 Best Sellers,in Hair Straightening Irons,29.82,40,Recently Not Sell,"(US Plug )Painless Epilator,Laser Hair Removal Device, IPL Hair Removal For Women And Men, 3-In-1 At-Home Permanent Hair Removal Device 5 Levels Upgraded 999990 Flashes Hair Remover For Whole Body Armpits Back Legs Arms Face Bikini Line, Corded,Reduce Hair Growth"
2866,Data Not Availabe,Link Not Available,#8 Best Sellers,in Hair Straightening Irons,97.84,57,Recently Not Sell,"VEVOR Mini Dutch Pancake Maker, Heart-Shaped Dutch Pancake Machine, 25PCs Pancake Maker Electric Commercial, 850W Mini Pancake Maker, 110V Proffertjes Muffin Waffle Maker For Kitchen Bakery Snack Bar"
2867,Data Not Availabe,Link Not Available,#8 Best Sellers,in Hair Straightening Irons,110.84,5,Recently Not Sell,"Fish Fryer 10 Qt/Cooker - 55,000 BTU"
2868,Data Not Availabe,Link Not Available,#8 Best Sellers,in Hair Straightening Irons,291.31,28,Recently Not Sell,"10,000 BTU Portable Air Conditioners, 5 In 1 Portable AC Unit For Room Up To 250 Sq.Ft With Cool, Dehumidifier, Fan Mode, Sleep Mode, 24H Timer, Window Kit & Remote Control"
2869,Data Not Availabe,Link Not Available,#8 Best Sellers,in Hair Straightening Irons,85.68,28,Recently Not Sell,"7 In 1 110000 RPM 1400W Hot Air Brush, High Speed Hair Dryer With Diffuser,Hair Dryer Brush Blow Dryer Brush, Hair Style,Drying,Oval Brush,Air Curling Wand,Concentrator Attachment,Styler Tools"
2870,Data Not Availabe,Link Not Available,#7 Best Sellers,in Electric Lunch Boxes,17.04,40,Recently Not Sell,"One Plug 1.5 Liter Heated Lunch Box,Electric Lunch Box,Lunch Box Portable,Insulated Lunch Boxes,Lunch Box Kids,Lunch Box Set,Lunch Box For School, Lunch Box With Fork,Easy To Carry, Can Be Charged On The Car, Truck Driver, Office, Travel, Business Trip, Electric Thermal Insulation Food Box Lunch Box, Students, Work, Outdoor, Bento"
2871,Data Not Availabe,Link Not Available,#7 Best Sellers,in Electric Lunch Boxes,35.99,49,Recently Not Sell,"Hair Straightener Brush, Cordless Hair Straightener Portable Hot Comb For Travel, Negative Ion Straightening Iron With Built-In Comb, USB Rechargeable & 3 Temp Settings & Anti-Scal"
2872,Data Not Availabe,Link Not Available,#7 Best Sellers,in Electric Lunch Boxes,15.99,57,100+ sold recently,"Hair Straightener Brush, Cordless Hair Straightener Portable Hot Comb For Travel, Negative Ion Straightening Iron With Built-In Comb, USB Rechargeable & 3 Temp Settings & Anti-Scal"
2873,Data Not Availabe,Link Not Available,#7 Best Sellers,in Electric Lunch Boxes,41.72,28,Recently Not Sell,110V 3000W Electric Tankless Instant Hot Water Heater For Bathroom Kitch
2874,Data Not Availabe,Link Not Available,#7 Best Sellers,in Electric Lunch Boxes,69.99,22,Recently Not Sell,"Air Fryer , Paris Rhône 14.8 Quart Toaster Oven AF013, 5-in-1 Convection Oven for 4-Slic"
2875,Data Not Availabe,Link Not Available,#7 Best Sellers,in Electric Lunch Boxes,21.9,4,10+ sold recently,"LARGNER Multifunctional Long Standby Shaver For Men, Beard Trimmer, Bald Head Clipper, Nose Hair Trimmer, Facial Cleansing Device With Brush, Hair Styling Comb, USB Charging, Waterproof And Portable For Travel"
2876,Data Not Availabe,Link Not Available,#7 Best Sellers,in Electric Lunch Boxes,12.4,4,40+ sold recently,"CRASTS Star Creativity Automatic Hair Curler, Left And Right Adjustable, Quick Heat Up, Easy To Make Big Waves, Violet Color HC-013. Suitable For Home Use And Traveling."
2877,Data Not Availabe,Link Not Available,#7 Best Sellers,in Electric Lunch Boxes,87.79,34,Recently Not Sell,"MCPR120A 8 Quart Digital Pressure Cooker With 13 Pre-Set Multi Function Features, Stainless Steel"
2878,Data Not Availabe,Link Not Available,#7 Best Sellers,in Electric Lunch Boxes,73.99,40,Recently Not Sell,Portable Salon Ion Aqua Foot Bath Beauty Kit Ionic Detox Foot Bath Spa MACchi
2879,Data Not Availabe,Link Not Available,#7 Best Sellers,in Electric Lunch Boxes,10.1,4,100+ sold recently,"Automatic Hair Curler For Home Use, Slouchy Hair Styling Tool For Women, Dormitory, Electric Curling Iron Wand Curling Iron Hairdressing Hot Tools Gift For Home Dormitory Salon Us"
2880,Data Not Availabe,Link Not Available,#7 Best Sellers,in Electric Lunch Boxes,7.1,4,Recently Not Sell,Spiral Curl Ceramic Curling Iron Professional Hair Curler Waver Maker Portable Curling Wand Holiday Gift Professional Hair Curler Spiral Curling Iron - Portable Barber Salon Tool For
2881,Data Not Availabe,Link Not Available,#7 Best Sellers,in Electric Lunch Boxes,40.99,40,Recently Not Sell,"Portable Handheld Misting Fan, Rechargeable Personal Mister Fan, Battery Operated Spray Water Mist Fan, Foldable Electric Mini Cooling Hand Fans For Beach Travel Outdoors Makeup(Royal Blue)"
2883,Data Not Availabe,Link Not Available,#7 Best Sellers,in Electric Lunch Boxes,45.39,20,Recently Not Sell,Body Sculpting Tools For Full Body - Cellulite-Busting Wood Therapy Massage Tools - Massage Tools Include Lymphatic Drainage Tool & Dry Brush- Smooth And Tone Your Skin With Natural Beauty
2884,Data Not Availabe,Link Not Available,#7 Best Sellers,in Electric Lunch Boxes,86.49,14,Recently Not Sell,"7 Quart Air Fryer, LCD Digital Oilless Electric Cooker Temperature Control"
2885,Data Not Availabe,Link Not Available,#7 Best Sellers,in Electric Lunch Boxes,149.99,17,Recently Not Sell,"7 Quart Air Fryer, LCD Digital Oilless Electric Cooker Temperature Control"
2886,Data Not Availabe,Link Not Available,#7 Best Sellers,in Electric Lunch Boxes,219.99,44,Recently Not Sell,3.2 Cu.Ft Mini Refrigerator With  Freezer Compact Fridge With  2 Reversible Door
2887,Data Not Availabe,Link Not Available,#7 Best Sellers,in Electric Lunch Boxes,13.4,44,Recently Not Sell,UV Nail Lamp Dryer  LED UV Lamp For Gel Nail Polish With 4 Timer Power Display For Professional Manicurists
2888,Data Not Availabe,Link Not Available,#7 Best Sellers,in Electric Lunch Boxes,12.1,11,10+ sold recently,"Office, Home, Dormitory Wall Mounted/Desktop Folding Charging F"
2889,Data Not Availabe,Link Not Available,#7 Best Sellers,in Electric Lunch Boxes,99.99,29,70+ sold recently,"Bawetech Dog Clipper Grooming Kit And Vacuum, Suction 99% Pet Hair, 2.5L Large Capacity Dust Cup, 5 Pet Grooming Tools, Low Noise Dog Hair Remover Pet Grooming Supplies For Dogs Cats"
2890,Data Not Availabe,Link Not Available,#7 Best Sellers,in Electric Lunch Boxes,14.99,53,80+ sold recently,"Bawetech Dog Clipper Grooming Kit And Vacuum, Suction 99% Pet Hair, 2.5L Large Capacity Dust Cup, 5 Pet Grooming Tools, Low Noise Dog Hair Remover Pet Grooming Supplies For Dogs Cats"
2891,Data Not Availabe,Link Not Available,#7 Best Sellers,in Electric Lunch Boxes,15.6,53,Recently Not Sell,"1pc Type-C Car Diffuser, 100ml Small Essential Oil Humidifier Aromatherapy Diffusers With 7 Color Lights For Office Room Or Car"
2892,Data Not Availabe,Link Not Available,#7 Best Sellers,in Electric Lunch Boxes,19.79,40,Recently Not Sell,Desk Fan Battery Operated Fan Rechargeable 180°Tilt Folding Personal Fan Ultra Quiet Small Portable Fan 3 Speed Adjustable Strong Wind USB Fan For Office Bedroom Home Desktop Camping (White)
2893,Data Not Availabe,Link Not Available,#7 Best Sellers,in Electric Lunch Boxes,27.3,40,Recently Not Sell,"Desktop Air Cooler Fan,Portable Desk Fan, 100 Gear Speed Adjustment,  USB Charging Quiet Fan,  Small Compact Fan With Strong Wind For Home, Bedroom, Tabletop, Office, Travel"
2894,Data Not Availabe,Link Not Available,#7 Best Sellers,in Other Coffee Makers,28.35,10,Recently Not Sell,"Personal Single-Serve Compact Coffee Maker Brewer Includes 14Oz. Stainless Steel Interior Thermal Travel Mug, Compatible With Coffee Grounds, Reusable Filter"
2895,Data Not Availabe,Link Not Available,#7 Best Sellers,in Other Coffee Makers,309.99,52,Recently Not Sell,"58"" Fireplace TV Stand W/ 1400W Electric Fireplace For TVs Up To 65 Inches Grey/Black/Brown/Whi"
2896,Data Not Availabe,Link Not Available,#7 Best Sellers,in Other Coffee Makers,198.99,34,Recently Not Sell,"Air Cooler, Portable Fan, 3 In 1 Portable Evaporative Cooler, Indoor, Outdoor, 4118CFM Personal Air Cooler, Mechanical Controls, Large 13.2 Gallon Water Tank And Rolling Casters, 4 Ice Packs"
2897,Data Not Availabe,Link Not Available,#7 Best Sellers,in Other Coffee Makers,17.1,8,Recently Not Sell,"Portable Cordless Hair Straightener With Ceramic Coating, Hot Comb Hair Straightener For Women, Lightweight & Mini, Type-C Charging Port, Ideal For Travel, USB Rechargeable Hair Iron Straightener, 2 In 1 Wireless Mini Portable USB Hair Straightener Curling Iron, Large-Capacity Lithium Battery Lasting Life, Perfect For Party & Travel, Mini 2-In-1 Hair Styler - Wireless Freedom, Quick-Charging USB Rechargeable Flat Iron & Curling Iron, Compact, Portable & Perfect For On-The-Go Beauty - A Thoughtful Gift For Women, Perfect For Travel."
2898,Data Not Availabe,Link Not Available,#7 Best Sellers,in Other Coffee Makers,45.0,18,20+ sold recently,"5-In-1 1000W High Power Hot Air Brush, Multi-Functional Interchangeable Hot Air Comb, Dry & Wet Automatic Curler, Hair Dryer & Straightener"
2899,Data Not Availabe,Link Not Available,#7 Best Sellers,in Other Coffee Makers,39.99,80,Recently Not Sell,"KNQZE Neck Massager With Heat, Electric Deep Tissue 4D Expert Kneading Massage, Shiatsu Neck And Back Massage Pillow For Neck, Back, Shoulder And Leg Pain Relief, Gift For Men Women Mom And D"
2900,Data Not Availabe,Link Not Available,#7 Best Sellers,in Other Coffee Makers,8.4,80,Recently Not Sell,"Painless Electric Hair Remover For Women, Multifunctional Full Body & Bikini Shaver, Dry & Wet Use, Battery Operated,Portable Epilator (Without Battery)"
2901,Data Not Availabe,Link Not Available,#7 Best Sellers,in Other Coffee Makers,3.3,80,20+ sold recently,"Men Multi-Functional Electric Hair Clipper Trimmer Kit, Professional Cordless Haircut & Beard Trimming Tool"
2902,Data Not Availabe,Link Not Available,#7 Best Sellers,in Other Coffee Makers,3.25,50,Recently Not Sell,"1pc Indoor Dual-Use Thermometer With Button Battery And Water Thermometer, Cartoon Yellow Duck & Dinosaur Animal Design Bath Water Thermometer With Electronic Digital Display, Household Reminder For Water Temperature Changes - Upgraded Waterproof"
2903,Data Not Availabe,Link Not Available,#7 Best Sellers,in Other Coffee Makers,16.1,50,10+ sold recently,Portable USB Charging Wireless Hair Straightener - Only For Bangs Or Curling Hair- Perfect Tool For Travel And Hair Styling
2904,Data Not Availabe,Link Not Available,#7 Best Sellers,in Other Coffee Makers,20.99,70,Recently Not Sell,Foot Scrubber Brush Slipper Bath Shower Spa Easy Cleaner Scrub Feet Massage Wash
2905,Data Not Availabe,Link Not Available,#7 Best Sellers,in Other Coffee Makers,110.0,4,Recently Not Sell,"Instaglam 1.25"" Flat Iron With Rose Gold Accents"
2906,Data Not Availabe,Link Not Available,#7 Best Sellers,in Other Coffee Makers,185.24,57,Recently Not Sell,"VEVOR Upright Automatic Ice Cream Maker With Built-In Compressor, 2 Quart No Pre-Freezing Fruit Yogurt Machine, Stainless Steel Electric Sorbet Maker, 4 Modes Gelato Maker With Digital Display & Timer"
2907,Data Not Availabe,Link Not Available,#7 Best Sellers,in Other Coffee Makers,145.99,44,Recently Not Sell,84''L Portable Massage Table Adjustable Facial Spa Bed Tattoo w/ Carry Cas
2908,Data Not Availabe,Link Not Available,#7 Best Sellers,in Other Coffee Makers,103.53,29,50+ sold recently,84''L Portable Massage Table Adjustable Facial Spa Bed Tattoo w/ Carry Cas
2909,Data Not Availabe,Link Not Available,#6 Best Sellers,in Ice Makers,207.99,68,Recently Not Sell,VIVOHOME Electric Portable Compact Countertop Automatic Chewable Nugget Ice Cube Maker Machine with Hand Scoop 10 Ice Bags and Self Cleaning Function 44lbs/Day Silver
2910,Data Not Availabe,Link Not Available,#6 Best Sellers,in Ice Makers,11.4,4,Recently Not Sell,"Kemei Brand KM-189B Hair Remover Women's Underarm Remover Electric Epilator For Lady USB Rechargeable Cordless Women Hair Trimmer For Armpit, Leg, Private Part Hair Remove Machi"
2911,Data Not Availabe,Link Not Available,#6 Best Sellers,in Ice Makers,23.99,40,Recently Not Sell,"Portable Baby Stroller Fan, Mini Baby Fan Clip On Fan, LED Display, 360° Rotate Flexible Tripod, Rechargeable Small Personal Handheld Fan Cooling Desk Fan For Car Seat Crib Treadmill Travel"
2912,Data Not Availabe,Link Not Available,#6 Best Sellers,in Ice Makers,35.3,40,Recently Not Sell,"1pc Body Pubic Bikinis 999,990 Flashes IPL Pulsed Light Depilator LCD Display 8 Levels Manual And Automatic Painless Permanent Laser Epilator For Women Hair Removal Home Use Devices"
2913,Data Not Availabe,Link Not Available,#6 Best Sellers,in Ice Makers,76.6,28,Recently Not Sell,"Cordless Vacuum Cleaner,30Kpa 8 In 1 Powerful Suction Stick Vacuum With LED Display, 3 Suction Modes, Anti-Tangle Lightweight Vacuum Cleaner For Home, Hardwood Floor, Carpets, Pet Hair"
2914,Data Not Availabe,Link Not Available,#6 Best Sellers,in Ice Makers,22.4,28,30+ sold recently,"SH-1711 Black Beard Trimmer For Men, Waterproof Electric Hair Trimmer Beard Grooming Kit Mustache Nose Hair Trimmer Body Shaver, Cordless Hair Clippers Electric Razor For Men, Mustache, Face, Balls, Nose, Ear, Body Shavers -Gifts For Men Father"
2915,Data Not Availabe,Link Not Available,#6 Best Sellers,in Ice Makers,33.1,28,Recently Not Sell,"Mini Car Vacuum Cleaner, 15000PA High Power, 3 In 1 Handheld Vacuum Cleaner With Brushless Motor, Portable Cordless Vacuum Cleaner For Car, Office And Home Cleaning"
2916,Data Not Availabe,Link Not Available,#6 Best Sellers,in Ice Makers,39.4,6,Recently Not Sell,"Mini Car Vacuum Cleaner, 15000PA High Power, 3 In 1 Handheld Vacuum Cleaner With Brushless Motor, Portable Cordless Vacuum Cleaner For Car, Office And Home Cleaning"
2917,Data Not Availabe,Link Not Available,#6 Best Sellers,in Ice Makers,19.8,44,20+ sold recently,1.5 Inch Thermal Brush Heated Round Brush LCD Display 10 Temperatures Heated Curling Brush
2918,Data Not Availabe,Link Not Available,#6 Best Sellers,in Ice Makers,8.28,40,Recently Not Sell,"One Type-C Charging Portable Powerful Fan With 100-Grade Stepless Speed Regulation, Gear Power Display Screen, 5 Blades, Two Colors Optional"
2920,Data Not Availabe,Link Not Available,#6 Best Sellers,in Ice Makers,65.99,34,Recently Not Sell,"IAGREEA Stainless Steel 3 Piece Kit - Dough Hook, Flat Beater, Wire Whip Fits For KitchenAid 4.5-5QT Tilt-Head Stand Mixer K45SS, KSM75, KSM90, KSM95, KSM150, Heavy Duty And Dishwasher Saf"
2921,Data Not Availabe,Link Not Available,#6 Best Sellers,in Ice Makers,10.29,45,10+ sold recently,"1 piece of hair straightener, suitable for all hairstyles of straighteners and curlers, LCD display, 176 ° F-446 ° F, multi-level speed regulation, 60 minute timed off (1.06IN)"
2922,Data Not Availabe,Link Not Available,#6 Best Sellers,in Ice Makers,49.99,50,Recently Not Sell,"1 piece of hair straightener, suitable for all hairstyles of straighteners and curlers, LCD display, 176 ° F-446 ° F, multi-level speed regulation, 60 minute timed off (1.06IN)"
2923,Data Not Availabe,Link Not Available,#6 Best Sellers,in Ice Makers,8.5,50,Recently Not Sell,"Wood Massage Tools For Body, Wood Massage Tools Lymphatic Drainage Massager Wood Massage Rollers For Neck Back Relaxation, Foot Calf Leg Massager - Facial Care Gifts For Mother"
2924,Data Not Availabe,Link Not Available,#6 Best Sellers,in Ice Makers,19.18,50,Recently Not Sell,Unbeatablesale Cando Round Foam Roller 4x12
2925,Data Not Availabe,Link Not Available,#6 Best Sellers,in Ice Makers,26.66,20,Recently Not Sell,"Professional Automatic Rotating Curling Iron, 13 Adjustable Temperatures, 30 Seconds Instant Heat-Up, 1 Hour Auto Shut-Off, Dual Voltage 110-240V, Automatic Heat-Up Time, Dual Voltage 110-240V."
2926,Data Not Availabe,Link Not Available,#6 Best Sellers,in Ice Makers,36.99,54,40+ sold recently,"Yabano Professional Countertop Blender for High-Speed Shakes, Smoothies, Juicing & More - Crush Ice, Frozen Fruit, and More with 4 Stainless Steel Blades & 60oz Jar - Easy to Clean, Perfect for Kitchen Us"
2927,Data Not Availabe,Link Not Available,#6 Best Sellers,in Ice Makers,9.0,3,Recently Not Sell,"Women's Rechargeable Hair Removal Device, Full Body Shaver For Armpits, Private Parts, Legs, Home Trimmer Clippers, Electric, Gift For Her"
2928,Data Not Availabe,Link Not Available,#6 Best Sellers,in Ice Makers,15.5,3,Recently Not Sell,"Portable Sleep Sound Machine, White Noise Machine Sound Machines With 16 Soothing Sounds 3 Timers For Home Office Travel Gift, Suitable For Everyo"
2929,Data Not Availabe,Link Not Available,#6 Best Sellers,in Ice Makers,40.92,33,Recently Not Sell,"6 In 1 Wood Therapy Massage Tools, Maderoterapia Kit, Wood Therapy Set, Lymphatic Drainage Massager, Wooden Gua Sha Tools, Wooden Massager Rope For Body Shaping Anti Celluli"
2930,Data Not Availabe,Link Not Available,#6 Best Sellers,in Ice Makers,89.99,44,Recently Not Sell,Costway 3-in-1 Evaporative Air Cooler Portable Air Cooling Fan w/ Fan & Humidifier
2931,Data Not Availabe,Link Not Available,#6 Best Sellers,in Ice Makers,19.2,4,10+ sold recently,"Automatic Hair Curler, Curling Lron With 3 Temperature Settings 30 Seconds Fast Thermal Anion Technology, Suitable For Any Occasion Easy Styling, Safe Automatic Closing Functio"
2932,Data Not Availabe,Link Not Available,#6 Best Sellers,in Ice Makers,27.5,4,10+ sold recently,"Multifunctional Women Hair Remover Kit, Including Underarm Hair Trimmer, Electric Shaver, Epilator"
2933,Data Not Availabe,Link Not Available,#6 Best Sellers,in Ice Makers,7.82,15,Recently Not Sell,Rotation 10X Makeup Mirror With LED Light Foldable Magnifying Tool Vanity Mirrors Travel Home Dressing Table Accessories
2934,Data Not Availabe,Link Not Available,#6 Best Sellers,in Ice Makers,33.0,6,Recently Not Sell,NV650 Monocular-Telescope 1080P HD Infrared Night Vision Device For Camping Star Watching Bird Wildlif
2935,Data Not Availabe,Link Not Available,#6 Best Sellers,in Ice Makers,39.99,43,Recently Not Sell,Portable Air Conditioner USB Mini Air Cooler Fan Water Cooling Fan With 3 Speed 2 Modes Spray Humidifier Purifier For Car Hom
2936,Data Not Availabe,Link Not Available,#6 Best Sellers,in Ice Makers,22.6,9,Recently Not Sell,"Wireless Hair Curler Cordless Automatic Curling Iron - USB Rechargeable, Anti-Tangle, Ceramic Cylinder, , 3-Level Temperature Control - Perfect For Long Hair, Includes Gift Box"
2937,Data Not Availabe,Link Not Available,#6 Best Sellers,in Ice Makers,23.99,8,50+ sold recently,"3/8 Inch Curling Wand Irons For Short&Long Hair, 9mm Thin Curling Iron With Long Barrel, Tiny Hair Curling Wand Tourmiline Ceramic Barrel With 9 Heat Settings,Dual Voltage|Golve Incl"
2938,Data Not Availabe,Link Not Available,#6 Best Sellers,in Ice Makers,29.99,57,Recently Not Sell,"Professional Ionic Hair Dryer, Blow Dryer With Diffuser And Concentrator For Curly Hair, 1875 Watts"
2939,Data Not Availabe,Link Not Available,#6 Best Sellers,in Ice Makers,21.99,29,30+ sold recently,"1Pc With 13 Adjustable Temp(210°F-450°F),1'' Plate,For All Hairstyles Mini Hair Straightening Irons Black"
2940,Data Not Availabe,Link Not Available,#6 Best Sellers,in Ice Makers,4.4,29,Recently Not Sell,"1pc Kitchen Scale Electronic Measuring Spoon Scale, Handheld Ingredient Weighing Electronic Scale, Gram Scale For Home Cooking (Food And Supplement)"
2941,Data Not Availabe,Link Not Available,#6 Best Sellers,in Ice Makers,51.32,24,Recently Not Sell,"Electric Skillet, 12 Inch Deep Non Stick Electric Frying Pan With Standable Glass Lid, 3 Marked Heating Levels, Heat Resistant Handles And Non-Stick Coating Easy To Clean, 1360W, Black"
2942,Data Not Availabe,Link Not Available,#6 Best Sellers,in Ice Makers,20.8,24,100+ sold recently,"1pc Multiple Temperature Rotatable & Anti-Scalding 25mm Hair Curling Iron With Clip, Glove And Power Cord For Hair Styling"
2943,Data Not Availabe,Link Not Available,#6 Best Sellers,in Ice Makers,88.19,60,Recently Not Sell,"VEVOR Vending Machine, 25.2\"" Height Candy Gumball Machine, Huge Load Capacity Gumball Bank, Candy Vending Machine For 1.8\""-2.2\"" Gadgets, Perfect For Game Stores And Retail Stores Vintage Style Bl"
2944,Data Not Availabe,Link Not Available,#6 Best Sellers,in Ice Makers,8.71,34,Recently Not Sell,"Sleep Aid Watch, Helping To Fall Asleep Quickly, Giving Good Gifts, Practical Gifts For Parents, Family, Boyfriends, And Best Friends"
2945,Data Not Availabe,Link Not Available,#6 Best Sellers,in Ice Makers,119.99,8,Recently Not Sell,"AMACOOL 12 Inch Auto Oscillating Rechargeable Camping Fan 40000mAh Portable Battery Operated Fan With LED Light And Remote Control For Travel, Hiking, Fishing"
2946,Data Not Availabe,Link Not Available,#6 Best Sellers,in Ice Makers,42.01,30,Recently Not Sell,Waffle Cone Maker Ice Cream Cone Maker 8.6 Inches Household Waffle Bowl Maker Non-Stick Egg Roll Maker For DIY Ice Cream Waffle Cone DessertsFlat Shape 8.7 Inches
2947,Data Not Availabe,Link Not Available,#6 Best Sellers,in Ice Makers,15.9,30,Recently Not Sell,"1pc Household USB Electric Mosquito Killer With Purple Light And Electric Shock, Bug Zapper For Indoor Lighting And Mosquito Repell"
2948,Data Not Availabe,Link Not Available,#6 Best Sellers,in Ice Makers,44.85,28,Recently Not Sell,"New Portable Washing Machine Foldable,9L Mini Washing Machine,Small Washing Machine,Mini Lavadora For Underwear,Baby Clothes Or Small Items,Mini Washer For Apartment,Camping,Travel,RV,9L"
2949,Data Not Availabe,Link Not Available,#6 Best Sellers,in Ice Makers,89.99,44,Recently Not Sell,Costway 16'' Adjustable Oscillating Pedestal Fan Dual Blades w/Remote Control
2950,Data Not Availabe,Link Not Available,#6 Best Sellers,in Ice Makers,92.73,28,Recently Not Sell,VEVOR Commercial Food Warmer 1 Pot Steam Table With Lid 9.5 Quart Full-Size Electric Food Warmers Stainless Steel Bain Marie Buffet Equipment Fits 21 X 13.2 Pan 400W For Restaur
2951,Data Not Availabe,Link Not Available,#6 Best Sellers,in Ice Makers,24.99,58,Recently Not Sell,VEVOR Commercial Food Warmer 1 Pot Steam Table With Lid 9.5 Quart Full-Size Electric Food Warmers Stainless Steel Bain Marie Buffet Equipment Fits 21 X 13.2 Pan 400W For Restaur
2952,Data Not Availabe,Link Not Available,#6 Best Sellers,in Ice Makers,35.99,36,Recently Not Sell,16000PA Portable Cordless Hand Held Mini Car Vacuum Cleaner Air Blower 4 Filter
2953,Data Not Availabe,Link Not Available,#6 Best Sellers,in Ice Makers,37.71,31,Recently Not Sell,"Electric Skillet, 6 Inch, Black"
2954,Data Not Availabe,Link Not Available,#6 Best Sellers,in Ice Makers,29.23,28,Recently Not Sell,"Handheld Bed Vacuum Cleaner With UV-C Ultraviolet Lamps Rechargeable Handheld Vacuum With Uv Mite Control, Strong Suction 7.8KPa, 65dB Noise, Foam Filter, USB Charging, Lithium Battery 18650, 1H Battery Life, 3.38-6.76oz Dust Cup"
2955,Data Not Availabe,Link Not Available,#6 Best Sellers,in Ice Makers,5.0,28,10+ sold recently,"8pcs Electric Toothbrush Replacement Heads With Plaque Control And Germ Defense, Compatible With  Sonicare C2 W4100 5100."
2956,Data Not Availabe,Link Not Available,#6 Best Sellers,in Ice Makers,38.2,28,Recently Not Sell,"Portable Neck Fan, Hands-Free Bladeless Fan, 5200mAh Battery Operated Wearable Personal Fan, Leafless, Rechargeable, USB Powered Desk Fan,4 Speeds, For Unisex,Student, Travel, Outdoor"
2957,Data Not Availabe,Link Not Available,#6 Best Sellers,in Ice Makers,28.2,28,Recently Not Sell,"Vacuum Sealer Food Packaging Machine, Mini Household Plastic Sealer, Food Preservation Machi"
2958,Data Not Availabe,Link Not Available,#6 Best Sellers,in Ice Makers,5.0,28,10+ sold recently,"Vacuum Sealer Food Packaging Machine, Mini Household Plastic Sealer, Food Preservation Machi"
2959,Data Not Availabe,Link Not Available,#6 Best Sellers,in Ice Makers,38.2,28,Recently Not Sell,"Vacuum Sealer Food Packaging Machine, Mini Household Plastic Sealer, Food Preservation Machi"
2960,Data Not Availabe,Link Not Available,#6 Best Sellers,in Ice Makers,28.2,28,Recently Not Sell,"Vacuum Sealer Food Packaging Machine, Mini Household Plastic Sealer, Food Preservation Machi"
2961,Data Not Availabe,Link Not Available,#6 Best Sellers,in Ice Makers,62.99,44,80+ sold recently,Costway 40''Tower Fan with Remote 75 Degree Oscillating Fan w/ 3 Wind Modes & 4 Wind Speeds
2962,Data Not Availabe,Link Not Available,#6 Best Sellers,in Ice Makers,59.84,28,Recently Not Sell,Costway 40''Tower Fan with Remote 75 Degree Oscillating Fan w/ 3 Wind Modes & 4 Wind Speeds
2963,Data Not Availabe,Link Not Available,#6 Best Sellers,in Ice Makers,64.99,28,Recently Not Sell,"PARIS RHÔNE Wall Mount Fan, 16 Inch Wall Fan TF011 With 5-Blades, 5 Speeds"
2964,Data Not Availabe,Link Not Available,#6 Best Sellers,in Ice Makers,43.31,42,Recently Not Sell,"YONGSTYLE Foot Massager With Heat, 2-In-1 Shiatsu Gentle Foot And Back Massager Machine With 3 Adjustable Heating Levels, Foot Warmer Under Desk, Pain Relief, Gifts For Women,M"
2965,Data Not Availabe,Link Not Available,#6 Best Sellers,in Ice Makers,23.99,56,Recently Not Sell,"YONGSTYLE Foot Massager With Heat, 2-In-1 Shiatsu Gentle Foot And Back Massager Machine With 3 Adjustable Heating Levels, Foot Warmer Under Desk, Pain Relief, Gifts For Women,M"
2966,Data Not Availabe,Link Not Available,#6 Best Sellers,in Ice Makers,399.99,50,Recently Not Sell,DC DICLASSE 63 Quart Portable Freezer Refrigerator Compressor Cooler App Control Wheels Outdoor Home Use Travel Camping With Handl
2967,Data Not Availabe,Link Not Available,#6 Best Sellers,in Ice Makers,4.5,50,Recently Not Sell,"1pc Portable Mini Digital Scale, 0.01g Precision Jewelry Scale, Counting LCD Display Weigher For Grams And Ounces"
2968,Data Not Availabe,Link Not Available,#6 Best Sellers,in Ice Makers,39.31,28,Recently Not Sell,"Hair Dryer Brush And Styler Volumizer, Detachable Blow Dryer With Ceramic Coating, Hair Styling Tool Set, Holiday Gifts"
2969,Data Not Availabe,Link Not Available,#8 Best Sellers,in Hair Dryers,5.5,4,Recently Not Sell,"1 Hair Dryer Diffuser Attachment For Adjustable Curls And Natural Waves, Universal Diffuser For Curly Hair, Adjustable Diffuser Attachment For Hair Dryers, Fits Most Hair Dryers Fits Nozzle Diameter Inches 1.65-2.05 Inches Hair Dryer Perm Curling Wind Cover Blowing Hair Styling Hair Cover Drying Universal Universal Cover Drying Hair Magic Weapo"
2971,Data Not Availabe,Link Not Available,#8 Best Sellers,in Hair Dryers,16.6,4,40+ sold recently,"CRASTS Star Shaped Big Wave One-Step Hair Curler For Girls, Pink, HC-015, Suitable For Home Use And Travel"
2972,Data Not Availabe,Link Not Available,#8 Best Sellers,in Hair Dryers,10.6,11,10+ sold recently,"1pc 32mm Multifunction Champagne Portable Electric Hair Brush, Plastic Electric Hair Brush For Househol"
2973,Data Not Availabe,Link Not Available,#8 Best Sellers,in Hair Dryers,256.49,57,Recently Not Sell,"VEVOR 110V Commercial Ice Shaver Crusher 1100LBS/H With 17.6 LBS Hopper, 350W Tabletop Electric Snow Cone Maker 320 RPM Rotate Speed Perfect For Parties Events Snack Bar"
2974,Data Not Availabe,Link Not Available,#8 Best Sellers,in Hair Dryers,80.27,30,Recently Not Sell,"Stainless Steel Pressure Cooker, 1.8L Electric Pressure Cooker 1.8 Liter Mini Pressure Cooke Slow Cooker Explosion Proof Rice Cooker Yogurt Maker Cake Maker Egg Cooker Hot Po"
2975,Data Not Availabe,Link Not Available,#8 Best Sellers,in Hair Dryers,21.1,10,10+ sold recently,"1pc Rechargeable 3 In 1 Wireless Desktop Cooling Fan Oscillating Head Clip Portable Air Conditioner 3-Speed Night Lighting 4-Speed Timer 5-Speed Wind Speed Speed Brushless Motor Silent Running 120° Oscillating Head Suitable For - Home Bedroom, Office, Dormitory, Camping"
2976,Data Not Availabe,Link Not Available,#4 Best Sellers,in Massage Chair,839.99,30,Recently Not Sell,"BOSSCARE Full Body Airbag Massage Chair Recliner, Zero Gravity, Electric Shiatsu Message Chair With Bluetooth Speaker For Family Friends, Faux Leather"
2977,Data Not Availabe,Link Not Available,#4 Best Sellers,in Massage Chair,144.39,57,Recently Not Sell,"VEVOR Hot Dog Roller 7 Rollers 18 Hot Dogs Capacity 1050W Stainless Sausage Grill Cooker Machine With Dual Temp Control Glass Hood Acrylic Cover Bun Warmer Shelf Removable Oil Drip Tray, ETL Certifi"
2979,Data Not Availabe,Link Not Available,#4 Best Sellers,in Massage Chair,9.8,4,10+ sold recently,"Portable Makeup Mirror With LED Lights, Foldable Design, Touchscreen And USB Rechargeabl"
2980,Data Not Availabe,Link Not Available,#4 Best Sellers,in Massage Chair,35.0,4,Recently Not Sell,1pc Rechargeable S1213 Electric Shaver Windchill Shaving System Full Body Waterproof 40-Minute Battery Lif
2981,Data Not Availabe,Link Not Available,#4 Best Sellers,in Massage Chair,82.99,38,Recently Not Sell,Foot Soaker Washing Sauna Soaking Bath Wood Foot Basin Feet Barrel Tub Bucket US
2982,Data Not Availabe,Link Not Available,#4 Best Sellers,in Massage Chair,135.0,4,Recently Not Sell,2inONE Digital Rose Gold Titanium Straightener
2983,Data Not Availabe,Link Not Available,#4 Best Sellers,in Massage Chair,26.4,4,Recently Not Sell,"A Bronze Color Simulation Carving Dragon Professional Electric Hairdresser, Razor, Professional Shaving Hair, Can Be Used For A Variety Of Shapes, Full Power, USB Data Line Charging, LCD Display More Clear At A Glance Battery Power, Equipped With Eight Limit Combs And Cleaning Brushes, Men's Only, Family Must-Have, Also Applicable To Holiday Gifts"
2984,Data Not Availabe,Link Not Available,#4 Best Sellers,in Massage Chair,5.7,4,40+ sold recently,"1pc Electric Hair Removal Device, Unisex Motion Sensor Shaving Device, Blue-Light Women's Shaving Device, Female Depilator"
2985,Data Not Availabe,Link Not Available,#4 Best Sellers,in Massage Chair,24.44,4,Recently Not Sell,Unbeatablesale American Wick AW4E AW4 Kerosene Heater Allied Wick
2986,Data Not Availabe,Link Not Available,#4 Best Sellers,in Massage Chair,90.99,18,Recently Not Sell,"Compact Nugget Ice Maker, Countertop Pebble Ice Machine with Ice Scoop and Basket, 6 Minutes Ice Making, One-Click Operation, Low Nois"
2987,Data Not Availabe,Link Not Available,#7 Best Sellers,in Warming Products,32.19,5,Recently Not Sell,"Heated Electric Blanket Throw, Flannel Sherpa Heating Blankets, Soft Thicken Heated Throws For Couch With 5 Heat Settings And 4 Hours Auto Shut Off"
2988,Data Not Availabe,Link Not Available,#7 Best Sellers,in Warming Products,963.72,5,Recently Not Sell,Frigidaire FFEC3025US 30 Inch Black 4 Burner Electric Cooktop
2989,Data Not Availabe,Link Not Available,#7 Best Sellers,in Warming Products,23.99,56,Recently Not Sell,Portable Fan USB Rechargeable Foldable Table Desk Fan Telescopic Floor Mini F
2990,Data Not Availabe,Link Not Available,#7 Best Sellers,in Warming Products,48.23,56,Recently Not Sell,"Unbeatablesale DA1424W White Aluminum Dual Louvers, 14 X 24 In."
2991,Data Not Availabe,Link Not Available,#7 Best Sellers,in Warming Products,24.5,4,Recently Not Sell,"Beard Trimmer For Men, All-In-One Men's Hair Clipper Hair Trimmer, Mustache Body Nose Ear Facial Cutting Shaver, Electric Razor Grooming Kit, USB Rechargeable Cordless & Led Display"
2992,Data Not Availabe,Link Not Available,#7 Best Sellers,in Warming Products,22.7,4,Recently Not Sell,"1pc Blue Car/home Dual-use Handheld Vacuum Cleaner With Suction And Blow Functions, Mini Siz"
2993,Data Not Availabe,Link Not Available,#7 Best Sellers,in Warming Products,33.99,62,Recently Not Sell,1Pc Moclever 400W Electric Cotton Candy Maker Portable Pink Cotton Candy Machine Electric Cotton Candy Express For Christmas Gift Birthday
2994,Data Not Availabe,Link Not Available,#7 Best Sellers,in Warming Products,31.34,22,Recently Not Sell,1Pc Moclever 400W Electric Cotton Candy Maker Portable Pink Cotton Candy Machine Electric Cotton Candy Express For Christmas Gift Birthday
2995,Data Not Availabe,Link Not Available,#7 Best Sellers,in Warming Products,63.56,46,30+ sold recently,"An Air Purifier With Touch Screen Control, Negative Ion Purification, High-Efficiency Filter Element Purification, 4-Speed Wind Adjustment, HEPA-12 Level, Air Purifiers For Bedroom HEPA Air Purifier With Aromatherapy Function For Pet Smoke Pollen Dander Hair Smell 20dB Air Cleaner For Bedroom Office Living Room Kitchen,"
2996,Data Not Availabe,Link Not Available,#7 Best Sellers,in Warming Products,34.99,13,10+ sold recently,"Travel Blow Dryer Brush In One, Mini Hot Air Brush, Hair Trends  2 Inch One Step Hair Dryer And Styler Volumizer-Not Dual Voltag"
2997,Data Not Availabe,Link Not Available,#7 Best Sellers,in Warming Products,111.3,13,10+ sold recently,"True HEPA Air Purifier For Home Office Living Room - Digital Display Air Cleaner With Air Monitor & HEPA Filter - Removes 99.98% Of Smoke, Dust, And Pet Dander - Night Light - Covers Up To 500 Sq F"
2998,Data Not Availabe,Link Not Available,#7 Best Sellers,in Warming Products,46.63,13,Recently Not Sell,"Japanese Deep Fryer Pot, 304 Stainless Steel Deep Fryer With Oil Draining Rack For Chips, Temperature Resistance Nonstick Coating, Easy Clean Up20cm"
2999,Data Not Availabe,Link Not Available,#7 Best Sellers,in Warming Products,69.99,50,60+ sold recently,"Ihomekee Espresso Machine 15 Bar Pump Pressure, Espresso and Cappuccino Coffee Maker with Milk Frother/Steam Wand for Latte, Mocha, Cappuccino, Silver, 1350W - CM6826T"
3000,Data Not Availabe,Link Not Available,#7 Best Sellers,in Warming Products,14.1,3,Recently Not Sell,Professional Hair Clippers For Men Electric Haircut Kit Hair Trimmer Grooming Waterproof Rechargeable Close Cutting T Blade Trimmer USB Rechargeable Clippers For Hair Cutting With Guide Combs(Silver)
3001,Data Not Availabe,Link Not Available,#7 Best Sellers,in Warming Products,29.5,3,Recently Not Sell,Portable Dual Head Tower Fan Electric USB Office Desk Rechargeable Air Conditioner With New Triple Hole Dual Head Mist Spray Fan USB Mini Desktop Humidifier Cooling Air Conditioner F
3002,Data Not Availabe,Link Not Available,#7 Best Sellers,in Warming Products,17.2,8,100+ sold recently,Portable Dual Head Tower Fan Electric USB Office Desk Rechargeable Air Conditioner With New Triple Hole Dual Head Mist Spray Fan USB Mini Desktop Humidifier Cooling Air Conditioner F
3003,Data Not Availabe,Link Not Available,#7 Best Sellers,in Warming Products,109.99,35,Recently Not Sell,"Aspiron Steam Cleaner Powerful Multipurpose Portable Heavy Duty Steamer For Carpets, Floors, Cars, Tiles, And Grout Cleaning With 70S Heat Up, 6M Power Cord Deep Continuous On-Demand Steamer For Home CA030"
3004,Data Not Availabe,Link Not Available,#7 Best Sellers,in Warming Products,24.99,17,Recently Not Sell,"1 Inch Extra Long Barrel Curling Iron, Ceramic Tourmaline Curling Wand Professional Dual Voltag"
3005,Data Not Availabe,Link Not Available,#7 Best Sellers,in Warming Products,119.0,34,Recently Not Sell,"Vacuum Sealer Machine, 90Kpa Food Vacuum Sealer Machine Preservation Dry/Moist/Liquid Modes, LED Indicator Light, Handle Locked Design, Built-In Cutter And Bag Storage, Starter Ki"
3006,Data Not Availabe,Link Not Available,#7 Best Sellers,in Warming Products,12.9,34,10+ sold recently,Cross-Border One Unisex Portable Electric Shaver Hair Remover Usb Rechargeabl
3007,Data Not Availabe,Link Not Available,#7 Best Sellers,in Warming Products,149.99,34,Recently Not Sell,West Bend PCMC20RD13 Popcorn Cart Popcorn Maker
3008,Data Not Availabe,Link Not Available,#7 Best Sellers,in Warming Products,20.45,17,20+ sold recently,Wired Green Car Vacuum Cleaner With Storage Bag
3009,Data Not Availabe,Link Not Available,#7 Best Sellers,in Warming Products,65.99,44,10+ sold recently,Costway 20''High Velocity Floor Fan Heavy Duty Industrial Floor Fan with 3 Wind Speeds
3010,Data Not Availabe,Link Not Available,#7 Best Sellers,in Warming Products,8.1,14,Recently Not Sell,"An Intelligent Finger-Clamp Pulse Oximeter, Portable Finger Pulse Rate Detector, Home Monitoring Devic"
3011,Data Not Availabe,Link Not Available,#7 Best Sellers,in Warming Products,58.67,32,20+ sold recently,"HIENA Men's Barber T Liners Barber Trimming Set, Shaver, Men's Professional Cordless Charging Barber Set with LED Display, Men's Gift (Black Gold Set)"
3012,Data Not Availabe,Link Not Available,#7 Best Sellers,in Warming Products,13.5,32,Recently Not Sell,New Analog Human Body Temperature Advanced Technology Mosquito Trap Light Electric Shock Violet Wave Mosquito Trap Light Household Indoor Restaurant Restaurant Mosquito Trap Light Desktop Wall Hanging Dual-Purpose Charging Mosquito Killer
3013,Data Not Availabe,Link Not Available,#7 Best Sellers,in Warming Products,7.41,35,Recently Not Sell,"1pc Portable LED Makeup Mirror With Adjustable Light, Touch Control Illuminated Vanity Mirror, Dual Power Battery/USB, Ideal For Home, Travel, Office Us"
3014,Data Not Availabe,Link Not Available,#7 Best Sellers,in Warming Products,36.28,28,Recently Not Sell,"390ML Large Capacity Water Tank Water Flosser, Portable Cordless Oral Irrigator, IPX7 Waterproof Cordless Water Dental Flossers"
3015,Data Not Availabe,Link Not Available,#7 Best Sellers,in Warming Products,23.99,88,Recently Not Sell,"Portable Neck Fan, USB Rechargeable Personal Fan, Hands Free Bladeless Fan, 4000 MAh Battery Operated, 3 Speeds Adjustable, Faster Cooling, Ultra Quiet, Suitable For Home, Office, Travel, Sports"
3016,Data Not Availabe,Link Not Available,#7 Best Sellers,in Warming Products,120.0,4,Recently Not Sell,Digital 2inONE Twist Flat Iron With Rose Gold Titanium Plates
3017,Data Not Availabe,Link Not Available,#7 Best Sellers,in Warming Products,410.49,11,Recently Not Sell,"10QT Commercial Food Mixer, Stand Mixer 450W With 3 Speeds Adjustable, Dough Mixer Machine With Stainless Steel Bowl Dough Hooks Whisk Beater, With Safety Guard, For Bakeries Pizzerias - Bl"
3018,Data Not Availabe,Link Not Available,#7 Best Sellers,in Warming Products,57.99,20,Recently Not Sell,"IPL Laser Hair Removal, 5 Adjustable Gears, Automatic Continuous Light Output, HR/SC/RA Integrated Lamp Head, Permanent Hair Removal At Home, Face, Arms And Bikini Line (Ai-09)"
3019,Data Not Availabe,Link Not Available,#7 Best Sellers,in Warming Products,34.9,50,40+ sold recently,5 In 1 Multifunctional Hair Dryer Brush 60000RPM Blow Dryer Curling W
3020,Data Not Availabe,Link Not Available,#7 Best Sellers,in Warming Products,35.99,40,Recently Not Sell,"Battery Operated Fan,Portable Rechargeable USB Floor Table Desk Fan With Adjustable Height, 4 Speed Settings Pedestal Fan For Bedroom Office Fishing Camping Travel, White 7.7"""
3021,Data Not Availabe,Link Not Available,#7 Best Sellers,in Warming Products,17.2,3,Recently Not Sell,"Automatic Hair Repair Split End Trimmer, For Dry, Split, Damaged And Brittle Ends, Male And Female Hair Beauty Tool"
3022,Data Not Availabe,Link Not Available,#7 Best Sellers,in Warming Products,16.0,3,Recently Not Sell,"Ozone Machine Odor Removal For Home & Pets, Portable Ozone Generator, 99% Odor Eliminator For Home, Smoke, Room Deodorizer For Pets, Closet, Toil"
3023,Data Not Availabe,Link Not Available,#7 Best Sellers,in Warming Products,22.0,8,Recently Not Sell,"Multifunctional Hot Air Comb, Hair Curler, Hair Straightener, Straight And Curly Dual-Purpose Large Curling Inward Bangs Curling Iro"
3024,Data Not Availabe,Link Not Available,#7 Best Sellers,in Warming Products,26.99,53,Recently Not Sell,"Multifunctional Hot Air Comb, Hair Curler, Hair Straightener, Straight And Curly Dual-Purpose Large Curling Inward Bangs Curling Iro"
3025,Data Not Availabe,Link Not Available,#7 Best Sellers,in Warming Products,56.99,40,10+ sold recently,"High Efficiency Electric Ice Crusher Shaver Machine 300W, 143 Lbs/H Snow Cone Maker With Waterproof On/Off Switch, Anodized Aluminum Casing And Stainless Steel Bowl Ideal For Home, Bar, And Restaurant Use, Includes Easy Clean Features And Low Maintenance Design (Orange)"
3026,Data Not Availabe,Link Not Available,#7 Best Sellers,in Warming Products,18.21,40,Recently Not Sell,Unbeatablesale Air Hose Repair Kit For 0.25 In. Hos
3027,Data Not Availabe,Link Not Available,#7 Best Sellers,in Warming Products,54.99,45,50+ sold recently,"Pelonis PELONIS 16'' Wall Mounted Fan 2 Packs With 3 Speed Settings 2 Packs Oscillating Wall Fan With Adjustable Tilt, High Velocity, 50dB Quiet Fan For Garage Patios Bedroom,  Whi"
3028,Data Not Availabe,Link Not Available,#7 Best Sellers,in Warming Products,98.99,24,Recently Not Sell,"Medify MA-25 Air Purifier With True HEPA H13 Filter | 825 Ft² Coverage In 1hr For Allergens, Smoke, Wildfires, Odors, Pollen, Pet Dander | Quiet 99.9% Removal To 0.1 Microns | White, 1-Pack"
3029,Data Not Availabe,Link Not Available,#7 Best Sellers,in Warming Products,74.99,52,10+ sold recently,"Hot Towel Warmer Salon Towel Hot Cabinet For Facials Barber Esthetician, Spa Beauty Tattoo Massage Manicure Equipment (18L,Black)"
3030,Data Not Availabe,Link Not Available,#7 Best Sellers,in Warming Products,68.53,28,Recently Not Sell,"1pc Countertop Ice Maker, Fast Ice Making, Self-Cleaning, Portable Machine For Home, Kitchen, Office, Bar, Party"
3031,Data Not Availabe,Link Not Available,#7 Best Sellers,in Warming Products,30.99,49,Recently Not Sell,"1pc Countertop Ice Maker, Fast Ice Making, Self-Cleaning, Portable Machine For Home, Kitchen, Office, Bar, Party"
3032,Data Not Availabe,Link Not Available,#7 Best Sellers,in Warming Products,49.21,34,Recently Not Sell,"Compact Masticating Slow Juicer, Small Cold Press Juicer Machine, Space-Saving Juice Extractor Maker For Fruit And Vegetables, High Juice Yield, Nutrient And Dense, Easy To Clean, Whi"
3033,Data Not Availabe,Link Not Available,#7 Best Sellers,in Warming Products,13.56,40,Recently Not Sell,"Professional Ceramic Heated Straightening Brush, High Temperature Dual Voltage Straightener For Women, 30s Fast Heating, Anti-Scald And LED Display, Electric Hair Comb For Beard With Christmas And Holiday Specifications"
3034,Data Not Availabe,Link Not Available,#7 Best Sellers,in Warming Products,41.99,48,Recently Not Sell,"PARIS RHÔNE 6L Smart Humidifiers For Bedroom, Quiet Cool Mist Humidifiers With App, WiFi, Bluetooth, Diffuser And Nightlight, 60H Long Runtime Top Fill Humidifiers For Home, Plant, Large Room"
3035,Data Not Availabe,Link Not Available,#7 Best Sellers,in Warming Products,2.6,48,Recently Not Sell,"1 Rechargeable 1200mAh Battery, Deep Tissue Muscle Handheld Percussion Massage Gun, Suitable For Body, Back, And Neck Pain, Ultra Compact And Elegant Design, High Torque Driven Massage G"
3036,Data Not Availabe,Link Not Available,#7 Best Sellers,in Warming Products,21.2,48,Recently Not Sell,"Portable Blender With The Straw, USB Travel Juice Cup Mixing Juicer Machince With Updated 10 Blades With Powerful Motor 3000mAh Rechargeable Battery"
3037,Data Not Availabe,Link Not Available,#7 Best Sellers,in Warming Products,13.9,48,Recently Not Sell,"450ml Rechargeable Portable Blender With Six-Leaf Blade Electric Juice Machine For Smoothies, Shakes, And Juices Home Blender Mixer Usb Wireless Juice Blender Pink Bl"
3038,Data Not Availabe,Link Not Available,#7 Best Sellers,in Warming Products,17.8,4,Recently Not Sell,"Electric Hair Trimmer, 1 Piece USB Rechargable Hair Clipper, Multifunctional Hair Trimmer For Damaged And Brittle Split Ends, Portable Hair Styling Tool For Home & Travel"
3039,Data Not Availabe,Link Not Available,#7 Best Sellers,in Warming Products,79.99,44,10+ sold recently,6.6 Gallon 4.8 Peak HP Wet/Dry Vacuum 3 in 1 Shop Vacuum Cleaner w/Blower
3040,Data Not Availabe,Link Not Available,#7 Best Sellers,in Warming Products,22.99,69,Recently Not Sell,Electric Foot Massager Leg Reshaping Pad EMS Feet Muscle Stimulator Mat  US
3041,Data Not Availabe,Link Not Available,#7 Best Sellers,in Warming Products,107.94,28,Recently Not Sell,Park- Charcoal Grill Heavy Duty Steel Outdoor BBQ Grill With Grate And Single Post Outdoor Cooking Backyard Barbecues Camp Grilling 25x17x11 Inch 25x17x11 Inch
3042,Data Not Availabe,Link Not Available,#7 Best Sellers,in Warming Products,70.35,36,Recently Not Sell,"4.3 Quart Air Fryer, Electric Hot Air Fryers Oilless Cooker With Digital LCD Touch Screen, Nonstick Basket, 1400W, UL Listed Whi"
3043,Data Not Availabe,Link Not Available,#7 Best Sellers,in Warming Products,184.99,20,Recently Not Sell,Chest Freezer Small Deep Freezers WANAI 3.5 Cubic Feet Mini Freezer White Free-Standing Top Door Freezer Removable Storage Basket Compact 7 Temperature Control Energy Saving for Office Dorm or Apartm
3044,Data Not Availabe,Link Not Available,#7 Best Sellers,in Warming Products,47.9,52,10+ sold recently,"Hair Dryer Brush & Volumizer, WeChip 4 In 1 Detachable Negative Ion Hair Dryer, Blow Dryer Brush For Straightening/Drying/Curling, With Carrying Cas"
3045,Data Not Availabe,Link Not Available,#7 Best Sellers,in Warming Products,41.7,52,Recently Not Sell,Unbeatablesale RG2195 4 X 12 In. Light Oak Floor Register
3046,Data Not Availabe,Link Not Available,#7 Best Sellers,in Warming Products,220.39,24,Recently Not Sell,VEVOR 30L Industrial Ultrasonic Cleaner With Digital Timer&Heater 40kHz Professional Large Ultrasonic Cleaner Total 1200W For Wrench Tools Industrial Parts Mental Instrument Apparatus Cleaning
3047,Data Not Availabe,Link Not Available,#7 Best Sellers,in Warming Products,65.48,24,Recently Not Sell,Unbeatablesale 12 X 24 X 1 In. 8 MERV Air Filter - Case Of 12
3048,Data Not Availabe,Link Not Available,#7 Best Sellers,in Warming Products,29.99,50,Recently Not Sell,"Food Processors With 3L Bowls, Meat Grinder 4 Bi-Level Blades, 2 Speed 300W Mini Electric Food Chopper For Food, Meat, Onion, Vegetables, Fruits Chopper Sausage Maker"
3049,Data Not Availabe,Link Not Available,#7 Best Sellers,in Warming Products,26.91,10,50+ sold recently,"Food Processors With 3L Bowls, Meat Grinder 4 Bi-Level Blades, 2 Speed 300W Mini Electric Food Chopper For Food, Meat, Onion, Vegetables, Fruits Chopper Sausage Maker"
3050,Data Not Availabe,Link Not Available,#7 Best Sellers,in Warming Products,43.3,36,Recently Not Sell,"YONGSTYLE Shiatsu Neck Massager with Heat, Back Massager, 8 Massage Nodes,Deep Kneading Shoulder Massager Pillow for Pain Relief,Gift for Mom,Dad,Men,Women,Office,Home Us"
3051,Data Not Availabe,Link Not Available,#7 Best Sellers,in Warming Products,106.26,19,Recently Not Sell,"Yedi Tango, 2-In-1 Air Fryer And Pressure Cooker, 6 Quart, With Deluxe Accessory Ki"
3052,Data Not Availabe,Link Not Available,#7 Best Sellers,in Warming Products,295.99,58,Recently Not Sell,"HTVRONT Auto Heat Press Machine - 15""X15"" Smart Heat Press Machine For Clothes TShirts- Heat Up Fast & Distribute Heat Evenly, Intelligent Tshirt Press Machine For HTV, Sublimation, Heat Transfer Projects"
3053,Data Not Availabe,Link Not Available,#7 Best Sellers,in Warming Products,16.7,58,80+ sold recently,"32mm Diameter Large Wavy Lcd Display Adjustable Temperature Curling Iron, Fast Heat Up For All Seasons, Suitable For Home And Hair Salo"
3054,Data Not Availabe,Link Not Available,#7 Best Sellers,in Warming Products,57.99,20,Recently Not Sell,"IPL Laser Hair Removal, 5 Adjustable Gears, Automatic Continuous Light Output, HR/SC/RA Integrated Lamp Head, Permanent Hair Removal At Home, Face, Arms And Bikini Line (Ai-05)"
3055,Data Not Availabe,Link Not Available,#7 Best Sellers,in Warming Products,35.99,49,Recently Not Sell,"IPL Laser Hair Removal, 5 Adjustable Gears, Automatic Continuous Light Output, HR/SC/RA Integrated Lamp Head, Permanent Hair Removal At Home, Face, Arms And Bikini Line (Ai-05)"
3056,Data Not Availabe,Link Not Available,#7 Best Sellers,in Warming Products,17.2,3,Recently Not Sell,"Automatic Hair Repair Split End Remover Trimmer, Suitable For Dry, Split Ends, Damaged And Brittle Hair, Hair Care Tool For Men And Women, Portable USB Hair Trimming Tool, Automatic Electric Hair Clipper, Perfect Female Holiday Gif"
3057,Data Not Availabe,Link Not Available,#7 Best Sellers,in Warming Products,78.62,28,Recently Not Sell,"Automatic Hair Repair Split End Remover Trimmer, Suitable For Dry, Split Ends, Damaged And Brittle Hair, Hair Care Tool For Men And Women, Portable USB Hair Trimming Tool, Automatic Electric Hair Clipper, Perfect Female Holiday Gif"
3058,Data Not Availabe,Link Not Available,#7 Best Sellers,in Warming Products,72.99,44,10+ sold recently,Costway Foot Spa Bath Tub w/Heat & Bubbles & Electric Massage Rollers
3059,Data Not Availabe,Link Not Available,#7 Best Sellers,in Warming Products,17.99,25,Recently Not Sell,Portable EMS Electric Foot Massager Pad Blood Circulation Muscle Stimulator M
3060,Data Not Availabe,Link Not Available,#7 Best Sellers,in Warming Products,33.7,12,Recently Not Sell,"1pc Mini Portable Massage Device With Triple Modes Heating, Kneading & Vibration Function, 4.5W USB Rechargeable With Built-In Music (Model 906Q)"
3061,Data Not Availabe,Link Not Available,#7 Best Sellers,in Warming Products,66.52,28,Recently Not Sell,"Cotsoco Shiatsu Massage Seat Cushion With Heat, Massage Chair Pad Kneading Back Massager For Home Office Seat Use, Father's Day Gifts"
3062,Data Not Availabe,Link Not Available,#7 Best Sellers,in Warming Products,14.6,28,10+ sold recently,"3pcs Men's Rechargeable Electric Hair Cutter/Trimmer With Silver Head, Type-C Charging, Dragon & Phoenix Pattern, Black, Made Of Aluminum Alloy, For Home Us"
3063,Data Not Availabe,Link Not Available,#7 Best Sellers,in Warming Products,13.0,28,Recently Not Sell,"1pc High-Powered 7.4V Cordless Vacuum Cleaner, Mini Portable Car Use Handheld Vacuum, Double Battery, Strong Suction Guar"
3064,Data Not Availabe,Link Not Available,#7 Best Sellers,in Warming Products,60.0,8,Recently Not Sell,"""Blown Voyage"" 2-Piece Set - Purple/Whi"
3065,Data Not Availabe,Link Not Available,#7 Best Sellers,in Warming Products,102.59,19,Recently Not Sell,"VEVOR Ultrasonic Cleaner 6L With Digital Timer & Heater, Professional Ultra Sonic Jewelry Cleaner, Stainless Steel Heated Cleaning Machine For Glasses Watch Rings Small Parts Circuit Boar"
3066,Data Not Availabe,Link Not Available,#7 Best Sellers,in Warming Products,35.07,42,Recently Not Sell,"Porseme 280ml Essential Oil Diffuser, 3D Glass Aromatherapy Diffusor, Ultrasonic Cool Mist Aroma Humidifier With Timer And Color Changing Function, Waterless Shut-Off For Home Office Room"
3067,Data Not Availabe,Link Not Available,#7 Best Sellers,in Warming Products,36.66,40,Recently Not Sell,Electric Massage Instrum
3068,Data Not Availabe,Link Not Available,#7 Best Sellers,in Warming Products,41.5,40,10+ sold recently,"Portable Handheld Folding Iron, Wet And Dry Ironing Machine, 1500W High-Power Handheld Steamer, 288ml And 168ml Large-Capacity Removable Water Tank, 30 Seconds Fast Heating, Portable Mini Fabric Steam Iron, Suitable For Home Travel Offic"
3069,Data Not Availabe,Link Not Available,#7 Best Sellers,in Warming Products,13.5,22,Recently Not Sell,"Hair Clippers For Men Professional - Beard Trimmer For Man. Cordless Clippers For Hair Cutting & Multi Grooming Kit, Multi Trimmer Kit ,Rechargeable 3-IN-1 Trimmer Blade Head, Nose Trimmer ,Detail Trimmer, Hair Clipper"
3070,Data Not Availabe,Link Not Available,#7 Best Sellers,in Warming Products,37.29,47,Recently Not Sell,1PC 1000W Portable Handheld Clothes Steamer With Brush Foldable Travel Electric Steamer For Garments Clothing Wrinkles Remover 30S Heat Up 120ML Water Tank
3071,Data Not Availabe,Link Not Available,#6 Best Sellers,in Hot Plates,182.39,54,Recently Not Sell,"VEVOR 6-Pan Commercial Food Warmer, 6 X 8QT Electric Steam Table, 1200W Professional Countertop Stainless Steel Buffet Bain Marie With 86-185°F Temp Control For Catering And Restaurants, Silver"
3072,Data Not Availabe,Link Not Available,#6 Best Sellers,in Hot Plates,19.6,54,10+ sold recently,1200MA Rechargeable Cordless Hair Trimmer Kemei Km-2299 USB Fast Charging Barber Machine Blades Hair Cutter
3073,Data Not Availabe,Link Not Available,#6 Best Sellers,in Hot Plates,80.63,28,Recently Not Sell,"Espresso Machine With Milk Frother, 20 Bar Pump Pressure Coffee Machine, 1.5L/50oz Removable Water Tank, 1050W Semi-Automatic Espresso/Latte/Cappuccino Machines For Home Barista, Offic"
3074,Data Not Availabe,Link Not Available,#6 Best Sellers,in Hot Plates,12.59,21,Recently Not Sell,LCD Digital Thermometer Clock Monitor Wireless Transmitter Temperature Meter Gauge Indoor/Outdoor ℃/℉
3075,Data Not Availabe,Link Not Available,#6 Best Sellers,in Hot Plates,99.99,5,Recently Not Sell,Curl Me Perfection Automatic Hair Curler
3076,Data Not Availabe,Link Not Available,#10 Best Sellers,in Ultrasonic Cleaners,102.59,57,Recently Not Sell,VEVOR 6/10/15/22/30L Ultrasonic Cleaner 304 Stainless Steel Professional Knob Control Ultrasonic Cleaners With HeaterTimer For Jewelry Watch Glasses Circuit Board Dentures Small Parts Dental Instrum
3077,Data Not Availabe,Link Not Available,#10 Best Sellers,in Ultrasonic Cleaners,52.99,49,Recently Not Sell,Foot Spa Bath Massager Heating Pedicure Foot Soak Tub Timing Temp Control NEW
3078,Data Not Availabe,Link Not Available,#10 Best Sellers,in Ultrasonic Cleaners,17.46,10,10+ sold recently,"2 IN 1 Cordless Split End Hair Trimmer, Women Electric Hair Split Ends Trimmer Cutting Split End Remove, USB Charging Hair Split Clipper Hair Cutter"
3079,Data Not Availabe,Link Not Available,#10 Best Sellers,in Ultrasonic Cleaners,30.99,9,Recently Not Sell,Impress Impress Mid-Size Cord-Rewind Iron With Non-Stick Spray And Burs
3080,Data Not Availabe,Link Not Available,#10 Best Sellers,in Ultrasonic Cleaners,3.84,40,Recently Not Sell,1pc 21oz Cute Cartoon Plastic Water Cup With Lid And Straw Portable Sports Water Bottle Outdoor Camping Travel Cartoon Print Water Bottle Durable Water Bottle Home Kitchen Items Birthday Gifts Mothers Day Gifts Teacher Gifts Back To School Supplies Plastic Water Bottle  Water Cups  Summer Drinkware  Travel Accessories  Gifts
3081,Data Not Availabe,Link Not Available,#10 Best Sellers,in Ultrasonic Cleaners,24.02,24,20+ sold recently,Eu Standard Mini B Heat Press Machine For Home Diy Transfer Printing
3082,Data Not Availabe,Link Not Available,#10 Best Sellers,in Ultrasonic Cleaners,37.01,28,Recently Not Sell,"Silent Bedroom Humidifier - 4L Large Capacity Top Fill Cool Mist Humidifier For Home, Baby Nursery, And Plants, With Essential Oil Diffuser, Night Light, 360° Nozzle, And 50-Hour Long Operatio"
3083,Data Not Availabe,Link Not Available,#10 Best Sellers,in Ultrasonic Cleaners,27.0,14,Recently Not Sell,A0Pro Car Vacuum Cleaner Wireless Mini Portable Auto Vacuum Cleaner Cordless Vehicle Vacuum Cleaner For Car PC Cleaning
3084,Data Not Availabe,Link Not Available,#10 Best Sellers,in Ultrasonic Cleaners,99.99,55,Recently Not Sell,Gymax Portable Air Evaporative Cooler Fan W/ Remote Control Casters Home Offic
3085,Data Not Availabe,Link Not Available,#9 Best Sellers,in Electric Blade Grinders,18.5,55,Recently Not Sell,"1pc 100G Large-Capacity Eight-Blade Electric Grinder Machine For Grinding Coffee Beans, Grains, Etc. With US Plug. Modern Blue Design, Suitable For Office, Home, Picnics And Outdoor Use."
3086,Data Not Availabe,Link Not Available,#9 Best Sellers,in Electric Blade Grinders,28.25,50,Recently Not Sell,"Handheld Cordless Car Vacuum Cleaner, 13000Pa High Power Brushless Motor Mini Portable Cordless Vacuum Cleaner, Type-C Fast Charging, LED Lights Display,Clean Car, Kitchen, Office, Camping, Dust, Pet Hair"
3087,Data Not Availabe,Link Not Available,#9 Best Sellers,in Electric Blade Grinders,199.99,9,Recently Not Sell,"fy by Anker, BoostIQ RoboVac 11S (Slim), Robot Vacuum Cleaner, Super-Thin, 1300Pa Strong Suction, Quiet, Self-Charging Robotic Vacuum Cleaner, Cleans Hard Floors to Medium-Pile Carpets"
3088,Data Not Availabe,Link Not Available,#9 Best Sellers,in Electric Blade Grinders,70.6,9,Recently Not Sell,BTS TinyTAN RM - Air Purifier【Official Licensed】
3089,Data Not Availabe,Link Not Available,#9 Best Sellers,in Electric Blade Grinders,17.2,3,Recently Not Sell,"Spring Automatic Electric Hair Clipper, 1 Piece Multi-Functional Type C Rechargeable Hair Split End Clipper, Professional 2 In 1 Hair Edge Control Trimmer, Portable Wireless Hair Trimmer, Hair Care Products, Mother's Day Gift, Trending Products"
3090,Data Not Availabe,Link Not Available,#9 Best Sellers,in Electric Blade Grinders,46.99,52,Recently Not Sell,Leg Foot Massager Heat Air Compression For Circulation Pain Relief Muscles
3091,Data Not Availabe,Link Not Available,#9 Best Sellers,in Electric Blade Grinders,65.99,59,10+ sold recently,"High-Power 1800W Stainless Steel Wet/Dry Vacuum Cleaner – 5 Gallon Capacity, Versatile Shop Vac"
3092,Data Not Availabe,Link Not Available,#9 Best Sellers,in Electric Blade Grinders,54.31,3,Recently Not Sell,"2Pcs Reusable Air Fryer Liners Square, 8.5 Inch Ceramic Bowls For Air Fryer, Easy Clean Air Fryer Accessories, Replacement For Silicone Air Fryer Liners 8.5 Inch Square: Purple+Whi"
3093,Data Not Availabe,Link Not Available,#9 Best Sellers,in Electric Blade Grinders,51.59,3,Recently Not Sell,"Extra Large Air Fryer Basket For Oven, 18.7'' X 11.9'' Stainless Steel Crisper Basket For Convection Oven, Baking Pan Perfect For The Grill, Dishwasher Safe, 2 Pack"
3094,Data Not Availabe,Link Not Available,#9 Best Sellers,in Electric Blade Grinders,103.18,3,Recently Not Sell,Kitchen Supply Universal Stainless Steel Fryer Guard 2
3095,Data Not Availabe,Link Not Available,#9 Best Sellers,in Electric Blade Grinders,48.86,3,Recently Not Sell,"Air Fryer Basket For Oven, 18.9x13.1 Inch Stainless Steel Air Fryer Tray For Oven, Nonstick Crisper Tray Air Fryer Accessories Pans For Oven - Dishwasher And Over Saf"
3096,Data Not Availabe,Link Not Available,#9 Best Sellers,in Electric Blade Grinders,8.76,40,Recently Not Sell,"One Type-C Charging 100-Speed Infinite Variable Speed Gear Electric Fan With Power Display, 5 Fan Blades, Available In Two Colors, Portable Strong Turbo Handheld F"
3097,Data Not Availabe,Link Not Available,#9 Best Sellers,in Electric Blade Grinders,48.99,39,Recently Not Sell,"Sboly Conical Burr Coffee Grinder, Electric Coffee Grinder with 35 Grind Settings for 2-12 Cups, Adjustable Burr Mill Coffee Bean Grinder for Espresso, Drip Coffee, Pour Over, & French Press Coff"
3098,Data Not Availabe,Link Not Available,#9 Best Sellers,in Electric Blade Grinders,32.9,39,Recently Not Sell,Unbeatablesale Over The Door Steam & Press P
3099,Data Not Availabe,Link Not Available,#7 Best Sellers,in Exhaust Fans,16.4,39,Recently Not Sell,1pc Cooling Fan Desktop Air Conditioner Fan Slouchy Portable Fan 4000mAh Portable USB Charging Fan Desktop Electric Fan School Bedroom Office Summer Essential Beach Vacation Essential Back To School Supplies
3100,Data Not Availabe,Link Not Available,#7 Best Sellers,in Exhaust Fans,438.72,39,Recently Not Sell,Frigidaire FMOS1846BS 1.8 Cu. Ft. Stainless Over-The-Range Microwav
3101,Data Not Availabe,Link Not Available,#7 Best Sellers,in Exhaust Fans,53.44,32,Recently Not Sell,"6-In-1 Wood Therapy Massage Tools - Achieve Smooth, Firm Skin With Our All-Inclusive Set - Cellulite Massager - Lymphatic Drainage Massager - Fascia Blaster - Lymphatic Drainage And Body Sculpting"
3102,Data Not Availabe,Link Not Available,#7 Best Sellers,in Exhaust Fans,15.18,45,10+ sold recently,"1 men's hairdresser, rechargeable 5-in-1 grooming set, with charging base, nose hair trimmer, shaver head, sideburns trimmer, hair trimmer"
3103,Data Not Availabe,Link Not Available,#7 Best Sellers,in Exhaust Fans,229.99,38,Recently Not Sell,"TOSHIBA 6-In-1 Inverter Microwave Oven Air Fryer Combo, MASTER Series Countertop Microwave, Healthy Air Fryer, Broil, Convection, Speedy Combi, Even Defrost, Sound On/Off 27 Auto Menu Stainless Steel"
3104,Data Not Availabe,Link Not Available,#7 Best Sellers,in Exhaust Fans,68.53,28,Recently Not Sell,"TOSHIBA 6-In-1 Inverter Microwave Oven Air Fryer Combo, MASTER Series Countertop Microwave, Healthy Air Fryer, Broil, Convection, Speedy Combi, Even Defrost, Sound On/Off 27 Auto Menu Stainless Steel"
3105,Data Not Availabe,Link Not Available,#7 Best Sellers,in Exhaust Fans,89.99,47,40+ sold recently,"20 Inch Wall Mount Fan With 120° Oscillating, Wall Fan With 3-Speed, 7000 CFM Industrial Fan,High Velocity Fan For Household, Commercial Use - ETL Lis"
3106,Data Not Availabe,Link Not Available,#7 Best Sellers,in Exhaust Fans,13.8,47,Recently Not Sell,"1pc Plug-In Ultra-Thin 9mm Small Automatic Hair Curler For Knitted Roll, Bob Hairstyle And Noodles Curls With Adjustable Heat Control"
3107,Data Not Availabe,Link Not Available,#7 Best Sellers,in Ice Crushers & Shavers,64.01,24,Recently Not Sell,Three Blades Snow Cone Maker Ice Shaver 380W 220lbs/hr Prevent Splash Electric Stainless Steel Shaved Ice Machine Home and Ice Crushers Silver
3108,Data Not Availabe,Link Not Available,#7 Best Sellers,in Ice Crushers & Shavers,235.99,31,30+ sold recently,"Havato 8000 BTU Portable Air Conditioners, 3-in-1 Air Conditioner with Digital Display, with Cooling, Fan, Dehumidifier Mode for Room up to 250 Sq Ft, with Remote Control for Home/Office/Dorms,Whi"
3109,Data Not Availabe,Link Not Available,#7 Best Sellers,in Ice Crushers & Shavers,81.99,38,Recently Not Sell,Foot Rest Stool Chair Height Adjustable Length Nail Pedicure Chair 10kg/22lbs US
3110,Data Not Availabe,Link Not Available,#7 Best Sellers,in Ice Crushers & Shavers,21.99,69,Recently Not Sell,Reflexology Foot Massage Stick Deep Massage Acupressure Massage Stick USA
3111,Data Not Availabe,Link Not Available,#7 Best Sellers,in Ice Crushers & Shavers,4.14,40,Recently Not Sell,"300x50cm Black Car Tint Film Roll - UV & Solar Protection, Privacy Shade, PET Material, Universal Fi"
3112,Data Not Availabe,Link Not Available,#7 Best Sellers,in Ice Crushers & Shavers,57.69,10,Recently Not Sell,999900 Flashes Laser Hair Removal 3 In 1 Handhold 1 Pc Permanent Hair Remove For Whole Body On Facial Legs Arms Bikini Line By IPL Technology Quartz Lamp Used 9 Energy Levels LED Display Glasses And Razor Included At-Home Epilator Painless IPL Hair Removal
3113,Data Not Availabe,Link Not Available,#7 Best Sellers,in Ice Crushers & Shavers,44.33,28,Recently Not Sell,"Electric Kettle With Temperature Control, 27oz Rapid Heating Electric Kettle For Pour Over Coffee/T"
3114,Data Not Availabe,Link Not Available,#7 Best Sellers,in Ice Crushers & Shavers,87.69,28,Recently Not Sell,"UMLo Cordless Vacuum Cleaner, 25Kpa Powerful Stick Vacuum With Brushless Motor, 6-In-1 Rechargeable Cordless Vacuum, 40 Mins Runtime, Lightweight Vacuum Cleaner For Carpet Hard Floor Pet Hair"
3115,Data Not Availabe,Link Not Available,#7 Best Sellers,in Ice Crushers & Shavers,25.0,20,Recently Not Sell,"Members Only Trimmer For Men,Gray,Premium Lithium Cordless Hair And Beard Trimmer Kit, Multiple Interchangeable Heads,, USB Rechargeable Battery,,Men's Hair Trimmer, Men's Hair Trimmer, Men's Professional Hair Trimmer, Men's Professional Hair Trimmer, Men's Professional Hair Trimmer, Men's Professional Hair Trimmer"
3116,Data Not Availabe,Link Not Available,#7 Best Sellers,in Ice Crushers & Shavers,89.71,28,Recently Not Sell,"2 Burner Gas Cooktop,Stainless Steel Gas Stove Top, Dual Fuel (NG/LPG) Convertible, ETL Certificated, Heavy Duty Cast Iron Grates, 18000BTU"
3117,Data Not Availabe,Link Not Available,#7 Best Sellers,in Ice Crushers & Shavers,19.7,28,Recently Not Sell,"1pc Silver Foldable Handheld Vacuum Cleaner: Powerful Four-In-One Handheld Vacuum Cleaner For Dusting, Blowing, Charging And Extracting; Strong Sucking Force; Mini Portable Design For Home And Car; Suitable For Keyboard/Sofa/Carpet/Pet Hair, Etc."
3118,Data Not Availabe,Link Not Available,#7 Best Sellers,in Ice Crushers & Shavers,5.8,28,Recently Not Sell,"Electric Hair Clipper For Men, Cordless Electric Hair Trimmer Rechargeable Beard Trimmer Shaver, Professional Barber Clippers Set Father's Day Gif"
3119,Data Not Availabe,Link Not Available,#7 Best Sellers,in Ice Crushers & Shavers,48.55,33,Recently Not Sell,"Personal Blender Shakes And Smoothies, 3D 6-Leafs, 850W Portable Blender, One-Button Mixer, 2x17oz Personal , BPA Kitchen, Baby Food, Grinding, Juic"
3120,Data Not Availabe,Link Not Available,#7 Best Sellers,in Ice Crushers & Shavers,128.51,28,Recently Not Sell,"5000 BTU Air Conditioner Window Unit With Easy-To-Use Mechanical Controls, Window AC Unit Fast Cooling Up To 150 Sq.Ft. Energy Savings, Quiet Operation, 110-115V"
3121,Data Not Availabe,Link Not Available,#7 Best Sellers,in Ice Crushers & Shavers,40.99,27,Recently Not Sell,"Cusimax Brushed Stainless Steel 2 Slice Toaster with Large LED Display,Bread Toaster 1.5'' Extra Wide Slots & Removable Crumb Tray,6 Browning Settings,Cancel/Bagel/Defrost Functio"
3122,Data Not Availabe,Link Not Available,#7 Best Sellers,in Ice Crushers & Shavers,21.99,40,Recently Not Sell,"Desk Fan Battery Operated, Portable USB Rechargeable Fan, 2000mAh 180° Tilt Folding Personal Fan With Power Display, 5 Speeds Ultra Quiet Table Fan For Desktop, Home, Travel(Black)"
3123,Data Not Availabe,Link Not Available,#7 Best Sellers,in Ice Crushers & Shavers,40.99,32,Recently Not Sell,"8 Inch Portable Rechargeable Fan, 10000mAh Battery Powered Oscillating Fan, 3 Speeds, Adjustable Height, Foldable Fan, Quiet Small Stand Fan, Powerful USB Desk Fan, Suitable For Home Office, Picnic And Camping"
3124,Data Not Availabe,Link Not Available,#7 Best Sellers,in Ice Crushers & Shavers,75.6,28,Recently Not Sell,"The Air Fryer Has A Large Capacity Of 9QT Stainless Steel, A Touch Screen, And A Stereo Controller, Which Can Accommodate 3-4 People For Dining And A Whole Chick"
3125,Data Not Availabe,Link Not Available,#7 Best Sellers,in Ice Crushers & Shavers,82.99,38,Recently Not Sell,For Soaking Feet Wood Foot Spa Soak Bucket Pedicure Foot Bath Basin W/ Massager
3126,Data Not Availabe,Link Not Available,#7 Best Sellers,in Ice Crushers & Shavers,147.54,19,Recently Not Sell,"Mini Dutch Pancakes Maker Machine, 25Pcs 850W Electric Waffle Machine Non-Stick Dorayaki Maker 1.77"" Diameter Mini Pancakes Maker With 50-300 Temperature Timer Separate Control"
3127,Data Not Availabe,Link Not Available,#7 Best Sellers,in Ice Crushers & Shavers,53.09,19,Recently Not Sell,Unbeatablesale HS-04/T QuickSteam Hand Held Steamer With Dual Steam Settings
3128,Data Not Availabe,Link Not Available,#7 Best Sellers,in Ice Crushers & Shavers,22.2,4,Recently Not Sell,"Kemei's New Mini Portable Electric Shaver Pocket Km-683 Men's Rechargeable Electric Shaver USB Fast Charging, Four In One, Shaver; Nose Hair Trimmer; Hair Clippers; Sideburns Trimmer With Multiple Functions, Compact Body For Easy Carrying, Exquisite Appearance, Suitable For Giving To Friends, Boyfriends, And Holiday Gifts."
3129,Data Not Availabe,Link Not Available,#7 Best Sellers,in Ice Crushers & Shavers,82.99,45,Recently Not Sell,2IN1 23L Hot Towel Warmer UV Sterilizer Cabinet Spa Beauty SalonFacial Skin Car
3130,Data Not Availabe,Link Not Available,#7 Best Sellers,in Ice Crushers & Shavers,169.99,19,10+ sold recently,"Geek Chef Air Fryer, 6 Slice 26QT Air Fryer Toaster Oven Combo, Air Fryer Oven, Roast, Bake, Broil, Reheat, Fry Oil-Free, Extra Large Convection Countertop Oven, Accessories Included, Stainless Steel, ETL Listed, 1700W"
3131,Data Not Availabe,Link Not Available,#7 Best Sellers,in Ice Crushers & Shavers,108.22,18,Recently Not Sell,"Air Purifiers For Home Large Room Up To 1620 sqft H13 HEPA Air Purifiers Filter With Filter Reminder Timer Sleep Air Quality Display,15 DB Quiet Air Cleaner For Pets Dander Smell Smoke Poll"
3132,Data Not Availabe,Link Not Available,#7 Best Sellers,in Ice Crushers & Shavers,144.99,26,Recently Not Sell,Mini Portable Compact Electric Ice Maker Machi
3133,Data Not Availabe,Link Not Available,#7 Best Sellers,in Ice Crushers & Shavers,110.0,4,Recently Not Sell,Endless Summer Pastels Flat Iro
3134,Data Not Availabe,Link Not Available,#7 Best Sellers,in Ice Crushers & Shavers,104.99,16,Recently Not Sell,Oscillating Quiet Tower Fan With Control 3 Speeds 12H Timer Portable LED Display 47 Inch Electric Air Circulator Cooling Floor Standing Fan For Home Bedroom Office Living Room (Black)
3135,Data Not Availabe,Link Not Available,#7 Best Sellers,in Ice Crushers & Shavers,189.99,49,Recently Not Sell,"Portable Air Conditioner, 8000 BTU Portable AC For Room Up To 350 Sq. Ft., 3-In-1 AC Unit, Cooling, Dehumidifier & Fan With Digital Display, 24H Timer, Sleep Mode, Remote Control"
3136,Data Not Availabe,Link Not Available,#7 Best Sellers,in Ice Crushers & Shavers,26.7,49,Recently Not Sell,1pc Stainless Steel Moka Pot Double Insulated Thermal Coffee Pot Vacuum Household Hot Water Pot Leisure Entertainment Tea Pot Multi-Function Coffee Tool
3137,Data Not Availabe,Link Not Available,#7 Best Sellers,in Ice Crushers & Shavers,21.7,7,Recently Not Sell,"VGR Multi-Functional Electric Epilator For Women, Rechargeable Wireless Armpit Hair Shaver, Electric Hair Plucker V-703, White (No Box)"
3138,Data Not Availabe,Link Not Available,#7 Best Sellers,in Ice Crushers & Shavers,108.85,28,Recently Not Sell,VEVOR Commercial Food Warmer 2x1/3GN And 2x1/6GN 4-Pan Stainless Steel Bain Marie 14.8 Qt Capacity 1500W 110V Steam Table 6 Inch Deep Temp. Control 86-185℉ Electric Soup Warmer W/Lids & 2 Ladles
3139,Data Not Availabe,Link Not Available,#7 Best Sellers,in Ice Crushers & Shavers,129.01,28,Recently Not Sell,"20LBS Portable Washing Machine, Compact Mini Washer Machine & Dryer Combo, Built-In Gravity Drain, Small Tub Washer With Spin Cycle For Laundry Room, Apartments, Dorms, RV's Black"
3140,Data Not Availabe,Link Not Available,#7 Best Sellers,in Ice Crushers & Shavers,3.0,14,Recently Not Sell,Smart Mini Electric Razor For Men Shave Portable Electric Recharge Shaver Pocket Size Outdoor Shavers Get A Close Comfortable Shave Anywhere Gift For Father/Boyfriend/Husb
3141,Data Not Availabe,Link Not Available,#7 Best Sellers,in Ice Crushers & Shavers,104.99,12,Recently Not Sell,"3 Fold Spa Bed 84"" L 34"" H Inch Height Adjustable Salon Bed Lightweight Spa Table With Carry Case Portable Massage Tables"
3142,Data Not Availabe,Link Not Available,#7 Best Sellers,in Ice Crushers & Shavers,35.4,22,Recently Not Sell,Cucina 13466 Donut Maker
3143,Data Not Availabe,Link Not Available,#7 Best Sellers,in Ice Crushers & Shavers,50.0,9,Recently Not Sell,Mighty Mini Dryer (With Travel Bag Included) - Copper
3144,Data Not Availabe,Link Not Available,#7 Best Sellers,in Ice Crushers & Shavers,2.55,15,Recently Not Sell,Electric Eyebrow Pencil Lady Eyebrow Sharpener Mini-Special Automatic Eyebrow Shaver Shaving Instrument Eyebrow Trimmer Rechargeable Eyebrow Shaver
3145,Data Not Availabe,Link Not Available,#7 Best Sellers,in Ice Crushers & Shavers,26.99,40,Recently Not Sell,"Handheld Fan, Mini Small Portable Turbo Fan, USB Type-C Rechargeable With 4 High Speeds Personal Fans, Max 16 Hours Working Time, Small Hand Fan For Travel, Camping, Office, Home, Outdoor - Pink"
3146,Data Not Availabe,Link Not Available,#7 Best Sellers,in Ice Crushers & Shavers,95.99,58,Recently Not Sell,Gymax Evaporative Cooler Portable Air Cooler W/ 4 Ice Boxes & Remote Control
3147,Data Not Availabe,Link Not Available,#7 Best Sellers,in Ice Crushers & Shavers,25.84,5,Recently Not Sell,"1pc Mite Removal & Sterilization Machine For Mattress/Sofa, Low Noise Handheld & Wireless Vacuum Cleaner For B"
3148,Data Not Availabe,Link Not Available,#7 Best Sellers,in Ice Crushers & Shavers,43.99,41,Recently Not Sell,"1pc Mite Removal & Sterilization Machine For Mattress/Sofa, Low Noise Handheld & Wireless Vacuum Cleaner For B"
3149,Data Not Availabe,Link Not Available,#7 Best Sellers,in Ice Crushers & Shavers,31.34,22,Recently Not Sell,"TOPWIT Electric Kettle Glass Hot Water Kettle, 2.0L Water Warmer,  Stainless Steel Lid & Bottom, Tea Kettle With Fast Heating, Auto Shut-Off & Boil Dry Protectio"
3150,Data Not Availabe,Link Not Available,#7 Best Sellers,in Ice Crushers & Shavers,136.5,27,Recently Not Sell,"12-IN-1 Air Fryer Toaster Oven, 25L Convection Oven, 1700W Stainless Steel Toaster Ovens Countertop Combo With Grill, Pizza Pan, Gloves, 12 Slices Toast, 12-Inch Pizza, Home And Commercial Us"
3151,Data Not Availabe,Link Not Available,#7 Best Sellers,in Ice Crushers & Shavers,899.99,27,10+ sold recently,"Eufy X9 Pro Robot Vacuum And Mop With Auto-Clean Station, AI Obstacle Avoidance, Adaptive Pressure Cleaning With Rotating Mops, Carpet Detection With 12 Mm Auto-Lifting Mops"
3152,Data Not Availabe,Link Not Available,#7 Best Sellers,in Ice Crushers & Shavers,20.22,40,Recently Not Sell,1pc 25 MM Automatic Hair Curler LED Display PTC Heater Curling Iro
3153,Data Not Availabe,Link Not Available,#7 Best Sellers,in Ice Crushers & Shavers,17.98,28,Recently Not Sell,"Portable Strong Handheld Vacuum Cleaner, 4000PA Suction, Quick Cleaning For Home Office Car"
3154,Data Not Availabe,Link Not Available,#7 Best Sellers,in Ice Crushers & Shavers,42.99,40,Recently Not Sell,"Neck Fan Rechargeable 4 Turbo 6000mAh Portable Neck Fan 360° Cooling Airflow 3 Speeds LED Battery Display Foldable Bladeless Neck Fan Personal Fan Gift For Work,Travel,Outdoor Activities Black"
3155,Data Not Availabe,Link Not Available,#7 Best Sellers,in Ice Crushers & Shavers,8.7,40,Recently Not Sell,"1pc Plug-In Full-Automatic Hair Curler With Anti-Scalding Design, PIC Heating Technology, Suitable For Straight And Curly Hair, Hair Care Applianc"
3156,Data Not Availabe,Link Not Available,#7 Best Sellers,in Ice Crushers & Shavers,46.99,39,Recently Not Sell,13inch Portable Desk Towwer Fan For Bedroom Home Oscillating Bladeless Floor F
3157,Data Not Availabe,Link Not Available,#7 Best Sellers,in Ice Crushers & Shavers,68.44,28,Recently Not Sell,"Air Purifiers For Home Large Room Pets With Fragrance Up To 1300 Sq Ft, 13dB Air Purifier For Bedroom Wildfire Smoke Pet Dust Pollen Odor"
3158,Data Not Availabe,Link Not Available,#7 Best Sellers,in Ice Crushers & Shavers,191.63,25,Recently Not Sell,Hotdog Waffle Maker Machine Electric Corn Dog Maker 6 Slice Non-Stick Stainless Steel Waffle Baker Machi
3159,Data Not Availabe,Link Not Available,#7 Best Sellers,in Ice Crushers & Shavers,19.95,33,Recently Not Sell,"Electric Mason Jar Vacuum Sealer, Cordless Vacuum Sealer Kit For Wide & Regular Mouth Mason Jars For Food Storage And Fermentatio"
3160,Data Not Availabe,Link Not Available,#7 Best Sellers,in Ice Crushers & Shavers,104.99,34,Recently Not Sell,"HOMCOM 42"" Oscillating Evaporative Air Cooler for Home Office with Timer, 3-In-1 Ice Cooling Tower Fan Humidifier with 3 Modes, 3 Speeds, LED Display and Remote Control"
3161,Data Not Availabe,Link Not Available,#7 Best Sellers,in Ice Crushers & Shavers,27.9,40,Recently Not Sell,"Bladeless High Speed Hair Dryer, 1600w Powerful Airflow, Household Negative Ion Hairdryer With Styling Nozzles 4pcs S"
3162,Data Not Availabe,Link Not Available,#7 Best Sellers,in Ice Crushers & Shavers,46.74,35,20+ sold recently,Us Plug 7*5inch Heat Press Machine Hp6 For Diy At Hom
3163,Data Not Availabe,Link Not Available,#7 Best Sellers,in Ice Crushers & Shavers,6.3,5,Recently Not Sell,"Portable Mini Electric Shaver With Digital Display, Compact Travel Razor For Men's Shaving, Home Us"
3164,Data Not Availabe,Link Not Available,#7 Best Sellers,in Ice Crushers & Shavers,79.99,60,Recently Not Sell,"HTVRONT Heat Press Machine for T Shirts, Portable Heat Press 10""X10"" - Heat Up Fast & Distribute Heat Evenly, Tshirt Press Machine for Sublimation, HTV, Heat Transfer Projects (Light Green)"
3165,Data Not Availabe,Link Not Available,#7 Best Sellers,in Ice Crushers & Shavers,169.99,41,Recently Not Sell,"Electric Donut Maker,110V 1550W Donut Maker Machine,6 Holes Double-Sided Heating Donut Maker,Non-Stick Electric Doughnut Maker For Home And Us"
3166,Data Not Availabe,Link Not Available,#7 Best Sellers,in Ice Crushers & Shavers,96.99,71,Recently Not Sell,VIVOHOME Electric Portable Compact Countertop Automatic Ice Cube Maker Machine With Hand Scoop And Self Cleaning Function 26lbs/Day Summer
3167,Data Not Availabe,Link Not Available,#7 Best Sellers,in Ice Crushers & Shavers,16.99,37,Recently Not Sell,Pool Water Pump Filter Replaced CartRiddge For P57100102 TypeD Kits
3168,Data Not Availabe,Link Not Available,#7 Best Sellers,in Ice Crushers & Shavers,180.43,28,Recently Not Sell,"30 Inch Built-In Gas Cooktop With 5 Sealed Burners, Dual Fuel (LPG/NG), Continuous Grates, Auto Ignition, Thermocouple Protection, Stainless Steel - High Efficiency & Easy To Us"
3169,Data Not Availabe,Link Not Available,#7 Best Sellers,in Ice Crushers & Shavers,133.37,28,Recently Not Sell,"Air Purifiers,With UV-C Light Sanitizer, Purifier With 3 In1 True HEPA Fits"
3170,Data Not Availabe,Link Not Available,#7 Best Sellers,in Ice Crushers & Shavers,5.0,4,Recently Not Sell,"Ear And Nose Hair Trimmer Professional Painless Eyebrow Trimmer For Men And Women Battery-Operated Dual-Edge Blades Built-In LED Light, For Travel, Hotel, Bathroom Razor(Blue)"
3171,Data Not Availabe,Link Not Available,#7 Best Sellers,in Ice Crushers & Shavers,5.0,4,Recently Not Sell,"Ear And Nose Hair Trimmer Professional Painless Eyebrow Trimmer For Men And Women Battery-Operated Dual-Edge Blades Built-In LED Light, For Travel, Hotel, Bathroom Razor(Green)"
3172,Data Not Availabe,Link Not Available,#7 Best Sellers,in Ice Crushers & Shavers,59.78,38,Recently Not Sell,"Sandwich Maker 1200W, 3 In 1 Waffle Maker With 5-Gear Temperature Control And Removable Plates, Panini Press With Non-Stick Plates, Double-Sided Heating, Indicator Lights, Easy To Use & Cl"
3173,Data Not Availabe,Link Not Available,#7 Best Sellers,in Ice Crushers & Shavers,79.99,38,10+ sold recently,"Pelonis 16'' Wall Mounted Fan 2 Packs With Remote Control, 2 Packs Oscillating Wall Fan, 3 Speed, 3 Wind Modes, 7.5H Timer, Adjustable Tilt, Powerful Airflow For Garage Patios Bedroom Whi"
3174,Data Not Availabe,Link Not Available,#7 Best Sellers,in Ice Crushers & Shavers,5.0,4,Recently Not Sell,"Ear And Nose Hair Trimmer Professional Painless Eyebrow Trimmer For Men And Women Battery-Operated Dual-Edge Blades Built-In LED Light, For Travel, Hotel, Bathroom Razor(Pink)"
3175,Data Not Availabe,Link Not Available,#7 Best Sellers,in Ice Crushers & Shavers,5.1,4,Recently Not Sell,1 Rechargeable/Battery-Powered Electric Toothbrush With 6 Brush Heads
3176,Data Not Availabe,Link Not Available,#7 Best Sellers,in Ice Crushers & Shavers,34.99,22,Recently Not Sell,"Paris Rhône Electric Teapot, Retro Electric Kettle For Boiling Water, Stainless Steel 2L Tea Kettle With Ergonomic Handle, 1500W Hot Water Boiler Auto Shut-Off, Boil-Dry Protection EK003"
3177,Data Not Availabe,Link Not Available,#7 Best Sellers,in Ice Crushers & Shavers,47.59,10,Recently Not Sell,"Large 19-Inch Vanity Makeup Mirror With Lights, Touch Control 3 Color Lighting Dimmable Makeup Mirror, Impeccable Illumination For Professional Makeup, 360° Rotatable Desig"
3178,Data Not Availabe,Link Not Available,#7 Best Sellers,in Ice Crushers & Shavers,28.43,10,Recently Not Sell,Unbeatablesale Grinder- Number 8 - SS Plate 10mm
3179,Data Not Availabe,Link Not Available,#7 Best Sellers,in Ice Crushers & Shavers,3.6,10,Recently Not Sell,"Classic Men's Raozr, Premium 7-Layer Stainless Steel Razor Set For Daily Grooming - 1 Handle And 3 Blades, Manual Shaving Raozr, Non Slip Handle, Replacement Blades"
3180,Data Not Availabe,Link Not Available,#9 Best Sellers,in Air Conditioners,273.99,33,Recently Not Sell,"HOMCOM 10000 BTU Mobile Portable Air Conditioner For Home Office Cooling, Dehumidifier, Ventilating, Portable AC Unit With Remote, LED Display, 24H Timer, Auto Shut-Down, Black"
3181,Data Not Availabe,Link Not Available,#9 Best Sellers,in Air Conditioners,206.99,22,Recently Not Sell,"Havato 32'' Propane Fire Pit Table,50,000 BTU Outdoor Fireplace For Outside Backyard Garden,Imitation Rattan Weave Base,Auto-Ignition,With Lava Rocks,Steel Fire Pit Bowl,Protective Cover"
3182,Data Not Availabe,Link Not Available,#9 Best Sellers,in Air Conditioners,39.69,56,Recently Not Sell,"VSITOO Car Electric Kettle Travel Kettle Mini Tea Kettle Electric Water Boiler With Automatic Shut Off & Keep Warm, Electric 306 Stainless Steel Water Boilers With One Key To Boil Water, DC12V/24V,Fathers Day Gifts"
3183,Data Not Availabe,Link Not Available,#9 Best Sellers,in Air Conditioners,57.2,8,30+ sold recently,"3-Piece Professional Hair Grooming Kit - USB Rechargeable, Cordless Electric Beard Trimmer And Hair Clipper Set With Fine Cutting Precision For M"
3184,Data Not Availabe,Link Not Available,#9 Best Sellers,in Air Conditioners,44.19,35,Recently Not Sell,Round Rotating Waffle Maker By Select Brands - Belgian Waffle Maker With Non-Stick Plates - Waffle Iron Features Latching Handle & Power Indicator Ligh
3185,Data Not Availabe,Link Not Available,#9 Best Sellers,in Air Conditioners,64.01,32,Recently Not Sell,"Bear Rice Cooker 3 Cups Uncooked, Fast Electric Pressure Cooker, Portable Multi Cooker With 10 Menu Settings For White/Brown Rice Oatmeal And More, Nonstick Inner Po"
3186,Data Not Availabe,Link Not Available,#9 Best Sellers,in Air Conditioners,229.0,31,Recently Not Sell,"ICEPURE 12 Volt Portable Refrigerator, 53 Quart Car Refrigerator, RV Refrigerator With 12/24V DC 110-240V AC, Temperature Control Range -4℉-68℉, Freezer Fridge Cooler For Car, RV, Outdoor And Home Us"
3187,Data Not Availabe,Link Not Available,#9 Best Sellers,in Air Conditioners,16.6,3,Recently Not Sell,"Portable Cordless Hair Straightener With Ceramic Coating, Hot Comb Hair Straightener For Women, Lightweight Mini, Type-C Charging Port For Travel Hair Straightener USB Rechargeable Hair Straightener, 2 In 1 Wireless Mini Portable USB Hair Straightener Curler, Large Capacity Lithium Battery, Long Battery Life, Perfect For Parties, Travel, Mini 2 In 1 Hairdresser - Wireless Freedom, Fast Charging USB Rechargeable Hair Straightener And Curler - Small And Portable, Ideal For Beauty On-The-Go - Thoughtful Gift For Women, Great For Travel"
3188,Data Not Availabe,Link Not Available,#9 Best Sellers,in Air Conditioners,20.45,19,Recently Not Sell,"Wireless Home Cleaning Device, Powerful Car Vacuum Cleaner, Handheld Cordless Vacuum Cleaner, Suitable For Cleaning Car Interior, Home, Kitchen, Keyboard, Sofa, Etc."
3189,Data Not Availabe,Link Not Available,#9 Best Sellers,in Air Conditioners,18.0,19,Recently Not Sell,"1pc USB Rechargeable 5W Electric Epilator Women's Hair Removal Tool, 2-In-1 Multi-Functio"
3190,Data Not Availabe,Link Not Available,#9 Best Sellers,in Air Conditioners,49.9,67,Recently Not Sell,"Pink Garment Steamer With Adjustable Hanger, 1500W, Quick Heating Up In 35s, 46 Minutes Of Continuous Steam, Home Steam Iron, Steamer For Clothes, Fabric & Garment Steamer, Electric Irons, Steam Ironing"
3191,Data Not Availabe,Link Not Available,#9 Best Sellers,in Air Conditioners,123.22,17,Recently Not Sell,"360 Visible Glass Air Fryer, 2.5-Qt Air Fryers Oven Oil-free Low Fat Cooking, Compact Air Fryer with Automatic Timer and Temperature Control, Great for 1-3 People Us"
3192,Data Not Availabe,Link Not Available,#9 Best Sellers,in Air Conditioners,74.59,45,Recently Not Sell,YONGSTYLE Mini 2 By Ashley Black - Cellulite Massager Tool - Deep Tissue And Pressure Point Massage Stick - Support For Discomfort And Body Sculpting
3193,Data Not Availabe,Link Not Available,#9 Best Sellers,in Air Conditioners,104.99,32,Recently Not Sell,Leg Massager With Heat And Air Compression For Circulation Foot & Calf Massag
3194,Data Not Availabe,Link Not Available,#9 Best Sellers,in Air Conditioners,43.4,10,20+ sold recently,"2pcs/Set Electric Hair Clippers Set, Professional Hair Clipper Trimmer, Cordless USB Rechargeable Hair Cutting Machine For Men, Holiday Gift For Him"
3195,Data Not Availabe,Link Not Available,#9 Best Sellers,in Air Conditioners,195.99,10,Recently Not Sell,"Cast Iron Enameled Pot/Casserole/Duch Oven 9 Qt. With Cover, Merlo"
3196,Data Not Availabe,Link Not Available,#9 Best Sellers,in Air Conditioners,57.6,10,Recently Not Sell,1500W Handheld Steam Cleaner High Temperature Pressurized Steam Cleaning Machine Portable Car Steamer With Brush Heads
3197,Data Not Availabe,Link Not Available,#9 Best Sellers,in Air Conditioners,7.4,4,Recently Not Sell,New 9D Electric Shaver USB Car-Mounted High-Power Full-Body Wash Beard Knife Four-In-One Rechargeable Razor
3198,Data Not Availabe,Link Not Available,#9 Best Sellers,in Air Conditioners,8.2,4,Recently Not Sell,9D Electric Shavers For Men Waterproof Electric Trimmer Razor Wet &Amp Dry Use Rechargeable Battery Rotary Shavers Machine Shaving Men Gif
3199,Data Not Availabe,Link Not Available,#9 Best Sellers,in Air Conditioners,42.18,4,Recently Not Sell,Unbeatablesale A/C Safe Exterior Cover For Medium Window Air Conditioners
3200,Data Not Availabe,Link Not Available,#9 Best Sellers,in Air Conditioners,23.16,40,Recently Not Sell,"1pc, Summer New Dual Head Desk Fan Large Wind Air Circulation Fan Office Student Dormitory Quiet Double Fan 360 Degree Blowing"
3201,Data Not Availabe,Link Not Available,#9 Best Sellers,in Air Conditioners,27.6,3,Recently Not Sell,"Clip-On Type-C Charging 4000mAh Battery Powered Fan With Auto Oscillation, 100-Speed Infinite Adjustment, Power Display Screen, 4-Leaf Turbine Fan Blade For Home/Office/Outdoor Us"
3202,Data Not Availabe,Link Not Available,#9 Best Sellers,in Air Conditioners,5.34,40,Recently Not Sell,Men Horse Pattern Electric Hair Clipper
3203,Data Not Availabe,Link Not Available,#9 Best Sellers,in Air Conditioners,32.29,20,Recently Not Sell,"120000 RPM High Speed Hair Dryer, 600 Million Negative Ions, Blow Dryer Brushless Motor 2 Speeds 4 Temps, Lightweight Low Noise With Magnetic Nozzle For Salon Home Travel"
3204,Data Not Availabe,Link Not Available,#9 Best Sellers,in Air Conditioners,19.4,17,Recently Not Sell,"2 Cups Mini Stovetop Aluminum Espresso Maker With Cup, Household Italian Moka Pot Coffee Machine, Thickener, Portable And Detachable, Easy To Clean, Drip Tray To Avoid Mess"
3205,Data Not Availabe,Link Not Available,#9 Best Sellers,in Air Conditioners,76.7,42,Recently Not Sell,"Cusimax Shop Cold Press Juicer Machines, 5 Inch127mm Slow Masticating Juicer With Large Feed Chute, 250W Electric Juicer Machines Vegetable And Fruit Stainless Steel Body"
3206,Data Not Availabe,Link Not Available,#9 Best Sellers,in Air Conditioners,1174.99,56,Recently Not Sell,"VEVOR 110V Frozen Yogurt Blending Machine 750W, Yogurt Milkshake Ice Cream Mixing Machine 304 Stainless Steel Construction, Professional Commercial Kitchen Equipm"
3207,Data Not Availabe,Link Not Available,#9 Best Sellers,in Air Conditioners,42.01,29,Recently Not Sell,"Mini-Donuts Maker, Mini-Pie And Quiche Maker, Taiyaki Maker  NEW 3 In 1 Three Slices Detachable Dessert Maker By  White 110-120V 50/60Hz 700-800W"
3208,Data Not Availabe,Link Not Available,#9 Best Sellers,in Air Conditioners,59.98,65,Recently Not Sell,"Professional High Speed Hair Dryer, 200 Million Negative Ionic Blow Dryer With 110000 RPM Motor, 1500W High-Speed HairDryer With Magnetic Nozzle & Diffuser For Salon, Home, Travel, Perfect For Gifts Gol"
3209,Data Not Availabe,Link Not Available,#9 Best Sellers,in Air Conditioners,229.99,18,Recently Not Sell,"Camplux 2.64 GPM Propane Portable Gas Water Heater, 10 L Outdoor Tankless Camping Hot Water Heater Shower, Whi"
3210,Data Not Availabe,Link Not Available,#9 Best Sellers,in Air Conditioners,178.99,19,Recently Not Sell,"5,000 BTU Window Mounted Air Conditioner, AC Unit Cools Up To 150 Sq. Ft., Quiet 51dBA Window AC Unit With Easy-To-Use Mechanical Controls And Washable Filter, 30% Faster Cooling Smart Air Conditioner"
3211,Data Not Availabe,Link Not Available,#9 Best Sellers,in Air Conditioners,43.65,19,Recently Not Sell,Unbeatablesale 12in. Skillet With Assist Handl
3212,Data Not Availabe,Link Not Available,#9 Best Sellers,in Air Conditioners,199.49,57,Recently Not Sell,"VEVOR Commercial Ice Maker, 70lbs/24H, Ice Maker Machine, 36 Ice Cubes In 12-15 Minutes, Freestanding Cabinet Ice Maker With 12lbs Storage Capacity LED Digital Display, For Bar Home Office Restaur"
3213,Data Not Availabe,Link Not Available,#9 Best Sellers,in Air Conditioners,3.5,20,10+ sold recently,"1pc White USB Charger Electric Toothbrush Replacement Charger For  Oral B, Portable, Travel, More Safety Compatible with Most Oral B  Toothbrush Charger Base Inductive Charger, Waterproof IPX7"
3214,Data Not Availabe,Link Not Available,#9 Best Sellers,in Air Conditioners,29.99,40,Recently Not Sell,"Portable Neck Fan, Rechargeable Hands Free Bladeless Portable Mini Fans, 3 Speeds 72 Air Outlet, Free Adjustment Personal Wearable Neck Fan Suitable For Traveling Office Whi"
3215,Data Not Availabe,Link Not Available,#9 Best Sellers,in Air Conditioners,28.81,40,Recently Not Sell,Unbeatablesale Weston 14 Mm Stainless Steel 8 Grinder Plate Disc
3216,Data Not Availabe,Link Not Available,#9 Best Sellers,in Air Conditioners,4.0,11,Recently Not Sell,"1pc Men's Shaver, Mini Portable Shaver, Trimming Beard, Convenient To Carry And Give Him A Small Surpris"
3217,Data Not Availabe,Link Not Available,#9 Best Sellers,in Air Conditioners,203.29,57,Recently Not Sell,"VEVOR Electric Garage Heater 5000W 7500W 10000W  Digital Fan-Forced Wall/Ceiling Mount Shop Heater, With Remote Control Overheat Protection, Hardwired Heater With 9-Hour Timer, Ideal For Workshop, ETL Lis"
3218,Data Not Availabe,Link Not Available,#9 Best Sellers,in Air Conditioners,100.0,5,Recently Not Sell,Studio Series 32mm Curling Wand With Gem Infused Barrel
3219,Data Not Availabe,Link Not Available,#9 Best Sellers,in Air Conditioners,17.2,3,Recently Not Sell,"Automatic Hair Repair Split End Remover Trimmer For Dry, Splitting, Damaged And Brittle Split Ends. Suitable For Both Men And Women's Hair Styling Beauty Tool."
3220,Data Not Availabe,Link Not Available,#9 Best Sellers,in Air Conditioners,30.5,3,Recently Not Sell,"Effortlessly Glamorous Automatic Curling Iron - Ceramic Ion Technology, 1 Spin Barrel, 7 Heats, Automatic Curling Wand Creates Full, Frizz-Free Curls, Holiday Gift For Women, Smart Calculator, Create Perfect Waves With This Electric Curling Iron - An At-Home Hairstyling Tool For Creating Salon-Quality Curls And Waves"
3221,Data Not Availabe,Link Not Available,#9 Best Sellers,in Air Conditioners,149.99,20,Recently Not Sell,"IVATION Ivation Ozone Generator Portable Air Purifier, Ionizer & Deodorizer -Room Air Purifier Purifies Up To 3,500 Square/Feet - Air Purifiers For Home Great For Dust, Pollen, Pets, Smoke & More Cherry"
3222,Data Not Availabe,Link Not Available,#9 Best Sellers,in Air Conditioners,54.99,21,Recently Not Sell,"Leebein Electric Spin Scrubber, 2024 Upgraded Electric Scrubber For Cleaning, Spin Scrubber With Long Handle & 8 Replaceable Brush Heads, Remote Control Shower Cleaner Brush For Bathroom, Floor"
3223,Data Not Availabe,Link Not Available,#9 Best Sellers,in Air Conditioners,24.99,29,Recently Not Sell,Portable Plug In Wall Space Heater Digital Timer Electric Personal Heater F
3224,Data Not Availabe,Link Not Available,#9 Best Sellers,in Air Conditioners,125.0,4,Recently Not Sell,Wave Away Triple Barrel Curler With Tourmaline Ceramic Barrels
3225,Data Not Availabe,Link Not Available,#9 Best Sellers,in Air Conditioners,37.99,44,Recently Not Sell,Wave Away Triple Barrel Curler With Tourmaline Ceramic Barrels
3226,Data Not Availabe,Link Not Available,#9 Best Sellers,in Air Conditioners,39.99,43,Recently Not Sell,"20"" 3-Speed Portable Box Fan, New,High-Power Heat Dissipatio"
3227,Data Not Availabe,Link Not Available,#9 Best Sellers,in Air Conditioners,4.4,43,Recently Not Sell,"Sandalwood Air Cushion Comb With Gift Box, Anti-Static Wooden Massage Comb For Detangling, Scalp Stimulation, Hair Growth And Thickening"
3228,Data Not Availabe,Link Not Available,#9 Best Sellers,in Air Conditioners,44.25,56,Recently Not Sell,"Whall-Nicebay Whall 1 1/4 Inch Curling Iron With Ceramic Coating, Fast Heating, Dual Voltage, 60-Minute Auto-Off, Perfect For Versatile Hairstyling Gol"
3229,Data Not Availabe,Link Not Available,#9 Best Sellers,in Air Conditioners,13.2,56,Recently Not Sell,K.SKIN Electric Manicure Polisher S
3230,Data Not Availabe,Link Not Available,#9 Best Sellers,in Air Conditioners,95.73,19,Recently Not Sell,"Ozone Generator 22000 mg/h - Ozone Machine Ionizer & O3 Deodorizer for Home, Basement, Smoke, and Pet Room. Bl"
3231,Data Not Availabe,Link Not Available,#9 Best Sellers,in Air Conditioners,56.72,28,Recently Not Sell,"Ozone Generator 22000 mg/h - Ozone Machine Ionizer & O3 Deodorizer for Home, Basement, Smoke, and Pet Room. Bl"
3232,Data Not Availabe,Link Not Available,#9 Best Sellers,in Air Conditioners,3.7,28,Recently Not Sell,1pc Portable Multi-Functional Body Grooming Appliance Hair Trimmer Depilator Eyebrow Shaver Electric Eyebrow Trimmer Plucker Shaping Razor
3233,Data Not Availabe,Link Not Available,#9 Best Sellers,in Air Conditioners,184.67,41,Recently Not Sell,Electric Hotdog Waffle Maker Machine 5 Slice Waffle Corn Makers Non-Stick Stainless Steel Baker Machi
3234,Data Not Availabe,Link Not Available,#9 Best Sellers,in Air Conditioners,33.47,41,Recently Not Sell,Unbeatablesale Low Profile Refrigerator Roof Vent Cap&#44; Polar Whi
3235,Data Not Availabe,Link Not Available,#9 Best Sellers,in Air Conditioners,33.0,41,Recently Not Sell,Unbeatablesale 8 Oz Glass & Silicone Glass & Ice Mold&#44; Black & Clear
3236,Data Not Availabe,Link Not Available,#9 Best Sellers,in Air Conditioners,99.99,75,Recently Not Sell,"Teendow PB101 Vacuum Cleaners, Cordless Vacuum Cleaner With 80000 RPM High-Speed Brushless Motor, 2600mAh Powerful Lithium Batteries, 5 Stages High Efficiency Filtration, Up To 40 Mins Runtim"
3237,Data Not Availabe,Link Not Available,#9 Best Sellers,in Air Conditioners,37.99,44,Recently Not Sell,Desktop Fan RGB IntelligENTt Colorful Lights Rechargeable High Wind Power SilENT
3238,Data Not Availabe,Link Not Available,#9 Best Sellers,in Air Conditioners,23.51,44,Recently Not Sell,Unbeatablesale 4 Ft. Flexi Antenna&#44; Red & Blue - Bulk
3239,Data Not Availabe,Link Not Available,#9 Best Sellers,in Air Conditioners,112.99,21,Recently Not Sell,"Tpro Portable 12"" Rechargeable Table Fan With LED Night Light And Power Bank"
3240,Data Not Availabe,Link Not Available,#9 Best Sellers,in Air Conditioners,119.99,20,Recently Not Sell,HealSmart 27 Inch Bladeless Floor Fan Adjustable Speeds Settings 90° Swivel
3241,Data Not Availabe,Link Not Available,#9 Best Sellers,in Air Conditioners,123.49,57,Recently Not Sell,"VEVOR Manual Honey Extractor, 2/4 Frames Honey Spinner Extractor, Stainless Steel Beekeeping Extraction, Honeycomb Drum Spinner With Lid, Apiary Centrifuge Equipment With Height Adjustable S"
3242,Data Not Availabe,Link Not Available,#9 Best Sellers,in Air Conditioners,44.19,37,Recently Not Sell,"Healthy Ceramic Nonstick, 12"" 5QT Square Electric Skillet With Glass Lid, Dishwasher Safe, Adjustable Temperature Control, PFAS-,"
3243,Data Not Availabe,Link Not Available,#9 Best Sellers,in Air Conditioners,23.3,37,Recently Not Sell,KM-2274 Kemei/KEMEI New Home Hair Clipper With LCD Digital Display And Fast Oil Filling Head Carving For Hair Cutting
3245,Data Not Availabe,Link Not Available,#9 Best Sellers,in Air Conditioners,5.34,40,Recently Not Sell,"Heated Eyelash Curlers, Rechargeable Electric Eyelash Curler With Flexible Silicone Pad 2 Heating Modes Quick Natural Curling Eye Lashes For Long Lasting, Best Gifts For Wom"
3246,Data Not Availabe,Link Not Available,#9 Best Sellers,in Air Conditioners,19.99,50,Recently Not Sell,"Travel Size Professional 1"" Titanium & Ceramic Flat Iron Hair Straightener, Ionic"
3247,Data Not Availabe,Link Not Available,#9 Best Sellers,in Air Conditioners,79.95,6,Recently Not Sell,X Portable Blender (24oz)
3248,Data Not Availabe,Link Not Available,#9 Best Sellers,in Air Conditioners,18.99,72,Recently Not Sell,19-Level EMS Electric Foot Massager Pad Blood Muscle Circulation Stimulator M
3249,Data Not Availabe,Link Not Available,#9 Best Sellers,in Air Conditioners,150.09,57,Recently Not Sell,"VEVOR Food Dehydrator Machine, 800W Electric Food Dehydrator, 10 Stainless Steel Trays, With Digital Adjustable Timer & Temperature Food Dryer For Jerky, Herb, Meat, Beef, Fruit, Dog Treats And Vegetables"
3250,Data Not Availabe,Link Not Available,#9 Best Sellers,in Air Conditioners,17.99,74,Recently Not Sell,NEW Electric EMS Foot Massager Leg Reshaping Pad Feet Muscle Stimulator Mat US
3251,Data Not Availabe,Link Not Available,#9 Best Sellers,in Air Conditioners,399.99,15,Recently Not Sell,"Tineco Pure ONE S15 Essentials Smart Cordless Vacuum Cleaner, Stick Vacuum With Anti-Tangle Brush & Fade-Free Suction, Deep Clean For Hard Floor & Carpets, Pet Hair Cleaning With Led Headlights"
3252,Data Not Availabe,Link Not Available,#9 Best Sellers,in Air Conditioners,13.99,18,Recently Not Sell,"6IN Mini Baby Stroller Fan, Handheld Personal Portable Clip On Fan With Flexible Tripod For Stroller Bike Desk Treadmill Crib Car Seat Outdoor Camping, USB Or Battery Powered (NavyBlue)"
3253,Data Not Availabe,Link Not Available,#9 Best Sellers,in Air Conditioners,146.86,25,Recently Not Sell,Waffle Machine Hot Dog Maker 6pcs Hot Dog Sausage Maker 110v Stainless Steel Nonstick Hot Dog Machine 2 Shapes
3254,Data Not Availabe,Link Not Available,#9 Best Sellers,in Air Conditioners,24.9,25,Recently Not Sell,1pc Minimalist Portable Juicer Bottl
3255,Data Not Availabe,Link Not Available,#9 Best Sellers,in Air Conditioners,10.7,1,Recently Not Sell,"An Air Conditioner Air Deflector, Which Can Avoid Direct Blowing Of The Body And Prevent Catching A Cold."
3256,Data Not Availabe,Link Not Available,#9 Best Sellers,in Air Conditioners,199.99,17,Recently Not Sell,"30 Inch Gas Stove, Built-In Propane Gas Cooktop With 5 Burner,Gas Cooktop NG/LPG Convertibl"
3257,Data Not Availabe,Link Not Available,#9 Best Sellers,in Air Conditioners,38.99,17,Recently Not Sell,"Single Serve Coffee Maker Coffee Brewer for Single Cup Capsule and Ground Coffee, Single Cup Coffee Makers with 6 to 14oz Reservoir, Mini Siz"
3258,Data Not Availabe,Link Not Available,#9 Best Sellers,in Air Conditioners,1398.0,17,Recently Not Sell,Bosch NGM5658UC 36 Inch Stainless 500 Series Gas Cooktop
3259,Data Not Availabe,Link Not Available,#9 Best Sellers,in Air Conditioners,60.0,8,Recently Not Sell,"""Blown Voyage"" 2-Piece Set - Red/Black Dryer And Selfie Ligh"
3260,Data Not Availabe,Link Not Available,#9 Best Sellers,in Air Conditioners,85.99,55,Recently Not Sell,"VEVOR Vacuum Sealer Machine, 90Kpa 130W Powerful Dual Pump And Dual Sealing, Dry And Moist Food Storage, Automatic And Manual Air Sealing System With Built-In Cutter, With Seal Bag And External Hos"
3261,Data Not Availabe,Link Not Available,#3 Best Sellers,in Hot Plates,38.99,37,Recently Not Sell,"Techwood 7.5"" Hot Plate Portable Electric Stove For Cooking,1500W Countertop Single Burner With Adjustable Temperature & Stay Cool Handles,Stainless Steel Electric Cooktop For Dorm Office/Home/Camp"
3262,Data Not Availabe,Link Not Available,#3 Best Sellers,in Hot Plates,197.05,28,Recently Not Sell,"Commercial Ice Maker, 48Lbs/24H Self-Cleaning LCE Ice Maker For Home, Bar, Restaurant, Coffee Shop And Many Other Commercial Places, Chewable Pellet Ice, Ice Maker"
3263,Data Not Availabe,Link Not Available,#3 Best Sellers,in Hot Plates,39.99,43,Recently Not Sell,Portable Camping Ceiling LED Fan 10400mAh USB Battery Powered Hanging Tent Lantern Fan Power Bank With 3 Fan Speed 3 Light Brightness Smart Timer Remote Control
3264,Data Not Availabe,Link Not Available,#3 Best Sellers,in Hot Plates,512.72,43,Recently Not Sell,Samsung ME21DG6300SR 2.1 Cu. Ft. Stainless Steel Over-The-Range Microwav
3265,Data Not Availabe,Link Not Available,#3 Best Sellers,in Hot Plates,151.99,19,Recently Not Sell,VEVOR 15L Ultrasonic Cleaner With Digital Timer & Heater Professional Ultrasonic Cleaner 40kHz Advanced Ultrasonic Cleaner 110V For Wrench Screwdriver Repairing Tools Industrial Parts Mental Cleaning
3266,Data Not Availabe,Link Not Available,#3 Best Sellers,in Hot Plates,9.9,9,Recently Not Sell,Ows Wireless Bluetooth-Compatible 5.0 Headphones Air Conduction Sports Earphones Noise Canceling Heads
3267,Data Not Availabe,Link Not Available,#3 Best Sellers,in Hot Plates,34.98,40,Recently Not Sell,"Portable Neck Fan. Bladeless Neck Fan,For Indoor Outdoor Travelling,USB Rechargeable Personal Fan,Rechargeable, Headphone Design,3 Speeds Operated Adjustable,Neck Fans For Wom"
3268,Data Not Availabe,Link Not Available,#3 Best Sellers,in Hot Plates,20.55,28,Recently Not Sell,"Electric Spin Scrubber,GRUTTI Power Scrubber Cordless Electric Shower Scrubber With Digital Display And 5 Replaceable Heads, 2 Adjustable Speeds,Cleaning Brush For Bathtub, Floor, Tile, Windo"
3269,Data Not Availabe,Link Not Available,#10 Best Sellers,in Air Conditioners,209.99,34,Recently Not Sell,"HOMCOM 8,000 BTU Portable Air Conditioner For 345 Sqft Room, Timer"
3270,Data Not Availabe,Link Not Available,#10 Best Sellers,in Air Conditioners,33.9,34,Recently Not Sell,Unbeatablesale 10 Oz Orange Plastic Citrus Juicer
3271,Data Not Availabe,Link Not Available,#10 Best Sellers,in Air Conditioners,12.88,17,Recently Not Sell,K35 Wireless Lavalier Microphone 3.5mm Round Jack Automatic Noise Reduction Lapel Mic For Camera Recording
3272,Data Not Availabe,Link Not Available,#10 Best Sellers,in Air Conditioners,10.39,17,Recently Not Sell,C11 Car Bluetooth-Compatible 5.0 Transmitter Receiver Car Audio Aux Hands-Free Call Two-In-One Audio Adapter For Pc Tv Car
3273,Data Not Availabe,Link Not Available,#10 Best Sellers,in Air Conditioners,45.39,39,Recently Not Sell,"Mini Donut Maker - Donut Maker Machine For Home Breakfast Desserts, Bake 7 Mini Doughnuts, 1400W Electric Doughnut Machine With Non-Stick Surface Makes For Kids Donut Maker With Oil Brush 7 Holes"
3274,Data Not Availabe,Link Not Available,#10 Best Sellers,in Air Conditioners,23.99,52,10+ sold recently,"KIPOZI 160W Personal Blender For Shakes And Smoothies, 20oz 600ml Juicer Cup With Portable Sports Bottle Single Blend Easy To Cl"
3275,Data Not Availabe,Link Not Available,#10 Best Sellers,in Air Conditioners,38.09,52,Recently Not Sell,"Unbeatablesale Imperial Center Wall Register Boot, 10 X 4 In. Depth, 6 In. Collar - Galvaniz"
3276,Data Not Availabe,Link Not Available,#10 Best Sellers,in Air Conditioners,89.0,36,20+ sold recently,"ELG01 1/2in. X 100ft Garden Hose Reel, Retractable Reel Storage With Any Length Lock, Slow Return System, 9 Patterns Adjustable, Wall-Mounted & 180° Swivel Bracket For Watering, Black & R"
3277,Data Not Availabe,Link Not Available,#10 Best Sellers,in Air Conditioners,89.18,53,Recently Not Sell,Gracie Mills Abe Oversized Plush Heated Throw Blanket With Built-In Control - GRACE-13876
3278,Data Not Availabe,Link Not Available,#10 Best Sellers,in Air Conditioners,50.24,3,Recently Not Sell,"Lava Steak Stone Table Grill With Bamboo Tray Indoor Outdoor Smokeless Grill Meat, Veggies For BBQ Party, One Rechaud 8.46""*6.49"""
3279,Data Not Availabe,Link Not Available,#10 Best Sellers,in Air Conditioners,135.79,3,Recently Not Sell,"Electric Grill Hot Pot 2 In 1,Multifunctional Smokeless Grill Indoor Teppanyaki Grill/Shabu Pot With Divider-Separate Dual Temperature Contral,Non-Stick Pan BBQ Capacity For 2-12 People,110VBlack3.0"
3280,Data Not Availabe,Link Not Available,#10 Best Sellers,in Air Conditioners,54.31,3,Recently Not Sell,"Game Day Sausage And 5 Electric Grill With Oil D Tray, Carry Handle, And Cord Storage, Cooks , Turkey, Chicken, Veggie Sausages, Or Hot Dogs"
3281,Data Not Availabe,Link Not Available,#10 Best Sellers,in Air Conditioners,190.99,3,Recently Not Sell,"Hot Pot With Grill, Electric Hot Pot 2 In 1 Shabu Shabu Hot Pot Korean BBQ Grill, Removable Hotpot Pot 1200W / Large Capacity Baking Tray, Separate Temperature Control, Electric Grill For 2-12 Peopl"
3282,Data Not Availabe,Link Not Available,#10 Best Sellers,in Air Conditioners,234.25,2,Recently Not Sell,"22"" Electric Grill Countertop Gdle Flat Top Grill Hot Plate Non-Stick Stainless Steel Teppanyaki Grill For Restaurant Kitchen, 110V 3000W"
3283,Data Not Availabe,Link Not Available,#10 Best Sellers,in Air Conditioners,10.4,2,Recently Not Sell,"Vacuum Filters Replacement For Shark Navigator Zero-M Lift-Away Speed Upright Vacuum ZU560, ZU560C, ZU561, ZU562, ZU572,UV650,2 Post Filters + 4 Foam & Felt Filters Kit, Part #'s XHEPA560 & XFFK560"
3284,Data Not Availabe,Link Not Available,#10 Best Sellers,in Temperature Gauges,4.6,2,Recently Not Sell,"1pc Cartoon Turtle Shaped Floating Water Temperature Meter, Suitable For Bathtubs, Swimming Pools And Aquariums"
3285,Data Not Availabe,Link Not Available,#10 Best Sellers,in Temperature Gauges,5.9,2,Recently Not Sell,"1pc Insect Repellent, Mosquito Sticker With USB Powered Purple Light Electric Bug Zapper Indoor Lighting Mosquito Killer"
3286,Data Not Availabe,Link Not Available,#10 Best Sellers,in Temperature Gauges,71.94,28,Recently Not Sell,"Low Noise Home Blender | For Shakes, Smoothies, Food Prep, And Frozen &Heat Blending | 1000-Watt Base And (1) 1500ml Cups ,Two Blades Of Different Specifications"
3287,Data Not Availabe,Link Not Available,#10 Best Sellers,in Temperature Gauges,25.0,20,Recently Not Sell,"Electric Shaver For Women Lady Epilator Electric Razors Kit Hair Remover For Face Chin Arm Leg Armpit Trimmer Painless Waterproof USB Rechargeable Dry Wet With Detachable Head 3 In 1,Rose Gold,Women's Razors,Razors For Wom"
3288,Data Not Availabe,Link Not Available,#10 Best Sellers,in Temperature Gauges,98.9,18,Recently Not Sell,"YONGSTYLE 1800W Induction Cooktop Countertop Burner, 3 Hour Max Timer"
3289,Data Not Availabe,Link Not Available,#10 Best Sellers,in Temperature Gauges,64.25,28,Recently Not Sell,"1PC Heating Knee Pad, Heated Knee Massager, 3-In-1 Heating Massage Knee Pad, Shoulder And Elbow Pad, Vibrating Knee Joint Heating Pad, Adjustable Temperature For 3-Speed Massage And 5-Speed Massage, Heating And Relaxing Leg Warmer"
3290,Data Not Availabe,Link Not Available,#10 Best Sellers,in Temperature Gauges,88.0,50,Recently Not Sell,"INSE V770 Cordless Vacuum Cleaner, 6 In1 Vacuum Cleaner With Rechargeable Battery, Convenient Lightweight Stick Vacuum Cleaner With Powerful Suction, Handheld Vacuum For Carpet Hard Floor Pet Hair Hom"
3291,Data Not Availabe,Link Not Available,#10 Best Sellers,in Temperature Gauges,470.99,32,Recently Not Sell,"Merax Power Lift Recliner Chair Electric Recliner For Elderly Recliner Chair With Massage And Heating Functions, Remote, Phone Holder Side Pockets And Cup Holders For Living Room"
3292,Data Not Availabe,Link Not Available,#10 Best Sellers,in Temperature Gauges,111.88,28,Recently Not Sell,VEVOR 6-Pan Commercial Food Warmer 6 X 8QT Electric Steam Table 1200W Professional Countertop Stainless Steel Buffet Bain Marie With 86-185°F Temp Control For Catering And Restaurants Silver
3293,Data Not Availabe,Link Not Available,#10 Best Sellers,in Temperature Gauges,10.6,28,Recently Not Sell,"Charcoal Fire Flame Diffuser, Aromatherapy Essential Oil Diffuser, 300ml Cool Mist Ultrasonic Humidifier For Bedroom,Office,Home,Yoga, Night Ligh"
3294,Data Not Availabe,Link Not Available,#10 Best Sellers,in Temperature Gauges,21.5,28,Recently Not Sell,Unbeatablesale Rubber Gasket For 16 Qt. & 22 Qt.
3295,Data Not Availabe,Link Not Available,#10 Best Sellers,in Temperature Gauges,48.39,28,Recently Not Sell,Unbeatablesale Supurr-Flex Vent Hook-Up Ki
3296,Data Not Availabe,Link Not Available,#10 Best Sellers,in Temperature Gauges,23.12,28,Recently Not Sell,Unbeatablesale Supurr-Flex Vent Hook-Up Ki
3297,Data Not Availabe,Link Not Available,#10 Best Sellers,in Temperature Gauges,55.0,8,Recently Not Sell,Unbeatablesale Supurr-Flex Vent Hook-Up Ki
3298,Data Not Availabe,Link Not Available,#10 Best Sellers,in Temperature Gauges,80.79,8,Recently Not Sell,Global Phoenix Electric Heated Throw Flannel Heated Blanket With 10 Heat Settings Auto Off Washable For Home Office Usage 59x51i
3299,Data Not Availabe,Link Not Available,#10 Best Sellers,in Temperature Gauges,2.9,8,Recently Not Sell,"1pc Student Kitchen Timer Count Down Electronic Alarm Clock Children Time Management Timer,Kitchen,Kitchen Items,Food,Cooking,Camping,Vacation,Beach,Room Decor,Organizer,Party,Travel."
3300,Data Not Availabe,Link Not Available,#10 Best Sellers,in Temperature Gauges,10.3,8,Recently Not Sell,1pc Battery/USB Dual Purpose Double-Sided Mirror LED Makeup Mirror Portable Makeup Mirror Makeup Light With 10X Magnificatio
3301,Data Not Availabe,Link Not Available,#10 Best Sellers,in Temperature Gauges,53.44,22,Recently Not Sell,"Healthy Ceramic Nonstick, 12"" 5QT Square Electric Skillet With Glass Lid, Dishwasher Safe, Adjustable Temperature Control, PFAS-, Turquois"
3302,Data Not Availabe,Link Not Available,#10 Best Sellers,in Temperature Gauges,11.3,22,Recently Not Sell,"10 Pieces Vacuum Cleaner Bags Compatible With Xiaomi X10 And Dreame L10s Ultra Robot Vacuum Cleaner Extraction Station, 2.5L Large Capacity Replacement Vacuum Cleaner Bags"
3303,Data Not Availabe,Link Not Available,#10 Best Sellers,in Temperature Gauges,94.99,50,Recently Not Sell,"VEVOR Gumball Machine, 21"" Height Home Vending Machine, PS Bouncy Balls Dispenser, Hold 180 Capsule Toys, Rectangle Bubble Gum Machine For Game Stores, Coin Operated Gumball Bank, R"
3304,Data Not Availabe,Link Not Available,#10 Best Sellers,in Temperature Gauges,54.99,50,Recently Not Sell,"VEVOR Gumball Machine, 17""H Home Candy Vending Machine, PC Gumball Dispenser, Bubble Gum Machine For Game Stores, Coin Operated Gumball Bank For Toy Capsules Bouncy Balls Candy, Bl"
3305,Data Not Availabe,Link Not Available,#10 Best Sellers,in Temperature Gauges,54.99,51,Recently Not Sell,"VEVOR Gumball Machine, 17""H Home Candy Vending Machine, PC Gumball Dispenser, Bubble Gum Machine For Game Stores, Coin Operated Gumball Bank For Toy Capsules Bouncy Balls Candy, Yello"
3306,Data Not Availabe,Link Not Available,#10 Best Sellers,in Temperature Gauges,51.99,37,Recently Not Sell,USB Portable Air Cooler Fan Mini Air Conditioner Personal Cooling Desk Fan Whi
3307,Data Not Availabe,Link Not Available,#10 Best Sellers,in Temperature Gauges,9.6,40,Recently Not Sell,Men Chinese Dragon Decor Electric Hair Clipper
3308,Data Not Availabe,Link Not Available,#10 Best Sellers,in Temperature Gauges,65.99,43,Recently Not Sell,Electric Foot Spa Massager Foldable Foot Bath Soak Tub With Heat Bubble Massag
3309,Data Not Availabe,Link Not Available,#10 Best Sellers,in Temperature Gauges,54.74,43,Recently Not Sell,Unbeatablesale 11 In. Granite Look Non-Stick Cast Aluminum Fry Pan & Skill
3310,Data Not Availabe,Link Not Available,#10 Best Sellers,in Temperature Gauges,17.1,8,Recently Not Sell,"Portable Cordless Hair Straightener With Ceramic Coating For Women, Hot Comb Hair Straightener, Lightweight Mini, Type-C Charging Port, USB Rechargeable, 2 In 1 Wireless Mini Portable USB Hair Straightener Curler, Large Capacity Lithium Battery, Long Battery Life, Perfect For Party, Travel And Beauty Anytime Anywhere - A Thoughtful Gift For Women, Adjustable Temperature Rechargeable Hairdressing Tools For Women's Gift, Mother's Day Gift, Hair Straightener, Curling Wand, Crimp Curling Iron, Flat Iron, Hair Curler."
3311,Data Not Availabe,Link Not Available,#10 Best Sellers,in Temperature Gauges,7.9,8,Recently Not Sell,"Kitchen Food Thermometer,  304 Stainless Steel, Temperature Measurement Range -50~300 Degrees Celsius, Accuracy +/- 0.8°C, Temperature Measuring Speed 2~3 Seconds, Requires CR2032 Battery"
3312,Data Not Availabe,Link Not Available,#10 Best Sellers,in Temperature Gauges,32.46,8,Recently Not Sell,Unbeatablesale Handheld Garment Steamer With Stainless Steel Nozzle&#44; Pink
3313,Data Not Availabe,Link Not Available,#10 Best Sellers,in Temperature Gauges,31.91,8,Recently Not Sell,"Unbeatablesale Aeromat Folding Cane Massager, Gray"
3314,Data Not Availabe,Link Not Available,#10 Best Sellers,in Temperature Gauges,68.99,30,Recently Not Sell,"Unbeatablesale Aeromat Folding Cane Massager, Gray"
3315,Data Not Availabe,Link Not Available,#10 Best Sellers,in Temperature Gauges,38.99,43,Recently Not Sell,Portable Personal Desk Fan 4 Speed 180° Tilt USB Rechargeable Fan W/Hanging Hook
3318,Data Not Availabe,Link Not Available,#10 Best Sellers,in Temperature Gauges,37.99,44,Recently Not Sell,RGB IntelligENTt Colorful Lights Rechargeable High Wind Power SilENTt Desktop F
3320,Data Not Availabe,Link Not Available,#10 Best Sellers,in Temperature Gauges,44.99,40,Recently Not Sell,"8"" USB Desk Clip On Fan Rechargeable 3-Speed Portable Cooling Camping Stroller"
3321,Data Not Availabe,Link Not Available,#10 Best Sellers,in Temperature Gauges,19.99,60,Recently Not Sell,Portable Rechargeable Fan Mini Handy Fan Pocket Size Air Cooler USB White US
3322,Data Not Availabe,Link Not Available,#10 Best Sellers,in Temperature Gauges,21.99,58,Recently Not Sell,Portable Fan USB Rechargeable Foldable Table Desk Fan Telescopic Floor 3-Speeds
3323,Data Not Availabe,Link Not Available,#10 Best Sellers,in Temperature Gauges,38.99,43,Recently Not Sell,"9"" Desk Table Fan With Strong Airflow 2 Speed 270° Rotatable Fan For Home Offic"
3324,Data Not Availabe,Link Not Available,#10 Best Sellers,in Temperature Gauges,21.99,58,Recently Not Sell,Car Cooling Fan Rotatable Fan Mini USB Vehicle Fan Backseat Clip Fan W/3 Speeds
3325,Data Not Availabe,Link Not Available,#10 Best Sellers,in Temperature Gauges,83.99,26,Recently Not Sell,"9"" Oscillating Pedestal Fan Portable Floor Fan W/ 3 Adjustable Heights & Speeds"
3326,Data Not Availabe,Link Not Available,#10 Best Sellers,in Temperature Gauges,25.99,54,Recently Not Sell,4000mA Rechargeable Personal Handheld Fan USB Mini Desk Fan Portable Outdoor F
3327,Data Not Availabe,Link Not Available,#10 Best Sellers,in Temperature Gauges,46.99,39,Recently Not Sell,4000mA Rechargeable Personal Handheld Fan USB Mini Desk Fan Portable Outdoor F
3328,Data Not Availabe,Link Not Available,#10 Best Sellers,in Temperature Gauges,46.99,39,Recently Not Sell,Portable USB Desk Fan Rechargeable Small Air Cooler Cooling Operated Mini F
3329,Data Not Availabe,Link Not Available,#10 Best Sellers,in Temperature Gauges,64.99,32,Recently Not Sell,Portable USB Desk Fan Rechargeable Small Air Cooler Cooling Operated Mini F
3330,Data Not Availabe,Link Not Available,#10 Best Sellers,in Temperature Gauges,36.99,45,Recently Not Sell,Portable LED Travel Camping Fan 5000mAh Battery Operated Mini Desk Fan W/ Hook
3331,Data Not Availabe,Link Not Available,#10 Best Sellers,in Temperature Gauges,38.99,43,Recently Not Sell,Portable Air Cooling Fan Electric Room Air Cooler Table Desktop Circulator F
3332,Data Not Availabe,Link Not Available,#10 Best Sellers,in Temperature Gauges,19.99,60,Recently Not Sell,Handheld Rechargeable Fan LED Digital Dissplay Rechargeable Mini Portable F
3333,Data Not Availabe,Link Not Available,#10 Best Sellers,in Temperature Gauges,30.99,49,Recently Not Sell,Portable Mini Fan Rechargeable Desk Clip Fan 4-Speed Adjustable Air Cooler Fans
3334,Data Not Availabe,Link Not Available,#10 Best Sellers,in Temperature Gauges,22.99,57,Recently Not Sell,Rechargeable Handheld Fan W/ Flexible Tripod Clip  3 Speed 360° Tilt On Desktop
3335,Data Not Availabe,Link Not Available,#10 Best Sellers,in Temperature Gauges,38.99,43,Recently Not Sell,9inch USB Table Desktop Fan For Office Air Fan Circulator Home Bedroom 2 Speeds
3336,Data Not Availabe,Link Not Available,#10 Best Sellers,in Temperature Gauges,20.99,59,Recently Not Sell,12V Car Summer Portable 360 Rotation Cooling Fan  Vehicle Travel Auto Air Cooler
3337,Data Not Availabe,Link Not Available,#10 Best Sellers,in Temperature Gauges,40.99,42,Recently Not Sell,Stand Fan Portable Folding Pedestal USB Rechargeable Telescopic Table Floor F
3338,Data Not Availabe,Link Not Available,#10 Best Sellers,in Temperature Gauges,64.99,32,Recently Not Sell,Portable Desk Wired Fans 3 Speed 28W SilENTt Mode Air Circulator Head Shaking F
3339,Data Not Availabe,Link Not Available,#10 Best Sellers,in Temperature Gauges,40.99,42,Recently Not Sell,Portable Desk Wired Fans 3 Speed 28W SilENTt Mode Air Circulator Head Shaking F
3340,Data Not Availabe,Link Not Available,#10 Best Sellers,in Temperature Gauges,22.99,57,Recently Not Sell,Portable Handheld Fan Digital Dissplay 3 Speeds Ajustable  Mini Rechargeable F
3341,Data Not Availabe,Link Not Available,#10 Best Sellers,in Temperature Gauges,35.9,55,Recently Not Sell,"Bladeless Neck Fan - 5200mAh Portable Neck Fan With 3 Wind Speed,USB Rechargeable Personal Neck Fan, Hands-Free Design USB Fan - Ideal For Outdoor Activities And Travel"
3344,Data Not Availabe,Link Not Available,#10 Best Sellers,in Temperature Gauges,39.98,50,Recently Not Sell,"DR.PREPARE Heated Vest, Plus Size Heated Jacket For Men Women, USB Electric Heated Clothing With 3 Heating Levels, Lightweight Adjustable Warming Vest For Hiking Skiing (Battery Pack Not Included)"
3345,Data Not Availabe,Link Not Available,#10 Best Sellers,in Temperature Gauges,21.62,50,Recently Not Sell,Unbeatablesale Dundas Jafine Inc. 4in. X 8ft. Pro Flex Clothes Dryer Transition Duc
3346,Data Not Availabe,Link Not Available,#10 Best Sellers,in Temperature Gauges,16.7,4,Recently Not Sell,"A6 Professional Hair Clipper,Electric Cordless Hairdresser, Razor, Long-Life High-Speed Motor Power, USB Data Line Straight, Plus Three Limit Combs And Cleaning Brushes, Home Haircuts, Small And Portable, Holiday Gifts, Applicable To Travel"
3347,Data Not Availabe,Link Not Available,#10 Best Sellers,in Temperature Gauges,21.4,4,Recently Not Sell,"Fully Automatic Electric Hair Clipper, Multifunctional Rechargeable Split Tail Hair Clipper, Professional 2-In-1 Hair Edge Control Trimmer For Hair Fragmentation, Portable Wireless Hair Clipper, Hair Care Products, Women's Gifts, Mother's Day Gifts"
3348,Data Not Availabe,Link Not Available,#10 Best Sellers,in Temperature Gauges,44.03,28,Recently Not Sell,A-A1 360 ° Turning TV Antenna UV Dual Section 47-860 MHz 15-18dB HD Outdoor Easy Installation And Disassembly
3349,Data Not Availabe,Link Not Available,#10 Best Sellers,in Temperature Gauges,25.5,28,Recently Not Sell,Unbeatablesale 0.625 X 0.5 In. MPT Brass Compression Tee Fitting
3350,Data Not Availabe,Link Not Available,#10 Best Sellers,in Temperature Gauges,4.0,28,Recently Not Sell,"1pc Creative Cartoon Timer Magnetic Suction Kitchen Mechanical Countdown Timer Student Time Manager,Kitchen,Kitchen Items,Food,Cooking,Camping,Vacation,Beach,Room Decor,Organizer,Party,Travel."
3351,Data Not Availabe,Link Not Available,#10 Best Sellers,in Temperature Gauges,59.72,28,Recently Not Sell,Unbeatablesale 9 Dowel Coated Aluminum Dryer
3352,Data Not Availabe,Link Not Available,#10 Best Sellers,in Temperature Gauges,68.08,31,Recently Not Sell,"Cusimax Shop Wide Mouth Extractor Juice Machine With Dual Speed Centrifugal Stainless Steel Juicer, 3.5 Cup, Chrome Silver"
3353,Data Not Availabe,Link Not Available,#10 Best Sellers,in Temperature Gauges,51.4,28,Recently Not Sell,"Wired Vacuum Cleaner, High-Power And High Suction, 600W XC-1-PURPLE	, Pet Hair, Floor, Carpet Cleaning Tool, Household Us"
3354,Data Not Availabe,Link Not Available,#10 Best Sellers,in Temperature Gauges,51.4,28,Recently Not Sell,"Wired Vacuum Cleaner, High-Power And High Suction, 600W ROSE Pet Hair, Floor, Carpet Cleaning Tool, Household Us"
3355,Data Not Availabe,Link Not Available,#10 Best Sellers,in Temperature Gauges,96.99,28,Recently Not Sell,ILIVING 7/10/12/16/18/20/24 Inch Wall-Mounted Variable Speed Shutter Exhaust Fan Crawl Space Ventilator
3356,Data Not Availabe,Link Not Available,#8 Best Sellers,in Hot Plates,129.99,19,Recently Not Sell,"VBGK Electric Cooktop 2 Burners, 110V Electric Double Burner, Electric Stove Top With Knob Control, 2200W Countertop Burners 9 Power Levels, Cooktops Child Safety Lock And 99 MinTimer"
3357,Data Not Availabe,Link Not Available,#8 Best Sellers,in Hot Plates,134.99,25,10+ sold recently,"Proscenic Vacuum Cleaners For Home, P11 Mopping 35Kpa Cordless Vacuum Cleaner And Mop Combo With Touch Screen, Stick Vacuum Equipped 5-Stage Filtration System, Hardwood Floor Vacuum For Pet Hair, Car"
3359,Data Not Availabe,Link Not Available,#8 Best Sellers,in Hot Plates,75.99,24,Recently Not Sell,"Fans For Home Bedroom, 18'' Standing Floor Fans For Home,12 Speeds Oscillating Fan With Remote, Pedestal Fan With Adjustable Height,3 Wind Modes,18H Timer, 85° Oscillation TF010"
3360,Data Not Availabe,Link Not Available,#8 Best Sellers,in Hot Plates,55.29,24,Recently Not Sell,Unbeatablesale Nostalgia 8482614 4 Qt. Blue Ice Cream Maker - 15 X 12 X 12 In.
3361,Data Not Availabe,Link Not Available,#8 Best Sellers,in Hot Plates,209.99,24,Recently Not Sell,"Tower Fan And Air Purifier, 90 Oscillating Tower Fan With HEPA Filter 99.97%, , Touch, 8H Timer, 9 Speeds, Powerful Floor Fan For Bedroom Room Home Office, Whi"
3362,Data Not Availabe,Link Not Available,#8 Best Sellers,in Hot Plates,83.99,24,Recently Not Sell,"Portable Oscillating Quiet Tower Fan With Control,3 Modes And 8 Wind Speed Setting, Built In 24 H Timer LED Display Powerful Standing Fan For Bedroom,Home,Office40 Inch, Black"
3363,Data Not Availabe,Link Not Available,#8 Best Sellers,in Hot Plates,83.99,24,Recently Not Sell,"Portable Oscillating Quiet Tower Fan With Control,3 Modes And 8 Wind Speed Setting, Built In 24 H Timer LED Display For Bedroom,Home,Office,Dormitory 40 Inch, Silver"
3364,Data Not Availabe,Link Not Available,#4 Best Sellers,in Ice Makers,78.37,52,Recently Not Sell,"1pc Ice Maker Countertop, Fast Ice Making In 6-8 Mins, 2 Sizes Of Bullet Ice, Sterilizing, Low-Noise, Portable Ice Maker With Ice Scoop And Basket, Ideal For Home, Kitchen, Camping, RV"
3365,Data Not Availabe,Link Not Available,#4 Best Sellers,in Ice Makers,83.0,48,Recently Not Sell,"INSE N520 Cordless Vacuum Cleaner, 6-In-1 Rechargeable Stick Vacuum With 2200 MAh Battery, 20kPa Powerful Lightweight Vacuum Cleaner Up To 45 Mins Runtime, For Home Hard Floor Carpet Pet Hair"
3366,Data Not Availabe,Link Not Available,#4 Best Sellers,in Ice Makers,55.83,65,Recently Not Sell,Global Phoenix Electric Heated Flannel Throw Heated Blanket With 6 Heat Settings
3367,Data Not Availabe,Link Not Available,#4 Best Sellers,in Ice Makers,79.45,65,Recently Not Sell,Unbeatablesale Superstone La Cloche - Grey Glaz
3368,Data Not Availabe,Link Not Available,#4 Best Sellers,in Ice Makers,45.39,39,Recently Not Sell,"Healthy Ceramic Nonstick, 12"" 5QT Square Electric Skillet With Glass Lid, Dishwasher Safe, Adjustable Temperature Control, PFAS-, Night Bl"
3369,Data Not Availabe,Link Not Available,#4 Best Sellers,in Ice Makers,38.99,23,Recently Not Sell,"Deep Fryer Pot 304 Stainless Steel Frying Pan With Strainer Basket And Handle,Japanese Tempura Fryer Deep Fryers Frying Pot For Frying Fish Shrimp Chicken And Fries Silver-1"
3370,Data Not Availabe,Link Not Available,#4 Best Sellers,in Ice Makers,190.99,33,Recently Not Sell,HOMCOM 8000 BTU Window Portable Air Conditioner With Timer On/Off
3371,Data Not Availabe,Link Not Available,#4 Best Sellers,in Ice Makers,18.5,33,Recently Not Sell,Professional Electric Hair Clipper Km-1840 Barber Cordless Lcd Hair Trimmer Hair Cutting Machine For Men Cordless
3372,Data Not Availabe,Link Not Available,#4 Best Sellers,in Ice Makers,39.19,33,Recently Not Sell,"6 Quart Stainless Steel Stove Top Deep Fryer,Silver"
3373,Data Not Availabe,Link Not Available,#4 Best Sellers,in Ice Makers,26.99,40,Recently Not Sell,"Mini Portable Stroller Fan,3 Speed Personal Handheld Fan,Battery Operated Rechargeable 360° Flexible Tripod Cooling Fan, Suitable For Car Seat Crib Treadmill  Cart Travel(Yellow)"
3374,Data Not Availabe,Link Not Available,#4 Best Sellers,in Ice Makers,65.52,40,Recently Not Sell,Unbeatablesale 3 Qt. 6 Speed Stand Mixer&#44; Black
3375,Data Not Availabe,Link Not Available,#4 Best Sellers,in Ice Makers,5.2,40,Recently Not Sell,Electric EMS Foot Massager Pad Remote Controlable & Relief Relaxation Foot Acupoint Massage Pad Muscle Stimulation Improve Blood Circulation Gifts For Home Office Holiday
3376,Data Not Availabe,Link Not Available,#4 Best Sellers,in Ice Makers,169.64,28,Recently Not Sell,"Foldable Gaming Chair With Onboard Speakers, LED Strip Lighting, Bluetooth Music Speakers, Vibration Massage, USB Charging Por"
3377,Data Not Availabe,Link Not Available,#4 Best Sellers,in Ice Makers,17.13,28,Recently Not Sell,"High-Power 3-In-1 Cordless Vacuum Cleaner Can Be Used For Car And Home Suction, Pump, Blow. Battery Capacity 1800, Can Absorb Dust, Debris, Pet Hair, Air, Blow Dust, And Equipped With A Variety Of Accessories"
3378,Data Not Availabe,Link Not Available,#4 Best Sellers,in Ice Makers,17.13,28,Recently Not Sell,"High-Power 3-In-1 Cordless Vacuum Cleaner Can Be Used For Car And Home Suction, Pump, Blow. Battery Capacity 1800, Can Absorb Dust, Debris, Pet Hair, Air, Blow Dust, And Equipped With A Variety Of Accessories"
3379,Data Not Availabe,Link Not Available,#4 Best Sellers,in Ice Makers,23.5,28,Recently Not Sell,"3-In-1 Hair Dryer Brush, Curling Iron And Straightening Comb High-Power Hot Air Brush"
3380,Data Not Availabe,Link Not Available,#4 Best Sellers,in Ice Makers,22.0,28,Recently Not Sell,"3-In-1 Hair Dryer Brush, Curling Wand And Straightening Comb, High Power Hair Dryer Without Damaging Hair"
3382,Data Not Availabe,Link Not Available,#4 Best Sellers,in Ice Makers,15.99,65,Recently Not Sell,"3-In-1 Hair Dryer Brush, Curling Wand And Straightening Comb, High Power Hair Dryer Without Damaging Hair"
3383,Data Not Availabe,Link Not Available,#4 Best Sellers,in Ice Makers,14.12,65,Recently Not Sell,Unbeatablesale The Mandalorian Grogu Sleeping Air Freshener
3384,Data Not Availabe,Link Not Available,#4 Best Sellers,in Ice Makers,12.8,65,Recently Not Sell,"1pc Electric Nail Clipper, Nail Filing, Nail Polishing, Nail Buffing, Nail Shaping, Nail Care Tools, Suitable For Manicure, Nail Care, Nail Tips, Nail Supplies, Etc. Perfect Gift For Friends And Family"
3385,Data Not Availabe,Link Not Available,#4 Best Sellers,in Ice Makers,63.12,65,Recently Not Sell,Unbeatablesale Indoor & Outdoor Mobility Step - 19.5 X 15.5 X 3.5 In.
3386,Data Not Availabe,Link Not Available,#6 Best Sellers,in Air Conditioners,209.99,19,Recently Not Sell,"8000 BTU Portable Air Conditioner - Fast Cooling 3-In-1 AC For Rooms Up To 300 Sq.Ft, Includes Remote, Dehumidification, Air Circulation, Timer, And Window Ki"
3387,Data Not Availabe,Link Not Available,#6 Best Sellers,in Air Conditioners,16.99,64,Recently Not Sell,"8000 BTU Portable Air Conditioner - Fast Cooling 3-In-1 AC For Rooms Up To 300 Sq.Ft, Includes Remote, Dehumidification, Air Circulation, Timer, And Window Ki"
3388,Data Not Availabe,Link Not Available,#6 Best Sellers,in Air Conditioners,31.99,47,Recently Not Sell,"Spa Filter Replacement, Pool Filters Cartridge Compatible With Pleatco PRB25-IN, Unicel C-4326, Filbur FC-2375, Hot Tub Filters 25 Sq. Ft, 2 Pack"
3389,Data Not Availabe,Link Not Available,#6 Best Sellers,in Air Conditioners,230.0,2,Recently Not Sell,"""Galaxy Getaway"" Flat Iron Duo"
3390,Data Not Availabe,Link Not Available,#6 Best Sellers,in Air Conditioners,25.2,2,Recently Not Sell,Portable Car Vacuum Cleaner
3391,Data Not Availabe,Link Not Available,#6 Best Sellers,in Air Conditioners,92.99,35,Recently Not Sell,Shower Foot Rest Massageable Pedicure Foot Rest For Home For Bathroom
3392,Data Not Availabe,Link Not Available,#6 Best Sellers,in Air Conditioners,63.97,19,Recently Not Sell,"Powerful Electric Juicer With High Juice Yield | Citrus Juicer 200W + 2 Cones | Lemon, Lime, Orange Juice Squeezer Machine With Innovative Lever Press | Exprimidor De Naranjas Electrico"
3393,Data Not Availabe,Link Not Available,#6 Best Sellers,in Air Conditioners,121.99,20,Recently Not Sell,"HEPA Air Purifiers For Large Room, 5-Stage Air Cleaner,H13 Up To 1730Sq.Ft,PM2.<Wbr/>5"
3394,Data Not Availabe,Link Not Available,#6 Best Sellers,in Air Conditioners,15.9,20,Recently Not Sell,"MK04 Replacement Filter Compatible With  H13 Hepa Filter Replacement For Filte Pet Dander,2 Pack Replacement Filter For Bedroom And Office, Part #MK04LX"
3395,Data Not Availabe,Link Not Available,#6 Best Sellers,in Air Conditioners,42.99,56,Recently Not Sell,"Yabano Espresso Machine, 3.5Bar Espresso Coffee Maker, Espresso and Cappuccino Machine with Milk Frother, Espresso Maker with Steamer, Black"
3398,Data Not Availabe,Link Not Available,#6 Best Sellers,in Air Conditioners,20.99,59,Recently Not Sell,"Yabano Espresso Machine, 3.5Bar Espresso Coffee Maker, Espresso and Cappuccino Machine with Milk Frother, Espresso Maker with Steamer, Black"
3399,Data Not Availabe,Link Not Available,#6 Best Sellers,in Air Conditioners,7.6,59,Recently Not Sell,"1pc Rechargeable Hot Compress Eye Massager With High Frequency Vibration, Red/Blue/Purple Light And Constant Temperature At 42 Degrees, 3 Modes"
3400,Data Not Availabe,Link Not Available,#6 Best Sellers,in Air Conditioners,74.58,33,Recently Not Sell,"YONGSTYLE Mini Shiatsu Neck Massager, Shoulder Neck Massager With Heat For Pain Relief Deep Tissue, Neck, Back, Shoulder, Leg Electric Kneading Massager, Perfect Gifts For Men Women Dad Mom"
3401,Data Not Availabe,Link Not Available,#6 Best Sellers,in Air Conditioners,2399.99,27,Recently Not Sell,"BOSSCARE Full Body Zero Gravity 4D Massage Chair, 2024 APP & AI Control Massage Recliner, SL Track Yoga Stretching Shiatsu Message Chair, Body Scanning,HIFI Bluetooth Speaker With H"
3402,Data Not Availabe,Link Not Available,#6 Best Sellers,in Air Conditioners,519.99,44,10+ sold recently,Costway 12000 BTU Mini Split Air Conditioner & Heater Ductless 17 SEER2 750 Sq. F
3403,Data Not Availabe,Link Not Available,#6 Best Sellers,in Air Conditioners,47.53,44,Recently Not Sell,Unbeatablesale LamaFlex Connector - 5 Layer Foil Laminate - Flexible Aluminum - UL Listed - 6in. X 25ft.
3404,Data Not Availabe,Link Not Available,#6 Best Sellers,in Air Conditioners,45.38,44,Recently Not Sell,Unbeatablesale 0.12 Female National Pipe Thread To 0.25 In. Airline Straight Fitting - 10 Piec
3405,Data Not Availabe,Link Not Available,#6 Best Sellers,in Air Conditioners,47.22,44,Recently Not Sell,Unbeatablesale C168-OLF 04X10 4 X 10 In. Floor Register
3406,Data Not Availabe,Link Not Available,#6 Best Sellers,in Air Conditioners,55.29,44,Recently Not Sell,Unbeatablesale 0.12 Male National Pipe To 0.25 In. Thread Airline 90 Degree Swivel Elbow Fitting - 10 Piec
3407,Data Not Availabe,Link Not Available,#6 Best Sellers,in Air Conditioners,228.99,33,Recently Not Sell,"HOMCOM 10000 BTU Mobile Portable Air Conditioner with Cooling, Dehumidifier, and Ventilating with Remote Control, 2 Speed Fans, 24-Hour Timer for Bedroom, Living Room, Home Office, Whi"
3408,Data Not Availabe,Link Not Available,#6 Best Sellers,in Air Conditioners,17.41,33,Recently Not Sell,"Unbeatablesale QFX 8-In-1 Universal Remote Control With Glow-In-The-Dark Buttons, Black"
3411,Data Not Availabe,Link Not Available,#6 Best Sellers,in Air Conditioners,171.35,28,Recently Not Sell,"Portable Air Conditioner 8000Btus, Air Conditioners 3-In-1 Cools Up To 350 Square Feet, Indoor Standing Ac Unit W/Dehumidifier, Remote Control Fan 61℉-90℉, Quiet Operation Include Window Kit, Whi"
3412,Data Not Availabe,Link Not Available,#6 Best Sellers,in Air Conditioners,71.9,55,Recently Not Sell,"7 In 1 Hair Dryer Brush, Blow Dryer Brush Hair Styler Set, Mother's Day Gif"
3413,Data Not Availabe,Link Not Available,#6 Best Sellers,in Air Conditioners,3.1,55,Recently Not Sell,Hair Clipper Hairdressing Electric Pusher Electric Hair Clipper Oil Head Carving Shaver Bald Head Hair Trimmer
3414,Data Not Availabe,Link Not Available,#6 Best Sellers,in Air Conditioners,685.43,28,Recently Not Sell,"Commercial Countertop Refrigerator 120L- Display Case W/Led Lighting, Auto Defrost, Air-Cooling, Rear Sliding Door, Countertop/Floor Refrigerator"
3415,Data Not Availabe,Link Not Available,#6 Best Sellers,in Air Conditioners,1299.99,57,Recently Not Sell,"Artist Hand Massage Chair Full Body, SL Track Zero Gravity Massage Chair Recliner With 12 Modes, Bluetooth, Body Scan, Foot Roller & Airbags Massage, Knee Massage And Heating"
3416,Data Not Availabe,Link Not Available,#6 Best Sellers,in Air Conditioners,65.68,57,Recently Not Sell,Unbeatablesale 14 X 25 X 1 In. Fiberglass 4 MERV Air Filter - Pack Of 12
3417,Data Not Availabe,Link Not Available,#6 Best Sellers,in Air Conditioners,59.68,57,Recently Not Sell,Unbeatablesale 14 X 20 X 1 In. Fiberglass 4 MERV Air Filter - Pack Of 12
3418,Data Not Availabe,Link Not Available,#6 Best Sellers,in Air Conditioners,19.99,60,Recently Not Sell,Unbeatablesale 14 X 20 X 1 In. Fiberglass 4 MERV Air Filter - Pack Of 12
3419,Data Not Availabe,Link Not Available,#6 Best Sellers,in Air Conditioners,40.99,42,Recently Not Sell,"BESKAR Small Clip On Fan, 3 Speeds USB Fan With Strong Airflow, Clip & Desk F"
3420,Data Not Availabe,Link Not Available,#6 Best Sellers,in Air Conditioners,40.99,42,Recently Not Sell,"Portable Standing Fan 4 Speed 7.5"" Foldable Desk Fan Adjustable Height 180°"
3421,Data Not Availabe,Link Not Available,#6 Best Sellers,in Air Conditioners,29.99,50,Recently Not Sell,Speeds Small Room Air Circulator Fan 6-Inch Blade Black Hang Desk
3422,Data Not Availabe,Link Not Available,#6 Best Sellers,in Air Conditioners,34.99,46,Recently Not Sell,Portable Fan Desk Stand Fan Swivel Air Cooling Camping LED Lamp USB Rechargeabl
3423,Data Not Availabe,Link Not Available,#6 Best Sellers,in Air Conditioners,41.99,42,Recently Not Sell,"Portable Standing Fan 7.5"" Foldable Desk Fan 7200Mah USB Telescopic Pedestal F"
3424,Data Not Availabe,Link Not Available,#6 Best Sellers,in Air Conditioners,73.99,29,Recently Not Sell,Desk And Table Fan Air Circulator Fan Portable Travel Fans Adjustable Heigh
3425,Data Not Availabe,Link Not Available,#6 Best Sellers,in Air Conditioners,54.99,35,Recently Not Sell,3-Gear 28W SilENTt Desktop Multi Speed Fan Table Air Circulator Fan Ship From US
3426,Data Not Availabe,Link Not Available,#6 Best Sellers,in Air Conditioners,58.99,34,Recently Not Sell,3 PACK Of TREVA/O2COOL Clip Fan Comes With Batteries
3427,Data Not Availabe,Link Not Available,#6 Best Sellers,in Air Conditioners,67.99,31,Recently Not Sell,TENTt Poles Clip Fan Monkey Fan Manually Adjustable 90Â° Angles 15W
3428,Data Not Availabe,Link Not Available,#6 Best Sellers,in Air Conditioners,68.99,30,Recently Not Sell,Portable Camping Fan W/LED Light USB Rechargeable Variable Speed Battery Power
3429,Data Not Availabe,Link Not Available,#6 Best Sellers,in Air Conditioners,20.99,59,Recently Not Sell,Mini Portable Fan Handheld Personal Rechargeable USB Cooling Desk Table Fans
3430,Data Not Availabe,Link Not Available,#6 Best Sellers,in Air Conditioners,51.99,37,Recently Not Sell,Mini Portable Fan Handheld Personal Rechargeable USB Cooling Desk Table Fans
3431,Data Not Availabe,Link Not Available,#6 Best Sellers,in Air Conditioners,61.99,33,Recently Not Sell,Portable Battery Powered Camping Fan Super Long Lasting Battery Operated Fan ...
3432,Data Not Availabe,Link Not Available,#6 Best Sellers,in Air Conditioners,18.99,61,Recently Not Sell,Portable Desk Fan Adjustable Mini 3 Speeds Fan Low Noise USB Rechargeable Whi
3433,Data Not Availabe,Link Not Available,#6 Best Sellers,in Air Conditioners,38.99,43,Recently Not Sell,Foldable Desk Fan Portable Fan Rechargeable Battery Operated Air Circulator F
3434,Data Not Availabe,Link Not Available,#6 Best Sellers,in Air Conditioners,38.99,43,Recently Not Sell,Portable Air Circulator Fan 360° Adjustable Tilt Head Desk Fan For Office Hom
3435,Data Not Availabe,Link Not Available,#6 Best Sellers,in Air Conditioners,36.99,45,Recently Not Sell,USB Portable Air Circulator Fan 270° Adjustable Tilt Small Quiet Table Desk F
3436,Data Not Availabe,Link Not Available,#6 Best Sellers,in Air Conditioners,39.99,43,Recently Not Sell,Rechargeable Battery Air Circulator Fan 4 Speeds Automatic Oscillating Desk F
3437,Data Not Availabe,Link Not Available,#6 Best Sellers,in Air Conditioners,25.2,43,Recently Not Sell,"800ML Portable Juicer, Multifunctional Juicer For Home Use, Fruit Juice Blender, Ton Ton Barrel,Vegetable Fruit Tools,Kitchen Items,Cutter,Food,Salad,Decor,Storage,Party,Birthday,Camping,Summer Beach."
3438,Data Not Availabe,Link Not Available,#6 Best Sellers,in Air Conditioners,107.85,28,Recently Not Sell,VEVOR 3-Pan Commercial Food Warmer 3 X 8QT Electric Steam Table 1500W Professional Countertop Stainless Steel Buffet Bain Marie With 86-185°F Temp Control For Catering And Restaurants Silver
3439,Data Not Availabe,Link Not Available,#6 Best Sellers,in Air Conditioners,42.83,28,Recently Not Sell,"Power Scrubber X03 Turbo Cordless W/ 8 Brush Heads, 3 Speeds Up To 450RPM, Electric Spin Scrubber For Tile, Bath, Floor, Sink, And Window Cleaning"
3447,Data Not Availabe,Link Not Available,#6 Best Sellers,in Air Conditioners,64.99,13,Recently Not Sell,"Tower Fan With Remote, 44"" Bladeless Fan, 70° Oscillating Fan For Bedroom, 3 Speeds, 3 Modes, 12H Timer, LED Display, Quiet Cooling Standing Floor Fans For Home Living Room Office TF030"
3448,Data Not Availabe,Link Not Available,#6 Best Sellers,in Air Conditioners,81.99,38,Recently Not Sell,Modern Pedicure Chair Foot Bath Salon Spa Beauty EquipmENTt Supplies Adjustabl
3449,Data Not Availabe,Link Not Available,#6 Best Sellers,in Air Conditioners,48.88,3,Recently Not Sell,"2-Serving Classic Plate Grill Maker And Panini Press, Black, -306"
3450,Data Not Availabe,Link Not Available,#6 Best Sellers,in Air Conditioners,11.0,3,Recently Not Sell,"Electric Hair Comb, USB Charging, Quiet & Safe, 2-Speed Adjustable For Household Us"
3451,Data Not Availabe,Link Not Available,#6 Best Sellers,in Air Conditioners,139.97,30,Recently Not Sell,"SCEPTRE 43"" LED TV FHD 1080P Monitor Display 1920x1080 60Hz Edgeless Design, VESA Wall Mount Ready Dual 10W Speakers Metal Black (X43 Series)"
3452,Data Not Availabe,Link Not Available,#6 Best Sellers,in Air Conditioners,36.83,28,Recently Not Sell,"Commercial Manual Juicer, Stainless Steel Hand Press Citrus Presser With Stainless Steel Cup, Portable Countertop Juice Squeezer For Lemo"
3453,Data Not Availabe,Link Not Available,#6 Best Sellers,in Air Conditioners,16.67,28,Recently Not Sell,Unbeatablesale Letter D Back To School Initial Compact Mirror
3454,Data Not Availabe,Link Not Available,#6 Best Sellers,in Air Conditioners,44.19,38,Recently Not Sell,"4-Slice Belgian Waffle Maker, 3 Levels With Nonstick Square Waffler Iron Plates, 1200 Watts, Compact Design For Easy Storage, Stainless Steel/Black"
3455,Data Not Availabe,Link Not Available,#6 Best Sellers,in Air Conditioners,30.7,38,Recently Not Sell,"Handheld Steamer For Clothes, Strong Power Garment Steamer With 10.14oz Tank, Fast Heat-Up, Portable Travel Steam Iron Fabric Wrinkle Remover With Brush, For Home, Travel, RV"
3456,Data Not Availabe,Link Not Available,#6 Best Sellers,in Air Conditioners,55.43,28,Recently Not Sell,"Shiatsu Back Shoulder And Neck Massager, Ideal For Gift Giving, Best Gift For Women, Men, Moms, Dads For Pain Relief"
3457,Data Not Availabe,Link Not Available,#6 Best Sellers,in Air Conditioners,4.9,28,Recently Not Sell,Replacement Toothbrush Heads Ultra Soft Nano Bristles For Sensitive Teeth And Gums Care Compatible With  Sonicare Electric Toothbrush Brush Head Refills 1100 2100 4100 4300 5100 5300 6100 6500 7000 7300 7500 9000 9300 9500 9700 9750 9900 C1 C2 C3 D12
3458,Data Not Availabe,Link Not Available,#6 Best Sellers,in Air Conditioners,16.0,28,Recently Not Sell,"1set Portable Wireless Electric Nail Drill Machine Kit, Professional Acrylic Nail Drill For Manicure, Lightweigh"
3459,Data Not Availabe,Link Not Available,#6 Best Sellers,in Air Conditioners,15.3,28,Recently Not Sell,"1set Cordless Electric Nail Drill, Portable Professional Rechargeable Efile Nail File Machine With Nail Drill Bits & Sanding Bands For Acrylic & Gel Nails, Manicure & Pedicure Polishing"
3460,Data Not Availabe,Link Not Available,#6 Best Sellers,in Air Conditioners,16.4,28,Recently Not Sell,"1 Set Portable Wireless Electric Nail Drill, Professional Nail Drill Machine Kit, Acrylic Nail Material, Lightweight For Manicur"
3461,Data Not Availabe,Link Not Available,#6 Best Sellers,in Air Conditioners,42.83,28,Recently Not Sell,"VEWIOR Air Purifiers For Home, HEPA Air Purifiers For Large Room Up To 600 Sq.Ft, H13 True HEPA Air Filter With Fragrance Sponge 6 Timers Quiet Air Cleaner For Pets Dander Odor Dust Smoke Poll"
3462,Data Not Availabe,Link Not Available,#6 Best Sellers,in Air Conditioners,85.67,28,Recently Not Sell,"VEWIOR H13 True HEPA Air Filter For Wildfire Smoke Pets Pollen Odor, With Air Quality Monitoring Light, Auto/Sleep Mode, 6 Timer,Air Purifiers, Home Air Purifier For Large Room Bedroom Up To 1560ft²"
3463,Data Not Availabe,Link Not Available,#6 Best Sellers,in Air Conditioners,43.1,23,Recently Not Sell,3-In-1 Sandwich Waffle Eggette Maker Portable Cooking Non-Stick Coated Detachable Bakeware Plates Electric Panini Press Double-Sided Heating Breakfast Toaster
3464,Data Not Availabe,Link Not Available,#6 Best Sellers,in Air Conditioners,35.0,40,Recently Not Sell,"Mechanical Kitchen Weighing Food Scale Weighs Up To 11lbs, Measures In Grams And Ounces, Black And Silver"
3465,Data Not Availabe,Link Not Available,#6 Best Sellers,in Air Conditioners,139.97,39,Recently Not Sell,"SCEPTRE Sceptre 43"" LED Television 1080P HDTV FHD Monitor Multiview Display 1920x1080 60Hz Edgeless Design, VESA Wall Mountable MEMC120 2x10W Speakers Metal Black (X437 Series)"
3466,Data Not Availabe,Link Not Available,#6 Best Sellers,in Air Conditioners,34.26,28,Recently Not Sell,"SZFIXEZ Electric Spin Scrubber, Portable Electric Cleaning Brush, Power Shower Scrubber With 2 Adjustable Speeds And 9 Replaceable Cleaning Heads For Bathroom, Tub, Tile, Floor, Wheel, DST-180"
3467,Data Not Availabe,Link Not Available,#6 Best Sellers,in Air Conditioners,34.26,28,Recently Not Sell,"SZFIXEZ Electric Spin Scrubber, Shower Cleaner Brush KS-2633, Handheld Power Brush With 2 Adjustable Angle, 6 Replacement Head For Cleaning Bathroom, Tub, Tile, Sink, Window, Car (Grey)"
3468,Data Not Availabe,Link Not Available,#6 Best Sellers,in Air Conditioners,34.26,28,Recently Not Sell,"SZFIXEZ Electric Spin Scrubber With 3 Speeds & LED Display, Shower Scrubber For Cleaning, Cordless Cleaning Brush With Adjustable & Detachable, 9 Replaceable Brush Heads For Tile Tub Bathroom TD-8136"
3469,Data Not Availabe,Link Not Available,#6 Best Sellers,in Air Conditioners,30.98,61,Recently Not Sell,"SZFIXEZ Electric Spin Scrubber With 3 Speeds & LED Display, Shower Scrubber For Cleaning, Cordless Cleaning Brush With Adjustable & Detachable, 9 Replaceable Brush Heads For Tile Tub Bathroom TD-8136"
3470,Data Not Availabe,Link Not Available,#6 Best Sellers,in Air Conditioners,76.6,28,Recently Not Sell,"Cordless Vacuum Cleaner,  28Kpa Powerful Suction Stick Vacuum, Detachable Battery, 3 Power Modes & LED Display, 6 In 1 Lightweight Vacuum For Hardwood Floor Carpet Pet Hair"
3471,Data Not Availabe,Link Not Available,#6 Best Sellers,in Air Conditioners,71.9,55,Recently Not Sell,Multifunction Hair Dryer Brush Hair Styler Set Blow Dryer Brush Curling Wand Tools
3472,Data Not Availabe,Link Not Available,#6 Best Sellers,in Air Conditioners,37.29,28,Recently Not Sell,"VEVOR Ozone Generator, 24000mg/H Ozone Machine Odor Remover, High Capacity Commercial/Industrial Ozone Generator Machine, Home Air Ionizers Deodorizer With 0-120 Min Time Setting For Rooms, Cars, Pets"
3473,Data Not Availabe,Link Not Available,#6 Best Sellers,in Air Conditioners,34.26,28,Recently Not Sell,"VEVOR Ozone Generator, 24000mg/H Ozone Machine Odor Remover, High Capacity Commercial/Industrial Ozone Generator Machine, Home Air Ionizers Deodorizer With 0-120 Min Time Setting For Rooms, Cars, Pets"
3475,Data Not Availabe,Link Not Available,#6 Best Sellers,in Air Conditioners,31.69,28,Recently Not Sell,"Electric Spin Scrubber, 2024 New Cordless Shower Cleaning Brush With 5 Brush Heads, 2 Speeds And Led Display, Power Scrubber For Cleaning Bathroom, Bathtub, Kitchen, Tile, Window, Tub, Floor, Sink"
3476,Data Not Availabe,Link Not Available,#6 Best Sellers,in Air Conditioners,81.47,3,Recently Not Sell,"COS-58AFAKSS 5.5 Liter Electric Hot Air Fryer With Temperature Control, Timer, Non-Stick Frying Tray, 1400W 5.8 Quarts, Stainless Steel/BlackStainless Steel / Black 5.8 Quarts Air Fryer"
3477,Data Not Availabe,Link Not Available,#6 Best Sellers,in Air Conditioners,92.89,3,Recently Not Sell,"Digital Air Fryer With 6 Pre-Set Cooking Programs & Precise Temperature Control, Non-Stick Basket And Dishwasher-Safe, 60 Minutes Timer, 3.5 Qt, Black"
3478,Data Not Availabe,Link Not Available,#6 Best Sellers,in Air Conditioners,44.15,30,Recently Not Sell,"Fleur De Lis Belgian Waffle Maker | Non-Stick Waffle Iron | Works Perfectly For Chaffles, Gluten Or Paleo Pancake And Waffle Mix"
3479,Data Not Availabe,Link Not Available,#6 Best Sellers,in Air Conditioners,21.99,56,Recently Not Sell,Portable Mini Handheld Fan USB Rechargeable With Phone Holder Refrigeration Adjustable Small Pocket Air Cooling Outdoor Travel
3480,Data Not Availabe,Link Not Available,#6 Best Sellers,in Air Conditioners,24.4,4,Recently Not Sell,"Electric Barber And Beard Trimmer For Men - 11 In 1 Men's Grooming Kit With Hair Clippers, Electric Razor, Shavers For Mustache, Body, Face, Nose & Ear Hair Trimmer"
3481,Data Not Availabe,Link Not Available,#6 Best Sellers,in Air Conditioners,99.99,17,Recently Not Sell,"Taotronics Air Fryer, 19 Quart 15-In-1 Family-Sized Toaster Oven AF012"
3482,Data Not Availabe,Link Not Available,#6 Best Sellers,in Air Conditioners,23.4,17,Recently Not Sell,Car Wireless Rechargeable High-Power Car With Dual-Use Dual-Use Household Vacuum Cleaner Powerful Special Suction Power
3483,Data Not Availabe,Link Not Available,#6 Best Sellers,in Air Conditioners,75.99,60,Recently Not Sell,Ihomekee Espresso Machine Coffee Makers 15 Bar Cappuccino Machines with Milk Frother for Espresso/Cappuccino/Latte/Mocha for Home Brewing 1350W - CM6927
3484,Data Not Availabe,Link Not Available,#6 Best Sellers,in Air Conditioners,339.0,60,Recently Not Sell,Moccamaster 49520 KM5 Burr Grinder - Polished Silver
3485,Data Not Availabe,Link Not Available,#6 Best Sellers,in Air Conditioners,85.99,64,Recently Not Sell,Sherpa Heated Blank
3486,Data Not Availabe,Link Not Available,#6 Best Sellers,in Air Conditioners,148.59,37,Recently Not Sell,"110V Waffle Donut Machine 6 Holes Double-Sided Heating 50-300, Electric Doughnut Maker 1550W, Non-Stick Donut MakerTeflon-Coating For Professional Kitchen Depth:0.55"",Dia:2.95"""
3487,Data Not Availabe,Link Not Available,#6 Best Sellers,in Air Conditioners,45.36,28,Recently Not Sell,"TASVAC EB5 Electric Spin Scrubber, 450RPM Cordless Shower Brush With 5 Replaceable Cleaning Heads And Adjustable Extension Arm, 1.5H Power Bathroom Scrubber For Bathtub, Grout, Tile, Floor, Wall, Sink"
3488,Data Not Availabe,Link Not Available,#6 Best Sellers,in Air Conditioners,42.83,28,Recently Not Sell,"TASVAC EB5 Electric Spin Scrubber, 450RPM Cordless Shower Brush With 5 Replaceable Cleaning Heads And Adjustable Extension Arm, 1.5H Power Bathroom Scrubber For Bathtub, Grout, Tile, Floor, Wall, Sink"
3489,Data Not Availabe,Link Not Available,#6 Best Sellers,in Air Conditioners,107.85,28,Recently Not Sell,Happybuy Commercial Food Warmer Countertop 110V 3 Pan Electric Food Warmer 850W Stainless Steel Buffet Warmer Server Steam Table For Parties Restaurants Cabi
3490,Data Not Availabe,Link Not Available,#6 Best Sellers,in Air Conditioners,19.17,28,Recently Not Sell,"Unbeatablesale Checkerboard Lime Green Silver Gray Poodle Compact Mirror, 2.75 X 3 X .3 In."
3491,Data Not Availabe,Link Not Available,#6 Best Sellers,in Air Conditioners,64.01,36,Recently Not Sell,"Deep Fryer Pot With Lid And Basket Stainless Steel Asparagus Steamer Pot 2 In 1 Fry Pot With Mesh Steamer For French Fries, Chicken, Cooking Vegetables"
3492,Data Not Availabe,Link Not Available,#6 Best Sellers,in Air Conditioners,77.92,36,Recently Not Sell,"Cast Iron Enameled Pot/Casserole/Duch Oven 6 Qt. With Cover, Bl"
3494,Data Not Availabe,Link Not Available,#6 Best Sellers,in Air Conditioners,129.99,19,Recently Not Sell,"PARIS RHÔNE Evaporative Air Cooler, 4-In-1 Evaporative Cooler, Portable Swamp Cooler With Negative Ion, LED Display, 2.6Gal Water Tank, Remote Control, Casters For Home, Office TF028"
3495,Data Not Availabe,Link Not Available,#6 Best Sellers,in Air Conditioners,37.75,44,Recently Not Sell,"Ultrasonic Cleaner, Professional Ultrasonic Jewelry Cleaner  With Five Digital Timer, Watch Holder,Cleaning Basket, SUS Tank For Cleaning Eyeglasses, Ring,Watches, Dentures"
3496,Data Not Availabe,Link Not Available,#6 Best Sellers,in Air Conditioners,29.39,44,Recently Not Sell,"13x9.6 Inch Stainless Steel Air Fryer Basket For Oven, Toaster Oven Crisper Tray, Air Fryer Basket For Convection Oven Cooking Baking Cooling, 2-Piece Set For Fries/Bacon/ChickenSilver"
3497,Data Not Availabe,Link Not Available,#6 Best Sellers,in Air Conditioners,23.8,53,Recently Not Sell,"1PC Electric Hair Straightening Comb Beard Comb, Rapid Heating Hair Straightening Brush, For Holiday Gifts"
3498,Data Not Availabe,Link Not Available,#6 Best Sellers,in Air Conditioners,31.99,40,Recently Not Sell,"Portable Stroller Fan, Use As Power Bank, 55H 12000mAh Battery Operated Fan Flexible Tripod Baby Car Seat Fan, Personal Mini Handheld/Desk/Small Clip On Fans For Stroller, Carseat (Blue)"
3499,Data Not Availabe,Link Not Available,#6 Best Sellers,in Air Conditioners,11.91,40,Recently Not Sell,Unbeatablesale 0.125 In. Brass Barb T
3500,Data Not Availabe,Link Not Available,#6 Best Sellers,in Air Conditioners,29.23,28,Recently Not Sell,Unbeatablesale 0.125 In. Brass Barb T
3501,Data Not Availabe,Link Not Available,#6 Best Sellers,in Air Conditioners,110.0,4,Recently Not Sell,Unbeatablesale 0.125 In. Brass Barb T
3502,Data Not Availabe,Link Not Available,#6 Best Sellers,in Air Conditioners,103.99,50,Recently Not Sell,"1000W Bullet Blender Personal Blender, Portable Blender with 12 and 24 oz To-Go Cups, Bullet Blender with 6-Blade Design, Smoothie Maker Smoothie Blender for Protein Drinks,BPA Free,Black"
3503,Data Not Availabe,Link Not Available,#6 Best Sellers,in Air Conditioners,57.85,50,Recently Not Sell,Unbeatablesale AZ-74-5010-4BK 16 X 18 X 4 In. Wheelchair Cushion - Black
3504,Data Not Availabe,Link Not Available,#6 Best Sellers,in Air Conditioners,23.1,50,Recently Not Sell,"1pc Electric Nail Clipper With Built-In Battery And UV Disinfection Lamp, Rechargeable And Portabl"
3505,Data Not Availabe,Link Not Available,#6 Best Sellers,in Air Conditioners,26.66,20,Recently Not Sell,"1pc Electric Nail Clipper With Built-In Battery And UV Disinfection Lamp, Rechargeable And Portabl"
3506,Data Not Availabe,Link Not Available,#6 Best Sellers,in Air Conditioners,196.85,30,Recently Not Sell,"WhizMax 8000 BTU Portable Air Conditioner With Remote Control - Built-In Cool, Dry, Fan Modes For Rooms, Dormitories, Offices"
3507,Data Not Availabe,Link Not Available,#6 Best Sellers,in Air Conditioners,65.99,27,Recently Not Sell,"Tower Fan For Bedroom, 42"" Oscillating Cooling Fan With Remote, Height Adjustable, 12H Timer, 5 Speeds, LED Display, Low Noise, Touchpad, Space-Saving, Quiet Stand Up Fan For Offices And Home TF005"
3510,Data Not Availabe,Link Not Available,#6 Best Sellers,in Air Conditioners,64.99,24,Recently Not Sell,"TaoTronics 42in Tower Fan, 120° Oscillating Fan, 12 Speeds, 4 Modes, Standing Fan With Remote For Bedroom TF015"
3511,Data Not Availabe,Link Not Available,#6 Best Sellers,in Air Conditioners,17.99,74,Recently Not Sell,Electric EMS Foot Massager Leg Reshaping Pad Feet Muscle Stimulator Mat 19 Level
3512,Data Not Availabe,Link Not Available,#6 Best Sellers,in Air Conditioners,108.45,3,Recently Not Sell,"CE-DF309 Air Fryer 2.0 Liter, Black"
3515,Data Not Availabe,Link Not Available,#6 Best Sellers,in Air Conditioners,25.84,3,Recently Not Sell,Unbeatablesale 22 Oz Spray N Wash Laundry Stain Remover 00230 22
3518,Data Not Availabe,Link Not Available,#6 Best Sellers,in Air Conditioners,46.91,39,Recently Not Sell,Donut Maker Mini Donut Maker Easy Release Heat Dissipation Prevent Slipping Mini Donut Maker Donut Maker Easy Release Heat Dissipation Unique Gift Or Baking Activity
3519,Data Not Availabe,Link Not Available,#6 Best Sellers,in Air Conditioners,112.65,19,Recently Not Sell,"Electric Ice Cream Cone Maker Machine, 1200W 110V Waffle Cone Maker Stainless Steel With Time & Temperature Dual Control, Nonstick Egg Roll Mold For Restaur"
3520,Data Not Availabe,Link Not Available,#6 Best Sellers,in Air Conditioners,22.2,19,Recently Not Sell,"6 Pack Green S9 Replacement Parts For S9 (9150) S9+ S9 Plus (9550) S-Series Vacuum Cleaners, Vacuum Cleaner Rubber Roller Brush"
3521,Data Not Availabe,Link Not Available,#6 Best Sellers,in Air Conditioners,82.71,28,Recently Not Sell,"3.7QT Digital Air Fryer With 6 Cooking Presets, LED Touch Controls, Adjustable Temperature And Time, Detachable Dishwasher Safe Non-Stick Basket, ETL Certified, Black"
3522,Data Not Availabe,Link Not Available,#6 Best Sellers,in Air Conditioners,23.8,53,Recently Not Sell,"Electric Hair Straightening Comb Beard Comb, Rapid Heating Hair Straightening Brush Holiday Gifts"
3523,Data Not Availabe,Link Not Available,#6 Best Sellers,in Air Conditioners,24.15,53,Recently Not Sell,Unbeatablesale Ants No-More Bait Statio
3524,Data Not Availabe,Link Not Available,#6 Best Sellers,in Air Conditioners,59.99,15,Recently Not Sell,"VEVOR Hot Water Dispenser 3L 3.2L 4L & 5L Water Boiler And Warmer 304 Stainless Steel Countertop Water Heater For Tea, Coffee And Baby Formul"
3525,Data Not Availabe,Link Not Available,#6 Best Sellers,in Air Conditioners,42.99,41,Recently Not Sell,"VEVOR Hot Water Dispenser 3L 3.2L 4L & 5L Water Boiler And Warmer 304 Stainless Steel Countertop Water Heater For Tea, Coffee And Baby Formul"
3528,Data Not Availabe,Link Not Available,#6 Best Sellers,in Air Conditioners,31.99,48,Recently Not Sell,"VEVOR Hot Water Dispenser 3L 3.2L 4L & 5L Water Boiler And Warmer 304 Stainless Steel Countertop Water Heater For Tea, Coffee And Baby Formul"
3532,Data Not Availabe,Link Not Available,#6 Best Sellers,in Air Conditioners,52.99,36,Recently Not Sell,"VEVOR Hot Water Dispenser 3L 3.2L 4L & 5L Water Boiler And Warmer 304 Stainless Steel Countertop Water Heater For Tea, Coffee And Baby Formul"
3541,Data Not Availabe,Link Not Available,#6 Best Sellers,in Air Conditioners,15.99,76,Recently Not Sell,Foot Massage Cushion Foot Massage Pad Shiatsu Blanket Yoga Mat Game Props8323
3542,Data Not Availabe,Link Not Available,#6 Best Sellers,in Air Conditioners,17.99,74,Recently Not Sell,2 Pcss Electric Foot Massager Leg Reshaping Pad Feet Muscle Pain Stimulator M
3543,Data Not Availabe,Link Not Available,#6 Best Sellers,in Air Conditioners,16.99,75,Recently Not Sell,Portable Electric Foot Massager Pad Blood Circulation Muscle Stimulator Mat US
3544,Data Not Availabe,Link Not Available,#6 Best Sellers,in Air Conditioners,16.99,75,Recently Not Sell,2 X Foot Massager Leg Reshaping Electric Deep Kneading Muscle Pain  MACchi
3545,Data Not Availabe,Link Not Available,#6 Best Sellers,in Air Conditioners,64.01,42,Recently Not Sell,"Electric Cooktop Single Burner, YONGSTYLE 1800W 110V Electric Stove Top with Knob Control, Portable Induction Cooktop with 2 Handle, Hot plate with Double Ring Heating, 4 hours Timer"
3546,Data Not Availabe,Link Not Available,#6 Best Sellers,in Air Conditioners,59.88,28,Recently Not Sell,"Towel Warmer Cabinet, 5L Hot Bath Towel Warmer Heating Use For Facial Spa, Hair Beauty, Salon Equipment And Home (Pink)"
3547,Data Not Availabe,Link Not Available,#6 Best Sellers,in Air Conditioners,36.99,40,Recently Not Sell,Battery Operated Stroller Fan Flexible Tripod Clip On Fan With 3 Speeds And Rotatable Handheld Personal Fan For Car Seat Crib Bike Treadmill (Black)
3548,Data Not Availabe,Link Not Available,#6 Best Sellers,in Air Conditioners,31.99,40,Recently Not Sell,"6000mAh Handheld Fan [30H Max Cooling Time] Mini Portable Hand Fan, USB Rechargeable Small Personal Fan,Battery Operated Hand Fan With 3 Speeds For Travel/Commute/Picnic/Office-Bl"
3549,Data Not Availabe,Link Not Available,#6 Best Sellers,in Air Conditioners,76.75,40,Recently Not Sell,"36 Inch Oscillating Tower Fan For Bedroom, 3 Speeds Standing Fan With , Quiet Cooling Fan For Indoors, 15H Timing, 3 Modes,Black"
3550,Data Not Availabe,Link Not Available,#6 Best Sellers,in Air Conditioners,97.99,40,Recently Not Sell,"115 Oscillating Modern Tower Fan For Bedroom, 43'' Standing Fan With , 7.5H Timer, 28dB Ultra Quiet Cooling Floor Fan For Home, Office Or Bedroom"
3551,Data Not Availabe,Link Not Available,#6 Best Sellers,in Air Conditioners,88.19,40,Recently Not Sell,Oscillating Quiet Tower Fan With Control 3 Speeds 12H Timer Portable LED Display 38 Inch Electric Air Circulator Cooling Floor Standing Fan For Home Bedroom Office Living Room Black
3552,Data Not Availabe,Link Not Available,#6 Best Sellers,in Air Conditioners,74.54,40,Recently Not Sell,Unbeatablesale Murs Base Statio
3553,Data Not Availabe,Link Not Available,#6 Best Sellers,in Air Conditioners,149.37,3,Recently Not Sell,"5.8QT 19.3 Cup Digital Electric Air Fryer With Accessories And Cookbook- Air Frying, Roasting, Baking, Crisping, And Reheating For Healthier And Faster Cooking Bl"
3554,Data Not Availabe,Link Not Available,#6 Best Sellers,in Air Conditioners,17.99,74,Recently Not Sell,2pcss 19 Level Electric Foot Massager Pad Blood Circulation Muscle Stimulator M
3555,Data Not Availabe,Link Not Available,#6 Best Sellers,in Air Conditioners,69.64,74,Recently Not Sell,Unbeatablesale 4ss No Ground Side Body Mt Cb Antenna -Whi
3557,Data Not Availabe,Link Not Available,#10 Best Sellers,in Major Appliances,199.99,34,Recently Not Sell,Unbeatablesale 4ss No Ground Side Body Mt Cb Antenna -Whi
3558,Data Not Availabe,Link Not Available,#10 Best Sellers,in Major Appliances,61.99,50,Recently Not Sell,"1.6 Gallon Fruit Wine Press, Solid Wood Basket Wine Making Press With 6 Blocks, 6 Liter Cider Apple Grape Crusher Manual Juice Maker For Kitchen Home Outdoor, R"
3559,Data Not Availabe,Link Not Available,#10 Best Sellers,in Major Appliances,15.99,40,Recently Not Sell,"Digital Food Scale Small Kitchen Scales Weight In Grams And OZ For Cooking Baking Weight Loss, Stainless Steel Tare & Backlit LCD Display, Black"
3560,Data Not Availabe,Link Not Available,#10 Best Sellers,in Major Appliances,17.97,40,Recently Not Sell,"Premium Baking Scale, Ultra Accurate, Digital Kitchen Scale, Prep Baked Goods, Weigh Food And Coffee Or Use For Meal Prep, 4 Units Of Measurement, Designed In St. Louis (Grey, No Bowl)"
3561,Data Not Availabe,Link Not Available,#10 Best Sellers,in Major Appliances,16.99,40,Recently Not Sell,"Rechargeable Food Scale With Grams And Oz, Multifunction Kitchen Scale For Food - Small Kitchen Appliances"
3562,Data Not Availabe,Link Not Available,#10 Best Sellers,in Major Appliances,129.99,35,Recently Not Sell,Fruit Wine Press 4.8 Gallon/18L Solid Wood Basket Wine Making Press Manual Juice Maker For Home Kitchen Outdoor Fruit Wine Press Ro
3563,Data Not Availabe,Link Not Available,#10 Best Sellers,in Major Appliances,129.99,35,Recently Not Sell,"Fruit Wine Press,4.8 Gallon Solid Wood Basket Apple Cider Press, 18 Liter Manual Juice Maker, Wine Making Press For Apple & Grape & Orange & Berry & Vegetables"
3564,Data Not Availabe,Link Not Available,#10 Best Sellers,in Major Appliances,16.95,40,Recently Not Sell,"Food Scale, Kitchen Scale, Gram Scale, Digital Food Scale, Weight Scale, Digital Scale, Coffee Scale, Scales Digital Weight Grams, Digital Kitchen Scale, Kitchen Small Appliances"
3565,Data Not Availabe,Link Not Available,#10 Best Sellers,in Major Appliances,15.99,40,Recently Not Sell,"Digital Food Scale, Kitchen Scale Weight Grams And Oz For Weight Loss, Cooking, Baking 3g/0.1oz High Precise Multifunction Scales 304 Stainless Steel With Backlit LCD Display"
3566,Data Not Availabe,Link Not Available,#10 Best Sellers,in Major Appliances,138.02,37,Recently Not Sell,6Pcs Waffle Makers Hot Dog Making Machine 6 G Crispy Machine Stainless Steel Body 1550W 110V Black
3567,Data Not Availabe,Link Not Available,#10 Best Sellers,in Major Appliances,245.99,25,Recently Not Sell,"Cooksir Electric Cooktop 30 Inch, 7400W Built-in Electric Stove Top 4 Burner, 220-240V Ceramic Hob with Glass Protection Metal Frame, Knob Control, 9 Power Level, Wiring Required, No Plug"
3568,Data Not Availabe,Link Not Available,#10 Best Sellers,in Major Appliances,17.99,74,Recently Not Sell,Electric EMS Foot Massager Leg Reshaping Pad Feet Muscle Stimulator Mat 10 Level
3569,Data Not Availabe,Link Not Available,#10 Best Sellers,in Major Appliances,15.99,76,Recently Not Sell,Natural Pumice Stone Dry Dead Skin Foot Scrubber Remover Exfoliate Tool
3570,Data Not Availabe,Link Not Available,#10 Best Sellers,in Major Appliances,37.71,17,Recently Not Sell,"Waffle Plates For Gdler -4NP1 5-In-1,Gdler For Waffle Plates, Fit For Gdler Waffle Plates, Nonstick Coating Baking Waffle Plates,2 Pcs"
3571,Data Not Availabe,Link Not Available,#10 Best Sellers,in Major Appliances,16.99,40,Recently Not Sell,"Food Scale, 11lb Kitchen Scale With 6 Units Tare Function & LCD Display, 0.05oz/1g Stainless Steel Digital Food Scale Grams And Ounces For Baking, Cooking, Dieting And Meal Prep (Batteries Included)"
3572,Data Not Availabe,Link Not Available,#10 Best Sellers,in Major Appliances,23.99,68,Recently Not Sell,EMS Foot Massager Neuropathy Feet 19 Level 8Mode Mat For Circulation Pain Relief
3573,Data Not Availabe,Link Not Available,#10 Best Sellers,in Major Appliances,16.99,75,Recently Not Sell,1pc Foot Scrubber Brush Slipper Bath Shower Spa Easy Cleaner Massage Washer
3574,Data Not Availabe,Link Not Available,#10 Best Sellers,in Major Appliances,16.99,75,Recently Not Sell,"2 Pc Back Scratcher Shoe Horn 20"" Plastic Backscratcher Body Hand Massager Shoes"
3575,Data Not Availabe,Link Not Available,#10 Best Sellers,in Major Appliances,17.99,74,Recently Not Sell,Portable Electric Foot Massager Pad Muscle Stimulator Blood Circulation Mat US
3576,Data Not Availabe,Link Not Available,#10 Best Sellers,in Major Appliances,17.99,74,Recently Not Sell,2pcss EMS Foot Massager Mat Electric Pad Blood Muscle Circulation Relief Pain USB
3577,Data Not Availabe,Link Not Available,#10 Best Sellers,in Major Appliances,17.99,74,Recently Not Sell,Electric EMS Foot Massager Rechargeable Leg Reshaping Pad Feet Muscle Stimulator
3578,Data Not Availabe,Link Not Available,#10 Best Sellers,in Major Appliances,15.99,76,Recently Not Sell,2X Foot Back Scrubber Exfoliating Siliconne Massager Pad Cleaning Mat Bath Shower
3579,Data Not Availabe,Link Not Available,#10 Best Sellers,in Major Appliances,188.49,28,Recently Not Sell,"Smart Window Air Conditioner, 6000 BTU Air Conditioner Window Unit Remote/App Control And Dehumidify Function, Quiet Operation, Energy Savings, Cools 250 Sq.Ft, 110-115V"
3580,Data Not Availabe,Link Not Available,#10 Best Sellers,in Major Appliances,63.97,34,Recently Not Sell,No-Mess Waffle Plates For  Smart Grill BGR820XL
3581,Data Not Availabe,Link Not Available,#10 Best Sellers,in Major Appliances,78.47,34,Recently Not Sell,Unbeatablesale Juice Machine With Dual Speed Centrifugal Juicer
3582,Data Not Availabe,Link Not Available,#10 Best Sellers,in Major Appliances,218.99,2,Recently Not Sell,"Waffle Maker,4 Pieces Nonstick Electric Waffle Maker Stainless Steel 110V Temperature And Time Control Belgian Waffle Maker For Bakery,Restaurant,Snack Bar Or Hom"
3583,Data Not Availabe,Link Not Available,#10 Best Sellers,in Major Appliances,76.35,36,Recently Not Sell,Rotating Ceramic Nonstick Waffle Maker
3584,Data Not Availabe,Link Not Available,#10 Best Sellers,in Major Appliances,301.39,28,Recently Not Sell,"Kexi Bedroom Bladeless Fan, 7.9m/S Speed Silent Floor Fan, 120° Oscillating Fan, 12 Speeds, 3 Modes, 12 Hour Timer, Tower Fan, Whi"
3586,Data Not Availabe,Link Not Available,#10 Best Sellers,in Major Appliances,49.99,37,Recently Not Sell,Ultrasonic Cleaner Professional Ultrasonic Cleaner With Digital Timer 40kHz Excellent Ultrasonic Cleaning Machine 110V For Jewelry Watch Ring Coin Diamond Eyeglasses Small Parts Cleaning
3587,Data Not Availabe,Link Not Available,#10 Best Sellers,in Major Appliances,626.99,42,Recently Not Sell,12000 BTU 17 SEER2 208-230V Ductless Mini Split Air Conditioner And Heater
3588,Data Not Availabe,Link Not Available,#10 Best Sellers,in Major Appliances,13.11,42,Recently Not Sell,Unbeatablesale 2 X 3 In. Aluminum B-Elbow&#44; Bro
3589,Data Not Availabe,Link Not Available,#10 Best Sellers,in Major Appliances,20.25,42,Recently Not Sell,Unbeatablesale 1 In. Float Thermometer
3590,Data Not Availabe,Link Not Available,#10 Best Sellers,in Major Appliances,26.22,42,Recently Not Sell,Unbeatablesale Sauce Pot & Baster - Pack Of 4
3591,Data Not Availabe,Link Not Available,#10 Best Sellers,in Major Appliances,49.15,42,Recently Not Sell,Unbeatablesale Refrigerator Toe Grille For GML262BTRA
3592,Data Not Availabe,Link Not Available,#10 Best Sellers,in Major Appliances,33.95,42,Recently Not Sell,Unbeatablesale LS02010P 0.25 In. X 10 Ft. L Type Soft Copper Tub
3593,Data Not Availabe,Link Not Available,#10 Best Sellers,in Major Appliances,22.99,69,Recently Not Sell,Foot Massage Stick Wand Acupressure Massager Guasha Deep Tissue Reflexology ABE
3594,Data Not Availabe,Link Not Available,#10 Best Sellers,in Major Appliances,19.99,71,Recently Not Sell,Electric EMS Foot Massager Pad Leg Reshaping Deep Kneading Muscle Pain  M
3595,Data Not Availabe,Link Not Available,#10 Best Sellers,in Major Appliances,18.99,72,Recently Not Sell,2 Pack Electric Foot Massager Leg Reshaping Pad Feet Muscle Stimulator M
3596,Data Not Availabe,Link Not Available,#10 Best Sellers,in Major Appliances,22.99,69,Recently Not Sell,"Posture Foot Massager Mat, Massage Pad Feet, For Lasting Foot Pain Relief"
3597,Data Not Availabe,Link Not Available,#10 Best Sellers,in Major Appliances,23.99,68,Recently Not Sell,Electric EMS Foot Massager Leg Reshaping Pad Feet Muscle Stimulator Mat Remo
3598,Data Not Availabe,Link Not Available,#10 Best Sellers,in Major Appliances,22.99,69,Recently Not Sell,NEW Electric EMS Foot Massager Leg Reshaping Pad Feet Muscle Stimulator Mat USA
3599,Data Not Availabe,Link Not Available,#10 Best Sellers,in Major Appliances,22.99,69,Recently Not Sell,3 X Foot Massager Electric Deep Kneading Muscle Pain  MACchinne Leg Reshaping
3600,Data Not Availabe,Link Not Available,#10 Best Sellers,in Major Appliances,21.99,69,Recently Not Sell,Hand Foot Massage Tool Wood Massager Wooden For Massaging Arm Leg Back And So O
3601,Data Not Availabe,Link Not Available,#10 Best Sellers,in Major Appliances,18.99,72,Recently Not Sell,Electric EMS Foot Massager Leg Reshaping Pad Feet Muscle Stimulator Mat Pad US
3602,Data Not Availabe,Link Not Available,#10 Best Sellers,in Major Appliances,23.99,68,Recently Not Sell,EMS Foot Massager Mat With Control Back & Leg Foot Massage 8 Body Pads
3603,Data Not Availabe,Link Not Available,#10 Best Sellers,in Major Appliances,23.99,68,Recently Not Sell,15 Level EMS Electric Foot Massager Pad Blood Circulation Muscle Stimulator M
3604,Data Not Availabe,Link Not Available,#10 Best Sellers,in Major Appliances,23.99,68,Recently Not Sell,EMS Electric Foot Massager Pad Blood Circulation Muscle Stimulator 19 Level M
3605,Data Not Availabe,Link Not Available,#10 Best Sellers,in Major Appliances,18.99,72,Recently Not Sell,2pcss Portable Electric Foot Massager Pad Blood Circulation Leg  Pain Relief
3606,Data Not Availabe,Link Not Available,#10 Best Sellers,in Major Appliances,43.66,16,Recently Not Sell,"12-Inch Multi-Functional Electric Skillets With Temperature Control, Rapid Heat Up, Easy To Clean, Non-Stick Detachable Electric Gdle For Roast, Fry, Saut, Steam Or Buffet, 3.5Q"
3607,Data Not Availabe,Link Not Available,#10 Best Sellers,in Major Appliances,22.99,69,Recently Not Sell,Electric EMS Foot Massager Leg Reshaping Pad Feet Muscle Stimulator Mat Stock
3608,Data Not Availabe,Link Not Available,#10 Best Sellers,in Major Appliances,24.99,64,Recently Not Sell,"MQUPIN Rotating Curling Iron 1 Inch,1.25 Inch Professional Automatic Wave Hair Curling Wand For Women, Dual Ceramic Voltage Fast Heating Hair Curlers For All Hair Rose Gol"
3609,Data Not Availabe,Link Not Available,#10 Best Sellers,in Major Appliances,64.01,27,Recently Not Sell,"Waffle Maker 3 In 1 Sandwich Maker 1200W Panini Press With Removable Plates And 5-Gear Temperature Control, Non-Stick Coating Easy To Clean,Indicator Lights, Bl"
3610,Data Not Availabe,Link Not Available,#10 Best Sellers,in Major Appliances,21.49,40,Recently Not Sell,"Digital Kitchen Scale With LCD Display, Batteries Included, Weighs Up To 11 Pounds, Black And Stainless Steel"
3611,Data Not Availabe,Link Not Available,#10 Best Sellers,in Major Appliances,21.72,40,Recently Not Sell,"Precision Food Scale, 33lb Waterproof Rechargeable Digital Kitchen Scale, 1g/0.04oz Precise Graduation, Weight Grams And Ounces For Cooking Baking, 5 Units Conversion, Tare Functio"
3612,Data Not Availabe,Link Not Available,#10 Best Sellers,in Major Appliances,22.99,40,Recently Not Sell,"11 Lb. Digital Kitchen Food Scale, Mechanical Accurate Weight Scale With 5-Unit Modes, Grams And Ounces For Weight Loss,Weighing Ingredients, Dieting, Keto Cooking, Meal Prep And Baking"
3613,Data Not Availabe,Link Not Available,#10 Best Sellers,in Major Appliances,41.8,40,Recently Not Sell,"Replacement True Hepa Filter For  HP04 TP04 DP04 TP05 DP05, Purifier Fan Sealed Two Stage 360° Filter System Pure Cool Purifier Fan HEPA Filter & Activated Carbon Filter(1 Pack)"
3614,Data Not Availabe,Link Not Available,#10 Best Sellers,in Major Appliances,119.99,20,Recently Not Sell,"Replacement True Hepa Filter For  HP04 TP04 DP04 TP05 DP05, Purifier Fan Sealed Two Stage 360° Filter System Pure Cool Purifier Fan HEPA Filter & Activated Carbon Filter(1 Pack)"
3615,Data Not Availabe,Link Not Available,#10 Best Sellers,in Major Appliances,112.99,21,Recently Not Sell,"Replacement True Hepa Filter For  HP04 TP04 DP04 TP05 DP05, Purifier Fan Sealed Two Stage 360° Filter System Pure Cool Purifier Fan HEPA Filter & Activated Carbon Filter(1 Pack)"
3616,Data Not Availabe,Link Not Available,#10 Best Sellers,in Major Appliances,36.99,21,Recently Not Sell,"Paris Rhône Electric Kettle Stainless Steel, 1.7 Liter Cordless Hot Water Boiler Electric Tea Kettle, Electric Kettle For Boiling Water Auto Shut Off & Boil-Dry Protection EK013"
3617,Data Not Availabe,Link Not Available,#10 Best Sellers,in Major Appliances,39.99,20,Recently Not Sell,"PARIS RHÔNE Electric Kettle Temperature Control With 6 Presets 1.7L Electric Tea Kettle Water Boiler, 30min Keep Warm, Cordless Borosilicate Glass Tea Kettle, Auto-Off & Boil-Dry Protection EK020"
3618,Data Not Availabe,Link Not Available,#10 Best Sellers,in Major Appliances,19.99,71,Recently Not Sell,4X Portable Mini Electric Neck Massager Cervical Massage Stimulator Stickers
3619,Data Not Availabe,Link Not Available,#10 Best Sellers,in Major Appliances,19.99,40,Recently Not Sell,"Food Scale, Digital Kitchen Scale Weight Grams And Ounces For Baking Cooking And Meal Prep, 6 Units With Tare Function, 11lb (Batteries Included)"
3620,Data Not Availabe,Link Not Available,#10 Best Sellers,in Major Appliances,76.61,40,Recently Not Sell,Philips | 4-Pk. Sonicare DiamondClean Brush Heads
3621,Data Not Availabe,Link Not Available,#10 Best Sellers,in Major Appliances,36.28,28,Recently Not Sell,Philips | 4-Pk. Sonicare DiamondClean Brush Heads
3622,Data Not Availabe,Link Not Available,#10 Best Sellers,in Major Appliances,35.96,46,Recently Not Sell,"Jewelry Cleaner, Professional Ultrasonic Cleaner With Timer, Portable Household Jewelry Cleaning Machine For Eyeglasses, Rings, Razors, Coin, Earrings, Necklaces, Watches, Combs, Denture 750 ML"
3623,Data Not Availabe,Link Not Available,#10 Best Sellers,in Major Appliances,28.49,43,Recently Not Sell,"Dezin Electric Kettle, 2L Electric Water Heater, Glass Electric Tea Kettle, 304 Stainless Steel Hot Water Kettle Warmer With Fast Boil, Auto Shut-Off & Boil Dry Protection, For Coffee, T"
3624,Data Not Availabe,Link Not Available,#10 Best Sellers,in Major Appliances,39.99,20,Recently Not Sell,"Cool Mist Humidifier,(4L Water Tank) Quiet Ultrasonic Air Humidifiers For Bedroom&Large Room/Adjustable/360 Rotation Nozzle/Auto-Shut Off Humidifiers For Babies Nursery&Whole House AH001"
3625,Data Not Availabe,Link Not Available,#10 Best Sellers,in Major Appliances,68.44,28,Recently Not Sell,"3in1 Compact Breakfast Maker, Toaster Oven, Coffee Maker, And Mini-Grill"
3626,Data Not Availabe,Link Not Available,#10 Best Sellers,in Major Appliances,13.99,28,Recently Not Sell,Unbeatablesale SCB1617X .53 In. X 24 Thread Brass Seat - 10 Pack
3627,Data Not Availabe,Link Not Available,#10 Best Sellers,in Major Appliances,18.74,28,Recently Not Sell,Unbeatablesale 24 In. Flexible Plastic Shoehor
3628,Data Not Availabe,Link Not Available,#10 Best Sellers,in Major Appliances,136.93,36,Recently Not Sell,"Total Package 6-In-1 Digital Indoor Grill, Waffle Maker, Panini Press, Gdle, With Deluxe Accessory Ki"
3629,Data Not Availabe,Link Not Available,#10 Best Sellers,in Major Appliances,23.99,68,Recently Not Sell,EMS Foot Massager Neuropathy Feet For Circulation And Pain Relief  8Mode US
3630,Data Not Availabe,Link Not Available,#10 Best Sellers,in Major Appliances,20.99,70,Recently Not Sell,EMS Foot Massager Electric Leg Deep Reshaping Kneading Muscle Pain  MACchi
3631,Data Not Availabe,Link Not Available,#10 Best Sellers,in Major Appliances,22.99,69,Recently Not Sell,Electric Foot Massager Foot Stimulator Massager USB Circulation Massager MACchi
3632,Data Not Availabe,Link Not Available,#10 Best Sellers,in Major Appliances,19.99,71,Recently Not Sell,4X EMS Portable Mini Electric Neck Massager Cervical Massage Stimulator Stickers
3633,Data Not Availabe,Link Not Available,#10 Best Sellers,in Major Appliances,22.99,69,Recently Not Sell,Electric EMS Foot Massager Leg USB Reshaping Pad Feet Muscle Stimulator Mat USA
3634,Data Not Availabe,Link Not Available,#10 Best Sellers,in Major Appliances,47.3,69,Recently Not Sell,"Unbeatablesale Home Plus 6329874 Durable Foil Electric Burner Liner, Silver - Pack Of 12 - 12 Per Pack"
3635,Data Not Availabe,Link Not Available,#10 Best Sellers,in Major Appliances,20.99,70,Recently Not Sell,Blue Shower Foot Scrubber Cleaner Sandal Suction Cup Massager Scrubs & Brushes
3636,Data Not Availabe,Link Not Available,#10 Best Sellers,in Major Appliances,20.99,70,Recently Not Sell,EMS Foot Massager Mat Electric Pad Blood Muscle Circulation Relief Pain USB 2023
3637,Data Not Availabe,Link Not Available,#10 Best Sellers,in Major Appliances,19.99,71,Recently Not Sell,New Electric EMS Foot Massager Leg Reshaping Pad Feet Muscle Stimulator Mat -
3638,Data Not Availabe,Link Not Available,#10 Best Sellers,in Major Appliances,19.99,71,Recently Not Sell,Simple Foot Scrubber  Slipper Cleaner Washer Brush For Shower Floor Spas Massag
3639,Data Not Availabe,Link Not Available,#10 Best Sellers,in Major Appliances,22.99,69,Recently Not Sell,Portable Electric Foot Massager Pad Muscle Stimulator Blood Circulation Mat USA
3640,Data Not Availabe,Link Not Available,#10 Best Sellers,in Major Appliances,23.99,68,Recently Not Sell,EMS Foot Massager Neuropathy Feet Mat For Circulation Pain Relief 19 Level 8Mo
3641,Data Not Availabe,Link Not Available,#10 Best Sellers,in Major Appliances,20.99,70,Recently Not Sell,1pc Blue Shower Feet Foot Scrubber Massager Cleaner Exfoliating Wash Slipper
3642,Data Not Availabe,Link Not Available,#10 Best Sellers,in Major Appliances,32.95,18,Recently Not Sell,"Electric Nail Drill Professional, Portable Nail Drill Machine, 45000RPM Nail Drill Kit For Acrylic Gel Nails Tools"
3643,Data Not Availabe,Link Not Available,#10 Best Sellers,in Major Appliances,27.25,6,Recently Not Sell,Upgraded Night Vision Monocular With 3800mAh Rechargeable Battery Digital Infrared Monocular Telescope For 100% Darkness
3644,Data Not Availabe,Link Not Available,#10 Best Sellers,in Major Appliances,15.8,6,Recently Not Sell,"Unbeatablesale 700060-04 0.25 In. Brass Compression Sleeve, Pack Of 10"
3645,Data Not Availabe,Link Not Available,#10 Best Sellers,in Major Appliances,51.32,34,Recently Not Sell,"Cold Press Juicer, Compact Mini Juicer Machines Easy To Clean Space-Saving Slow Juicer With High Juice Yield, Cleaning Brush Included, Small Juicer Fit For Travel/Picnic/Office, Black"
3646,Data Not Availabe,Link Not Available,#10 Best Sellers,in Major Appliances,40.87,34,Recently Not Sell,"Unbeatablesale Broan-NuTone Exhaust Vent Fan Adjustable Speed Control Dial, Whi"
3647,Data Not Availabe,Link Not Available,#10 Best Sellers,in Major Appliances,87.99,12,Recently Not Sell,"Ultrasonic Cleaner With Digital Timer & Heater, Professional Ultra Jewelry Cleaner, Stainless Steel Heated Cleaning Machine For Glasses Watch Rings Small Parts Circuit Boar"
3648,Data Not Availabe,Link Not Available,#10 Best Sellers,in Major Appliances,28.82,12,Recently Not Sell,Unbeatablesale Reston Lloyd Gas Tin Burner Cover Set 4 Almo
3649,Data Not Availabe,Link Not Available,#10 Best Sellers,in Major Appliances,681.99,41,Recently Not Sell,12000 BTU 21 SEER2 208-230V Ductless Mini Split Air Conditioner With Heater Pump
3650,Data Not Availabe,Link Not Available,#10 Best Sellers,in Major Appliances,133.99,34,Recently Not Sell,"Vinsetto Massage Office Chair With 4 Vibration, Heat, Reclining"
3651,Data Not Availabe,Link Not Available,#10 Best Sellers,in Major Appliances,38.59,34,Recently Not Sell,Unbeatablesale 1 Gal Covered Pitcher
3652,Data Not Availabe,Link Not Available,#10 Best Sellers,in Major Appliances,29.8,34,Recently Not Sell,Unbeatablesale 24 Oz Stainless Steel Pancake Batter Dispenser
3653,Data Not Availabe,Link Not Available,#10 Best Sellers,in Major Appliances,195.69,57,Recently Not Sell,"VEVOR Electric Soup Warmer, Four 7.4QT Stainless Steel Round Pot 86~185°F Adjustable Temp, 1500W Commercial Bain Marie With Anti-Dry Burn And Reset Button, Soup Station For Restaurant, Buffet, Silver"
3654,Data Not Availabe,Link Not Available,#10 Best Sellers,in Major Appliances,47.74,57,Recently Not Sell,Unbeatablesale 34 Oz PILAR Pitcher Agave Gr
3655,Data Not Availabe,Link Not Available,#10 Best Sellers,in Major Appliances,99.78,28,Recently Not Sell,"20 Quart Roaster Oven With Self-Basting Lid, Large Turkey Roaster Oven With Defrost & Warm Function, Adjustable Temperature, Electric Roaster Oven With Removable Pan & Rack, Stainless Steel"
3656,Data Not Availabe,Link Not Available,#10 Best Sellers,in Major Appliances,99.78,28,Recently Not Sell,"20 Quart Roaster Oven With Self-Basting Lid, Large Turkey Roaster Oven With Defrost & Warm Function, Adjustable Temperature, Electric Roaster Oven With Removable Pan & Rack, Stainless Steel"
3657,Data Not Availabe,Link Not Available,#10 Best Sellers,in Major Appliances,52.33,41,Recently Not Sell,"12 X 12 Inch Nonstick Ceramic Electric Skillet With Glass Lid, Aluminum Body, 1400-Watts, Adjustable Temperature Controller Goes Up To 460 Degrees For Fry, Bake, Steam Or Simmer, Easy To Cl"
3658,Data Not Availabe,Link Not Available,#10 Best Sellers,in Major Appliances,29.85,41,Recently Not Sell,Unbeatablesale Reston Lloyd Gas Tin Burner Cover Set 4 Morning R
3659,Data Not Availabe,Link Not Available,#10 Best Sellers,in Major Appliances,120.95,28,Recently Not Sell,"Geek Chef Air Fryer 10QT, Countertop Toaster Oven, 4 Slice Toaster Air Fryer Oven Warm, Broil, Toast, Bake, Air Fry, Oil-Free, Black Stainless Steel"
3661,Data Not Availabe,Link Not Available,#10 Best Sellers,in Major Appliances,44.19,33,Recently Not Sell,"Multi Mini Waffle Maker Machine, Bake 6 X 3 Inch Small Waffles, Perfect For Families And Individuals Use, Excellent Choice For Breakfast Brunch Parties & Events, Graphi"
3662,Data Not Availabe,Link Not Available,#10 Best Sellers,in Major Appliances,44.19,35,Recently Not Sell,"Mini Pizzelle Maker Machine With A 3'' Cutter, Mini Stroopwafel Iron, Bake 2 X 4'' Pizzelles Or 3'' Stroopwafels, Excellent For Day, Party, Dessert Treat Making & Mor"
3663,Data Not Availabe,Link Not Available,#10 Best Sellers,in Major Appliances,25.69,28,Recently Not Sell,"Electric Kettle 1.8L, 1500W, With 304 Stainless Steel Liner - Black"
3664,Data Not Availabe,Link Not Available,#10 Best Sellers,in Major Appliances,89.99,10,Recently Not Sell,"Air Purifiers,With UV-C Light Sanitizer, Purifier With 3 In1 True HEPA Fits  AP010"
3666,Data Not Availabe,Link Not Available,#10 Best Sellers,in Major Appliances,32.99,48,Recently Not Sell,"Air Purifiers,With UV-C Light Sanitizer, Purifier With 3 In1 True HEPA Fits  AP010"
3667,Data Not Availabe,Link Not Available,#10 Best Sellers,in Major Appliances,135.0,4,Recently Not Sell,"Air Purifiers,With UV-C Light Sanitizer, Purifier With 3 In1 True HEPA Fits  AP010"
3668,Data Not Availabe,Link Not Available,#10 Best Sellers,in Major Appliances,41.99,42,Recently Not Sell,New White Stand Fan Folding Pedestal USB Rechargeable Telescopic Table Floor F
3676,Data Not Availabe,Link Not Available,#10 Best Sellers,in Major Appliances,41.99,42,Recently Not Sell,New White Stand Fan Folding Pedestal USB Rechargeable Telescopic Table Floor F
3681,Data Not Availabe,Link Not Available,#10 Best Sellers,in Major Appliances,30.9,3,Recently Not Sell,"1pc + 8-Inch Foldable Desktop Fan With USB Type-C Interface, 6000mAh, 5V/2A, Timer Function, Remote-Controlled Foldable Desktop Fan With Brushless Motor, Remote Control Timer, Oscillation Functio"
3682,Data Not Availabe,Link Not Available,#10 Best Sellers,in Major Appliances,44.9,3,Recently Not Sell,Unbeatablesale Westpointe FT30-8HC 12 In. 3 Speed Table F
3683,Data Not Availabe,Link Not Available,#10 Best Sellers,in Major Appliances,110.0,4,Recently Not Sell,"Galaxy Collection 1.25"" Tourmaline Gem Flat Iro"
3684,Data Not Availabe,Link Not Available,#10 Best Sellers,in Major Appliances,27.4,4,Recently Not Sell,"26 Pack Replacement Parts For IRobot Roomba E/I/J Series, E5 E6 E7 I2 I3 I3+I4 I4+ I6 I6+ I7 I7+ I8 I8+/Plus, 2 Sets Of Multi-Surface Rubber Brushes, 8 Filters, 8 Side Brushes, And 8 Vacuum Bags"
3688,Data Not Availabe,Link Not Available,#10 Best Sellers,in Major Appliances,150.0,3,Recently Not Sell,3inONE Multistyler Flat Iron & Curling System
3689,Data Not Availabe,Link Not Available,#10 Best Sellers,in Major Appliances,25.99,50,Recently Not Sell,3inONE Multistyler Flat Iron & Curling System
3693,Data Not Availabe,Link Not Available,#10 Best Sellers,in Major Appliances,100.0,5,Recently Not Sell,"""Fierce Glam"" Flat Iron With Travel Pouch"
3694,Data Not Availabe,Link Not Available,#10 Best Sellers,in Major Appliances,120.0,4,Recently Not Sell,"New 1.25"" Digital Professional Flat Iron With Extra Wide Plates - California Collection/Yello"
3696,Data Not Availabe,Link Not Available,#10 Best Sellers,in Major Appliances,21.82,4,Recently Not Sell,"Unbeatablesale 413W2X12 White Floor Register, 2 X 12 I"
3704,Data Not Availabe,Link Not Available,#10 Best Sellers,in Major Appliances,79.81,37,Recently Not Sell,"Stainless Steel Thermal Cooker,Black,5 Qt."
3705,Data Not Availabe,Link Not Available,#10 Best Sellers,in Major Appliances,39.99,9,Recently Not Sell,Impress Impress 12-Inch Oscillating Portable Desk F
3706,Data Not Availabe,Link Not Available,#10 Best Sellers,in Major Appliances,34.89,9,Recently Not Sell,Unbeatablesale True & Tidy TS-20 GRAY Handheld Garment Steamer With Stainless Steel Nozzle&#44; Gray
3707,Data Not Availabe,Link Not Available,#10 Best Sellers,in Major Appliances,27.6,9,Recently Not Sell,"1pc Automatic Foaming Soap Dispenser-10.82oz/320ml,Wall Mount,Touchless,6 Adjustable Foam Levels,Electric Digital Display,Rechargeable Hand And Dish Soap Dispenser For Bathroom Kitch"
3708,Data Not Availabe,Link Not Available,#10 Best Sellers,in Major Appliances,22.27,28,Recently Not Sell,"Wrist Blood Pressure Monitor, Bp Monitor Large LCD Display, Blood Pressure Machine, Arm Type Electronic Blood Pressure Monitor"
3709,Data Not Availabe,Link Not Available,#10 Best Sellers,in Major Appliances,42.83,28,Recently Not Sell,Unbeatablesale Powerball Fresh Dish Tab&#44; Pack Of 94
3710,Data Not Availabe,Link Not Available,#10 Best Sellers,in Major Appliances,27.99,28,Recently Not Sell,"Stainless Steel Air Fryer Basket And Tray, Compatible With Airfryer TOA-060 And TOA-065, Stainless Steel Baking Pan, Cooking And Baking For Convection Toaster Oven, 1 Set, Silver"
3711,Data Not Availabe,Link Not Available,#10 Best Sellers,in Major Appliances,48.85,28,Recently Not Sell,"60125401 For Deep Fryer 1175 Thermostat Compatible With Fryer, 1/4"" Thread Mpt Stuff Box, RX-1-36 Thermostat Compatible With Pitco, 200-400F"
3713,Data Not Availabe,Link Not Available,#10 Best Sellers,in Major Appliances,95.99,36,Recently Not Sell,"POWEART Cordless Vacuum Cleaner, 6 in 1 Multifunction Cordless Stick Vacuum, 2200mAh Vacuum Cleaner Rechargeable, Lightweight Vacuum Cleaner Hardwood Floor Pet Hair Hom"
3714,Data Not Availabe,Link Not Available,#10 Best Sellers,in Major Appliances,74.57,42,Recently Not Sell,"Aobosi Masticating Juicer Machine, 2-In-1 Cold Press Juicer With Large Feed Chute For Juice & Ice Cream, Powerful Slow Juicer For Vegetable And Fruit, Easy Clean Self Feeding, High Juice Yield, Grey"
3715,Data Not Availabe,Link Not Available,#10 Best Sellers,in Major Appliances,18.56,42,Recently Not Sell,Unbeatablesale 1 X 10 In. Master Plumber Plastic Overflow Tub
3716,Data Not Availabe,Link Not Available,#10 Best Sellers,in Major Appliances,44.99,53,Recently Not Sell,2 Pcss Shower Feet Foot Scrubber Massager Cleaner Exfoliating Washer Wash Slipper
3717,Data Not Availabe,Link Not Available,#10 Best Sellers,in Major Appliances,24.99,67,Recently Not Sell,Electric EMS Foot Massager Pad 15 Level Feet Muscle Acupoint Stimulator Mat USA
3718,Data Not Availabe,Link Not Available,#10 Best Sellers,in Major Appliances,28.99,63,Recently Not Sell,Foot Massager Leg Reshaping Electric Deep Kneading Muscle Pain  MACchinne US
3719,Data Not Availabe,Link Not Available,#10 Best Sellers,in Major Appliances,28.99,63,Recently Not Sell,19 Level LCD Electric Foot Massager Pad Blood Circulation Muscle Stimulator USB
3720,Data Not Availabe,Link Not Available,#10 Best Sellers,in Major Appliances,26.99,65,Recently Not Sell,Foot Massager Leg Reshaping Electric Deep Kneading Muscle Pain  MACchinne USA
3721,Data Not Availabe,Link Not Available,#10 Best Sellers,in Major Appliances,26.99,65,Recently Not Sell,EMS Foot Massager Mat–Foot Stimulator Massager Pad Rechargeable Wireless
3722,Data Not Availabe,Link Not Available,#10 Best Sellers,in Major Appliances,24.99,67,Recently Not Sell,Folding Portable Electric Foot Massage Mat USB Charging 6 Modes Foot Massage BOO
3723,Data Not Availabe,Link Not Available,#10 Best Sellers,in Major Appliances,31.11,67,Recently Not Sell,Unbeatablesale Victor Safe Set Rat Trap
3724,Data Not Availabe,Link Not Available,#10 Best Sellers,in Major Appliances,109.99,21,Recently Not Sell,Oscillating Quiet Tower Fan With Control 3 Speeds 12H Timer Portable LED Display 47 Inch Electric Air Circulator Cooling Floor Standing Fan For Home Bedroom Office Living Room (Gray)
3725,Data Not Availabe,Link Not Available,#10 Best Sellers,in Major Appliances,181.19,24,Recently Not Sell,Non-Stick Waffle Donut Machine 5 Holes Double-Sided 1500W Electric Doughnut Maker For Baking Delicious Donuts Mini Donut Siz
3726,Data Not Availabe,Link Not Available,#10 Best Sellers,in Major Appliances,18.13,24,Recently Not Sell,"Unbeatablesale 54800-06 0.38 In. Flare Brass Space Heater Nut, Pack Of 5"
3727,Data Not Availabe,Link Not Available,#10 Best Sellers,in Major Appliances,44.34,28,Recently Not Sell,"ThermaSnug Electric Heated Throw Blanket, 50"" X 60"" Heating Blanket 10 Hours Auto Off & 6 Heating Levels, Soft Flannel Sherpa Fast Heating Blanket Over-Heat Protection, Machine Washable, Beige,Light Grey,Navy"
3728,Data Not Availabe,Link Not Available,#10 Best Sellers,in Major Appliances,58.14,28,Recently Not Sell,"Air Purifiers For Home Large Room Up To 1500ft² With Aromatherapy, MOOKA HEPA Air Purifier For Bedroom Pets Kitchen, Air Filter Cleaner For Smoke Pollen Dust Dander Odor, M03, Whi"
3729,Data Not Availabe,Link Not Available,#10 Best Sellers,in Major Appliances,40.83,39,Recently Not Sell,"Wood Massage Therapy Tools, 8PCS Wood Therapy Massage Tools Wooden Massage Muscle Massage Anti Cellulite Massage Gua Sha For Full Body Muscle Pain Relief"
3730,Data Not Availabe,Link Not Available,#10 Best Sellers,in Major Appliances,18.99,27,Recently Not Sell,Shower Head High Pressure Rain Shower Head With Anti-Clogging Silicone Nozzles Detachable Rainfall Shower Head Adjustable Angle Luxury Chrome Look 6 Inch Round For Bathroom
3731,Data Not Availabe,Link Not Available,#10 Best Sellers,in Major Appliances,79.95,6,Recently Not Sell,Shower Head High Pressure Rain Shower Head With Anti-Clogging Silicone Nozzles Detachable Rainfall Shower Head Adjustable Angle Luxury Chrome Look 6 Inch Round For Bathroom
3732,Data Not Availabe,Link Not Available,#10 Best Sellers,in Major Appliances,21.61,6,Recently Not Sell,Unbeatablesale Deflecto MSCX4 4 In. Adjustable Vent Clamp
3733,Data Not Availabe,Link Not Available,#10 Best Sellers,in Major Appliances,31.69,28,Recently Not Sell,"Rechargeable Fabric Razor, Kexi Lint Remover Sweater Detangler Lint, USB Powered And 1 Replacement Bl"
3734,Data Not Availabe,Link Not Available,#10 Best Sellers,in Major Appliances,24.99,67,Recently Not Sell,Portable Foot Massager Pad 15 Level Blood Circulation Electric Muscle Stimulator
3737,Data Not Availabe,Link Not Available,#10 Best Sellers,in Major Appliances,83.99,26,Recently Not Sell,Portable Foot Massager Pad 15 Level Blood Circulation Electric Muscle Stimulator
3738,Data Not Availabe,Link Not Available,#10 Best Sellers,in Major Appliances,125.99,28,Recently Not Sell,"52"" Ceiling Fan With Lights Remote Control,Quiet DC Motor 3 Blade Ceiling Fans 6 Speed Levels,Reversible Ceiling Fan, For Patio Living Room, Bedroom, Office,Indoor.(White )"
3739,Data Not Availabe,Link Not Available,#10 Best Sellers,in Major Appliances,74.58,18,Recently Not Sell,"Cusimax Shop Cold Press Juicer, BPA Slow Juicer, Easy To Clean, Juicer Machines With Quiet Motor & Reverse Function, Masticating Juicer For Vegetable And Frui"
3740,Data Not Availabe,Link Not Available,#10 Best Sellers,in Major Appliances,128.99,19,Recently Not Sell,"Cusimax Shop Cold Press Juicer, BPA Slow Juicer, Easy To Clean, Juicer Machines With Quiet Motor & Reverse Function, Masticating Juicer For Vegetable And Frui"
3741,Data Not Availabe,Link Not Available,#10 Best Sellers,in Major Appliances,127.22,28,Recently Not Sell,"Canister Vacuum With 5 Brushes, Lightweight Bagless Design, HEPA Filter"
3744,Data Not Availabe,Link Not Available,#10 Best Sellers,in Major Appliances,60.62,28,Recently Not Sell,Unbeatablesale UT08020 0.5 In. X 20 Ft. Utility Copper Tub
3745,Data Not Availabe,Link Not Available,#10 Best Sellers,in Major Appliances,118.99,28,Recently Not Sell,"20 Quart Electric Roaster Oven With Self-Basting Lid, Turkey Roaster Oven With Removable Pan And Rack, RED"
3746,Data Not Availabe,Link Not Available,#10 Best Sellers,in Major Appliances,105.24,24,Recently Not Sell,"Juicer Machines With 4.35 Wide Mouth, Whole Fruit Juicer, Black"
3747,Data Not Availabe,Link Not Available,#10 Best Sellers,in Major Appliances,29.97,40,Recently Not Sell,"Food Scale, 22lb Digital Kitchen Scale Weight Grams And Oz For Cooking Baking, 1g/0.1oz Precise Graduation, Stainless Steel And Tempered Glass (Ash Silver)"
3748,Data Not Availabe,Link Not Available,#10 Best Sellers,in Major Appliances,26.99,40,Recently Not Sell,"'Cooking Master' Digital Food Kitchen Scale,22lb Weight Multifunction Scale Measures In Grams And Ounces For Cooking Baking Prep,1g/0.1oz Precise Graduation,Stainless Steel And Tempered Glass"
3749,Data Not Availabe,Link Not Available,#10 Best Sellers,in Major Appliances,43.88,40,Recently Not Sell,"Large Kitchen Scale With 0.1g/0.001oz High Precision, Bakery Scale With% Percentage Function, Capacity 5kg/11lbs, USB Rechargeable, Full-View Angle LCD With Backlight, Stainless Steel Pan…"
3750,Data Not Availabe,Link Not Available,#10 Best Sellers,in Major Appliances,24.98,40,Recently Not Sell,"3000g Digital Kitchen Food Scale With 0.1g Accuracy, Tare Function, And LCD Display - For Cooking, Baking, And Jewelry"
3751,Data Not Availabe,Link Not Available,#10 Best Sellers,in Major Appliances,26.99,40,Recently Not Sell,"Food Scale, Rechargeable 304 Stainless Steel Digital Kitchen Scale Upto 33lb Weight Grams And Ounces With LCD Display And Type-C Charging For Baking And Cooking"
3752,Data Not Availabe,Link Not Available,#10 Best Sellers,in Major Appliances,40.0,34,Recently Not Sell,"Good Grips 5-Lb Food Scale With Pull-Out Display,Black"
3753,Data Not Availabe,Link Not Available,#10 Best Sellers,in Major Appliances,28.99,63,Recently Not Sell,15Level EMS Electric Foot Massager Pad Blood Circulation Muscle Stimulator
3754,Data Not Availabe,Link Not Available,#10 Best Sellers,in Major Appliances,30.99,62,Recently Not Sell,Pulse Massager Back Full Body Massage Muscle Stimulator Pain Relief Devic
3755,Data Not Availabe,Link Not Available,#10 Best Sellers,in Major Appliances,28.99,63,Recently Not Sell,Foot Massager Leg Reshaping  Electric Deep Kneading Muscle Pain MACchi
3756,Data Not Availabe,Link Not Available,#10 Best Sellers,in Major Appliances,32.99,60,Recently Not Sell,4pcss Electric Foot Massager Pad Blood Circulation Muscle Stimulator Mat Comfor
3757,Data Not Availabe,Link Not Available,#10 Best Sellers,in Major Appliances,34.46,40,Recently Not Sell,"Primo Digital Food Scale Multi-Functional Kitchen Scale And Baking Scale For Precise Weight Measuring And Portion Control, 8.5 X 6 X 1.5 Inches, Chrom"
3758,Data Not Availabe,Link Not Available,#10 Best Sellers,in Major Appliances,35.78,40,Recently Not Sell,"Digital Kitchen Scale, 304 Stainless Steel, Weight In Grams And Ounces For Baking, Cooking, And Meal Prep, LCD Display, Medium"
3759,Data Not Availabe,Link Not Available,#10 Best Sellers,in Major Appliances,54.99,37,Recently Not Sell,"Digital Kitchen Scale, 304 Stainless Steel, Weight In Grams And Ounces For Baking, Cooking, And Meal Prep, LCD Display, Medium"
3760,Data Not Availabe,Link Not Available,#10 Best Sellers,in Major Appliances,24.99,67,Recently Not Sell,Electric EMS Foot Massager Leg Reshaping Pad Feet Muscle Stimulator Mat Stock US
3761,Data Not Availabe,Link Not Available,#10 Best Sellers,in Major Appliances,29.99,63,Recently Not Sell,EMS Foot Massager Foot Phixnozar Neuropathy Fee For Circulation Pain Relief USA
3762,Data Not Availabe,Link Not Available,#10 Best Sellers,in Major Appliances,26.99,65,Recently Not Sell,Electric Foot Massager Pad Blood Circulation Muscle Stimulator Mat Pain Relief
3763,Data Not Availabe,Link Not Available,#10 Best Sellers,in Major Appliances,27.99,64,Recently Not Sell,Foot Massager Pad Electric Acupuncture Stimulator Leg Muscle Pain  M
3764,Data Not Availabe,Link Not Available,#10 Best Sellers,in Major Appliances,24.99,67,Recently Not Sell,EMS Electric Foot Massager Pad Blood Circulation Muscle Stimulator Mat 15 Level
3765,Data Not Availabe,Link Not Available,#10 Best Sellers,in Major Appliances,32.99,60,Recently Not Sell,"Back Massager, Shiatsu Neck Massager, Electric Back Massager -NEW"
3766,Data Not Availabe,Link Not Available,#10 Best Sellers,in Major Appliances,29.99,63,Recently Not Sell,2pcss Comb Massager Foot Scrubber Cleaner Bath Brush 3+1 Exfoliating Shower Tools
3768,Data Not Availabe,Link Not Available,#10 Best Sellers,in Major Appliances,75.23,63,Recently Not Sell,Unbeatablesale 20 X 20 X 2 In. Fiberglass 4 MERV Air Filter - Pack Of 12
3769,Data Not Availabe,Link Not Available,#10 Best Sellers,in Major Appliances,69.99,30,Recently Not Sell,Unbeatablesale 20 X 20 X 2 In. Fiberglass 4 MERV Air Filter - Pack Of 12
3770,Data Not Availabe,Link Not Available,#10 Best Sellers,in Major Appliances,45.39,42,Recently Not Sell,"Psoas Muscle Release Tool, Hip Hook, Flexor Muscle Tool, Trigger Point Massager Tool, Deep Tissue, Wood Therapy Massage Tool Adjustable With 20 Massage Heads"
3771,Data Not Availabe,Link Not Available,#10 Best Sellers,in Major Appliances,178.88,22,Recently Not Sell,"Doughnut Baker Maker Machine, 110V 1550W 6 Holes Double-Sided Non-Stick Waffle Donut Machine Doughnut Maker For Baking Delicious Donuts 6 Holes"
3772,Data Not Availabe,Link Not Available,#10 Best Sellers,in Major Appliances,72.12,22,Recently Not Sell,Unbeatablesale 20 X 30 X 1 In. Fiberglass 4 MERV Air Filter - Pack Of 12
3773,Data Not Availabe,Link Not Available,#10 Best Sellers,in Major Appliances,52.99,49,Recently Not Sell,Collapsible Foot Spa Bath Massager Pedicure Foot Soaker Tub Temp & Heat Foldabl
3774,Data Not Availabe,Link Not Available,#10 Best Sellers,in Major Appliances,38.99,56,Recently Not Sell,1 Pair Human Feet Acupoint Model Foot Reflexology Acupuncture Point Massage BOO
3775,Data Not Availabe,Link Not Available,#10 Best Sellers,in Major Appliances,44.34,28,Recently Not Sell,1 Pair Human Feet Acupoint Model Foot Reflexology Acupuncture Point Massage BOO
3776,Data Not Availabe,Link Not Available,#10 Best Sellers,in Major Appliances,39.83,39,Recently Not Sell,"Cordless Electric Lemon Juicer Squeezer, Cusimax Shop Portable Electric Citrus Juicer With USB Cable And Spoon, Lemon And Lime Squeezer, Electric Orange Juicer Squeezer, Rechargeable Lime Juicer Gr"
3777,Data Not Availabe,Link Not Available,#10 Best Sellers,in Major Appliances,21.99,56,Recently Not Sell,"Cordless Electric Lemon Juicer Squeezer, Cusimax Shop Portable Electric Citrus Juicer With USB Cable And Spoon, Lemon And Lime Squeezer, Electric Orange Juicer Squeezer, Rechargeable Lime Juicer Gr"
3780,Data Not Availabe,Link Not Available,#10 Best Sellers,in Major Appliances,19.82,56,Recently Not Sell,Unbeatablesale Gas Connector - 0.5 In. X 36 In.
3781,Data Not Availabe,Link Not Available,#10 Best Sellers,in Major Appliances,22.11,56,Recently Not Sell,Unbeatablesale 0.125 Male Pipe Thread X 6 Long Brass Nippl
3782,Data Not Availabe,Link Not Available,#10 Best Sellers,in Major Appliances,20.84,56,Recently Not Sell,Unbeatablesale Mueller Industries W610145 .5 In. Wrot Copper Coupling With Stop
3783,Data Not Availabe,Link Not Available,#10 Best Sellers,in Major Appliances,24.02,56,Recently Not Sell,Unbeatablesale 143WP 4 In. Plastic Under Eave V
3784,Data Not Availabe,Link Not Available,#10 Best Sellers,in Major Appliances,125.0,4,Recently Not Sell,Unbeatablesale 143WP 4 In. Plastic Under Eave V
3785,Data Not Availabe,Link Not Available,#10 Best Sellers,in Major Appliances,90.29,4,Recently Not Sell,"Air Purifier Tower, With Timer And Filter Light, Medium Room"
3786,Data Not Availabe,Link Not Available,#10 Best Sellers,in Major Appliances,26.69,4,Recently Not Sell,"Unbeatablesale 411157 Decorative Lever Universal Faucet Handle, Metal, Chrome Pl"
3787,Data Not Availabe,Link Not Available,#10 Best Sellers,in Major Appliances,64.0,28,Recently Not Sell,"Cold Press Juicer, Aobosi Compact Small Juicer Machines Easy To Clean Space-Saving Slow Juicer With High Juice Yield, Cleaning Brush Included, Mini Juicer Fit For Travel/Picnic/Office, Mint Green014MG 16 Ounc"
3788,Data Not Availabe,Link Not Available,#10 Best Sellers,in Major Appliances,91.99,43,Recently Not Sell,"Commercial Ultrasonic Cleaner, 2.1Qt/2L, 110V For Brass, Gun Parts, Carburetor Cleaning , Whi"
3789,Data Not Availabe,Link Not Available,#10 Best Sellers,in Major Appliances,65.79,43,Recently Not Sell,"Remover Machine For Smoke Smell, Smoke, Remove Lingering Smoke And Pet Smells, Air Freshener For Home Office Car 2pcs"
3790,Data Not Availabe,Link Not Available,#10 Best Sellers,in Major Appliances,52.99,49,Recently Not Sell,Folding Collapsible Foot Bath Spa W/ Heat & Temp Control Bubble Massage Stone LB
3791,Data Not Availabe,Link Not Available,#10 Best Sellers,in Major Appliances,44.99,53,Recently Not Sell,Leg Foot Massager Heat Air Compression For Circulation Muscles For Muscles
3792,Data Not Availabe,Link Not Available,#10 Best Sellers,in Major Appliances,41.99,54,Recently Not Sell,Electric Gua Sha Facial Care Massage Board Face Lifting Firming Scraping Devic
3793,Data Not Availabe,Link Not Available,#10 Best Sellers,in Major Appliances,52.99,49,Recently Not Sell,Fold Collapsible Foot Bath Spa W/ Heat&Temp Control Bubble Massage Pumice Sto
3794,Data Not Availabe,Link Not Available,#10 Best Sellers,in Major Appliances,39.83,27,Recently Not Sell,"Cusimax Shop Electric Lemon Juicer Squeezer For Family Moments, Cordless Portable Electric Juicer For Oranges And Lemons, Bladeless Design Orange Juicer, USB Rechargeable Electric Citrus Juicer With Spoo"
3795,Data Not Availabe,Link Not Available,#10 Best Sellers,in Major Appliances,65.99,31,Recently Not Sell,"Desk Tower Fan With Timer And 3 Speeds, 13"" Bladeless Fan Keep Kids And Pets Safe, 90° Oscillation Tower Fan Quiet For Bedroom, Office And Home, White (No Battery)"
3796,Data Not Availabe,Link Not Available,#10 Best Sellers,in Major Appliances,65.5,28,Recently Not Sell,"Air Purifiers For Home Large Room Up To 1095ft², H13 HEPA Filter Air Cleaner For Bedroom, Room Air Purifier With Timer Lock 4 Modes Night Ligh"
3797,Data Not Availabe,Link Not Available,#10 Best Sellers,in Major Appliances,68.4,28,Recently Not Sell,Unbeatablesale Cover Only For 9 Roller Commercial Grade Hot Dog Machi
3798,Data Not Availabe,Link Not Available,#10 Best Sellers,in Major Appliances,53.68,28,Recently Not Sell,Unbeatablesale Pansaver Slow Cooker Liner For 3 To 6.5 Qt Cookers - Case Of 18
3799,Data Not Availabe,Link Not Available,#10 Best Sellers,in Major Appliances,67.99,31,Recently Not Sell,Unbeatablesale Pansaver Slow Cooker Liner For 3 To 6.5 Qt Cookers - Case Of 18
3800,Data Not Availabe,Link Not Available,#10 Best Sellers,in Major Appliances,39.83,41,Recently Not Sell,"Cordless Electric Lemon Juicer Squeezer, Cusimax Shop Portable Electric Citrus Juicer With USB Cable And Spoon, Lemon And Lime Squeezer, Electric Orange Juicer Squeezer, Rechargeable Lime Juicer Whi"
3801,Data Not Availabe,Link Not Available,#10 Best Sellers,in Major Appliances,50.84,41,Recently Not Sell,Unbeatablesale 466-06QTLF 6 In. Antisiphon Sweat Wall Hydr
3802,Data Not Availabe,Link Not Available,#10 Best Sellers,in Major Appliances,102.71,28,Recently Not Sell,"Air Purifiers For Home Large Room, MOOKA H13 True HEPA Filter Air Cleaner, 100% Ozone Free Quiet Air Cleaner For Home, Bedroom And Office, E-300L Whi"
3804,Data Not Availabe,Link Not Available,#10 Best Sellers,in Major Appliances,62.69,28,Recently Not Sell,Unbeatablesale 16 In. Tower Heater With Remo
3805,Data Not Availabe,Link Not Available,#10 Best Sellers,in Major Appliances,29.99,40,Recently Not Sell,"Food Kitchen Scale 22lb, Digital Scale Weight Grams And Oz, IPX6 Waterproof, Type-C Rechargeable, 304 Stainless Steel, 0.05oz/1g Precise Graduation, 5 Units For Baking And Cooking"
3806,Data Not Availabe,Link Not Available,#10 Best Sellers,in Major Appliances,117.6,40,Recently Not Sell,"22 Quart Electric Turkey Roaster Oven With Removable Pan Large Stainless Steel Roaster, Visible & Self-Basting Lid, Fast Heating & Thawarming Setting, Bl"
3807,Data Not Availabe,Link Not Available,#10 Best Sellers,in Major Appliances,56.68,40,Recently Not Sell,Unbeatablesale 16 In. Ceramic Tower Heater
3808,Data Not Availabe,Link Not Available,#10 Best Sellers,in Major Appliances,52.89,40,Recently Not Sell,Unbeatablesale Ice Maker Assembly
3809,Data Not Availabe,Link Not Available,#10 Best Sellers,in Major Appliances,76.7,38,Recently Not Sell,"Cusimax Shop Masticating Slow Juicer Extractor With Reverse Function, Cold Press Juicer Machine With Quiet Motor, Chrome Silver"
3810,Data Not Availabe,Link Not Available,#10 Best Sellers,in Major Appliances,73.99,29,Recently Not Sell,"Cusimax Shop Masticating Slow Juicer Extractor With Reverse Function, Cold Press Juicer Machine With Quiet Motor, Chrome Silver"
3812,Data Not Availabe,Link Not Available,#10 Best Sellers,in Major Appliances,58.99,34,Recently Not Sell,"Cusimax Shop Masticating Slow Juicer Extractor With Reverse Function, Cold Press Juicer Machine With Quiet Motor, Chrome Silver"
3813,Data Not Availabe,Link Not Available,#10 Best Sellers,in Major Appliances,80.54,28,Recently Not Sell,"Desktop Fan With Remote, Oscillating Floor Fan, Fan Air Conditioning, Freestanding Floor Fan With 3 Wind Speeds, Household Quiet Fan For Home, Offic"
3814,Data Not Availabe,Link Not Available,#10 Best Sellers,in Major Appliances,80.54,28,Recently Not Sell,"Desktop Fan With Remote, Oscillating Floor Fan, Fan Air Conditioning, Freestanding Floor Fan With 3 Wind Speeds, Household Quiet Fan For Home, Offic"
3815,Data Not Availabe,Link Not Available,#10 Best Sellers,in Major Appliances,244.05,28,Recently Not Sell,"Hotdog Roller Grill | 10 Rollers Sausage Grill Cooker Machine | 1700W Stainless Steel With Dual Temp Control, 27 Hot Dogs Capacity, Removable Oil Drip Tray For Home Us"
3816,Data Not Availabe,Link Not Available,#10 Best Sellers,in Major Appliances,62.99,24,Recently Not Sell,"Tower Fan 31"" 3 Speeds 3 Modes,Oscillating Fan Quiet Cooling Portable Standing Bladeless Floor Fans With 0-7.5H Auto-Off Timer For Bedroom, Office, Living Room, Indoor (Black)"
3817,Data Not Availabe,Link Not Available,#10 Best Sellers,in Major Appliances,27.3,24,Recently Not Sell,"Kemei KM-1949 Quick Charging Men's Hair Clip - A Durable Stainless Steel Professional Trimmer That Can Perform Precise Salon Level Beauty At Home. With A Brand New Upgraded Packaging And A More Exquisite Appearance, It Is A Perfect Gift For Boyfri"
3818,Data Not Availabe,Link Not Available,#10 Best Sellers,in Major Appliances,49.64,39,Recently Not Sell,Cusimax Shop Stainless Steel Electric Citrus Juicer
3819,Data Not Availabe,Link Not Available,#10 Best Sellers,in Major Appliances,54.66,39,Recently Not Sell,"Unbeatablesale Deep Fryer, Silver"
3820,Data Not Availabe,Link Not Available,#10 Best Sellers,in Major Appliances,167.99,23,Recently Not Sell,"Tower Fan Bladeless Cooling Fan, 23.62"" Tower Fan, 80° Oscillating Pedestal Fan With Control, 8 Speeds 8H Timer LED Display With Auto Off, Portable Quiet For Bedroom, Hom"
3821,Data Not Availabe,Link Not Available,#10 Best Sellers,in Major Appliances,21.34,23,Recently Not Sell,Unbeatablesale Bird B Gone B44 MMSEB Scare Eye Balloon-1 Pk
3822,Data Not Availabe,Link Not Available,#10 Best Sellers,in Major Appliances,116.88,38,Recently Not Sell,Slow Masticating Juicer.Cold Press Juice Machine With 85mm Large Feed Chute. Cold Press Juicer Extractor.Ice Cream Smoothie Maker.Easy To Clean.
3823,Data Not Availabe,Link Not Available,#10 Best Sellers,in Major Appliances,162.37,39,Recently Not Sell,"Vegetable Juicers For Celery Wheatgrass Ginger Beets, Fruit Juicer Machines Slow Masticating Juicer Cold Press Juice Extractor Pulp Separated, Quiet Motor, BPA , Dishwasher Safe, Easy To Cl"
3824,Data Not Availabe,Link Not Available,#10 Best Sellers,in Major Appliances,112.89,28,Recently Not Sell,"VEVOR Commercial Food Warmer 4x1/4GN 4-Pan Stainless Steel Bain Marie 14.8 Qt Capacity 1500W 110V Steam Table 6 Inch Deep, Temp. Control 86-185℉ Electric Soup Warmer W/Lids & 2 Ladles"
3825,Data Not Availabe,Link Not Available,#10 Best Sellers,in Major Appliances,213.59,38,Recently Not Sell,"Masticating Juicer, Master Cold Press Juicer With 4.1-Inch 104mm Extra Large Feed Chute, Slow Electric Juicer Machines With High Juice Yield For Fruits And Vegetables"
3826,Data Not Availabe,Link Not Available,#10 Best Sellers,in Major Appliances,123.22,40,Recently Not Sell,"Compact Slow Masticating Juicer - Orange Juicer Machines Up To 92% Juice Yield 3.1"""" Wide Chute For High Nutrient Fruits Vegetables Easy Clean With Brush Pulp Measuring Cup Revers"
3827,Data Not Availabe,Link Not Available,#10 Best Sellers,in Major Appliances,106.3,42,Recently Not Sell,"Cold Press Juicer, Masticating Juicer With 4.35"" Wide Mouth, Whole Fruit Juicer, Juicer Machines Vegetable And Fruit, Easy To Clean With Brush, High Juice Yiel"
3828,Data Not Availabe,Link Not Available,#10 Best Sellers,in Major Appliances,77.57,42,Recently Not Sell,Unbeatablesale 4 Slice Wide Slot Toaster With Variable Browning In Black & Rose Gol
3829,Data Not Availabe,Link Not Available,#10 Best Sellers,in Major Appliances,225.99,28,Recently Not Sell,"Bladeless Tower Fan And Air Purifier In One, HEPA Filter 99.97% Smoke Dust Pollen Dander, Freestanding Oscillating Tower Fan With Control (White)"
3830,Data Not Availabe,Link Not Available,#10 Best Sellers,in Major Appliances,151.39,26,Recently Not Sell,"Non-Stick Waffle Donut Machine, 4pcs Mini Heart Donut Maker Baker Machine, Waffle Maker Machine For Making Delicious Foods 4pcs"
3831,Data Not Availabe,Link Not Available,#10 Best Sellers,in Major Appliances,39.45,26,Recently Not Sell,Unbeatablesale Wall Bracket For 2 Gal. Container&#44; Non-Locking&#44;Chrom
3832,Data Not Availabe,Link Not Available,#10 Best Sellers,in Major Appliances,170.34,28,Recently Not Sell,Unbeatablesale Wall Bracket For 2 Gal. Container&#44; Non-Locking&#44;Chrom
3833,Data Not Availabe,Link Not Available,#10 Best Sellers,in Major Appliances,108.85,28,Recently Not Sell,VEVOR Commercial Food Warmer 24QT Bain Marie 1200W Electric Buffet Warmer Steam Table Food Warmer Countertop Stainless Steel Food Warmer Wet Or Dry Use For Parties Catering And Restaur
3834,Data Not Availabe,Link Not Available,#10 Best Sellers,in Major Appliances,26.79,28,Recently Not Sell,Unbeatablesale Jmf 4506218 0.25 X 0.25 90 Deg Flare Elbow - Pack Of 5
3835,Data Not Availabe,Link Not Available,#10 Best Sellers,in Major Appliances,51.95,28,Recently Not Sell,Unbeatablesale 933081 Roof Vent Cover&#44; Whi
3836,Data Not Availabe,Link Not Available,#10 Best Sellers,in Major Appliances,36.81,28,Recently Not Sell,Unbeatablesale White Round Capital Crown Ceiling Diffuser And 6 In. Boot With Rotary Damper
3837,Data Not Availabe,Link Not Available,#10 Best Sellers,in Major Appliances,48.44,28,Recently Not Sell,Unbeatablesale Range Hood Aluminum Grease Filter For RMP 1
3838,Data Not Availabe,Link Not Available,#10 Best Sellers,in Major Appliances,40.63,28,Recently Not Sell,Unbeatablesale CSSC22-48P 0.75 FIP X 0.75 FIP X 48 Gas Connector - Stainless Steel
3839,Data Not Availabe,Link Not Available,#10 Best Sellers,in Major Appliances,31.1,28,Recently Not Sell,Unbeatablesale C104M10X10 10 X 10 In. 4 Way Supply Register Whi
3840,Data Not Availabe,Link Not Available,#10 Best Sellers,in Major Appliances,44.7,28,Recently Not Sell,Unbeatablesale B &Amp; K 601-G20CV Add-A-Line Ball Valve 0.62 In.
3841,Data Not Availabe,Link Not Available,#10 Best Sellers,in Major Appliances,24.96,28,Recently Not Sell,Unbeatablesale Greystone C801-06 Damper Ring Diffuser Brown - 6 In.
3842,Data Not Availabe,Link Not Available,#10 Best Sellers,in Major Appliances,28.84,28,Recently Not Sell,Unbeatablesale 8 In. Start Collar With Damper
3843,Data Not Availabe,Link Not Available,#10 Best Sellers,in Major Appliances,40.81,28,Recently Not Sell,Unbeatablesale 85285 Slant Aluminum Roof Vent - Whi
3844,Data Not Availabe,Link Not Available,#10 Best Sellers,in Major Appliances,25.53,28,Recently Not Sell,"Unbeatablesale 39038856 .37 In. Male O-Ring Boss X .37 In. Male Pipe, Hydraulic Adapter"
3845,Data Not Availabe,Link Not Available,#10 Best Sellers,in Major Appliances,28.6,28,Recently Not Sell,Unbeatablesale Magnetic Vent Covers 8 Inch X 15 Inch
3846,Data Not Availabe,Link Not Available,#10 Best Sellers,in Major Appliances,42.1,28,Recently Not Sell,Unbeatablesale Hamilton Beach 6065554 Proctor Silex 12 Cups Black Coffee Maker
3847,Data Not Availabe,Link Not Available,#10 Best Sellers,in Major Appliances,138.02,26,Recently Not Sell,"Cold Press Juicer, Slow Masticating Juicer Machines With Reverse Function, Quiet Motor, High Juice Yield With Juice Jug & Brush For Cleaning, Gray"
3849,Data Not Availabe,Link Not Available,#10 Best Sellers,in Major Appliances,148.59,44,Recently Not Sell,"Juicer Machines, Cold Press Juicer, Masticating Juicer With 4.35"" Wide Mouth, Whole Fruit Juicer For Vegetable And Frui"
3850,Data Not Availabe,Link Not Available,#10 Best Sellers,in Major Appliances,76.13,28,Recently Not Sell,"9-In-1 Compact 800ml Soy Milk Maker With Smart Display, Auto-Clean, And US Plug – 304 Stainless Steel Blade, Accessories Incl"
3851,Data Not Availabe,Link Not Available,#10 Best Sellers,in Major Appliances,138.01,45,Recently Not Sell,"Cold Press Juicer, Juicer Machines With 4.35"" Wide Mouth, Whole Fruit Juicer, Masticating Juicer, Juice Extractor For Vegetable And Fruit, Easy To Clean With Brush, High Juice Yield, Black"
3852,Data Not Availabe,Link Not Available,#10 Best Sellers,in Major Appliances,20.23,45,Recently Not Sell,Unbeatablesale Charlotte Pipe &Amp; Foundry PVC003000600HA 90 Deg PVC DWV Elbow 1.25 In.
3853,Data Not Availabe,Link Not Available,#10 Best Sellers,in Major Appliances,41.18,45,Recently Not Sell,Unbeatablesale Thermostat Cover
3854,Data Not Availabe,Link Not Available,#10 Best Sellers,in Major Appliances,63.49,17,Recently Not Sell,"Cusimax Shop Premium Electric Orange Juicer | Stainless Steel Citrus Squeezer With New Ultra-Powerful Motor And Soft G Handle For Effortless Juicing, Auto Shutoff, Dishwasher-Safe Parts, Pulp Control"
3855,Data Not Availabe,Link Not Available,#10 Best Sellers,in Major Appliances,32.5,17,Recently Not Sell,Unbeatablesale Rectangular Burner Natural Gas Air Shutter
3856,Data Not Availabe,Link Not Available,#10 Best Sellers,in Major Appliances,32.43,17,Recently Not Sell,Unbeatablesale JMF 4503439 0.25 X 0.37 In. Compression Connector - Pack Of 5
3857,Data Not Availabe,Link Not Available,#10 Best Sellers,in Major Appliances,28.43,17,Recently Not Sell,Unbeatablesale 0.5 In. Brass Bent Bathcock Coupling
3858,Data Not Availabe,Link Not Available,#10 Best Sellers,in Major Appliances,30.18,17,Recently Not Sell,Unbeatablesale Thermwell AC18H Air Conditioner Side Panel Ki
3859,Data Not Availabe,Link Not Available,#10 Best Sellers,in Major Appliances,53.55,17,Recently Not Sell,Unbeatablesale Dryer Vent Made Easy 4915542 8.25 In. X 30 In. Dia. Dryer Vent Ki
3860,Data Not Availabe,Link Not Available,#10 Best Sellers,in Major Appliances,36.7,17,Recently Not Sell,Unbeatablesale White Square Ceiling Diffuser With 6 In. Boot And Rotary Damper
3861,Data Not Availabe,Link Not Available,#10 Best Sellers,in Major Appliances,26.39,17,Recently Not Sell,Unbeatablesale 14 X 6 In. Foundation V
3862,Data Not Availabe,Link Not Available,#10 Best Sellers,in Major Appliances,42.6,17,Recently Not Sell,Unbeatablesale Mueller Industries 112-002 Compact Cylinder Valv
3863,Data Not Availabe,Link Not Available,#10 Best Sellers,in Major Appliances,26.85,17,Recently Not Sell,Unbeatablesale 09706ME 6 Ft. Black Power Supply Replacement Cor
3864,Data Not Availabe,Link Not Available,#10 Best Sellers,in Major Appliances,25.15,17,Recently Not Sell,Unbeatablesale 5 In. Start Collar With Damper
3865,Data Not Availabe,Link Not Available,#10 Best Sellers,in Major Appliances,38.97,17,Recently Not Sell,Unbeatablesale 2 In. Wall Flange - Polished Stainless Steel
3866,Data Not Availabe,Link Not Available,#10 Best Sellers,in Major Appliances,47.21,17,Recently Not Sell,Unbeatablesale Arrowhead Brass 465-10QTLF 10 In. Antisiphon Frost-Proof Hydr
3867,Data Not Availabe,Link Not Available,#10 Best Sellers,in Major Appliances,33.04,17,Recently Not Sell,Unbeatablesale 1 In. 90-Deg Mild Steel Bent Elbo
3868,Data Not Availabe,Link Not Available,#10 Best Sellers,in Major Appliances,29.23,17,Recently Not Sell,Unbeatablesale Charlotte Pipe &Amp; Foundry PVC004011600HA PVC-Dwv Sanitary Tee 4 X 4 X 1.5 In.
3869,Data Not Availabe,Link Not Available,#10 Best Sellers,in Major Appliances,30.13,17,Recently Not Sell,Unbeatablesale C170 16X16 16 In. X16 In. Return Aire Grill
3870,Data Not Availabe,Link Not Available,#10 Best Sellers,in Major Appliances,50.34,17,Recently Not Sell,Unbeatablesale Allegro 9550-01 Duct-To-Duct Connector- 12 In.
3871,Data Not Availabe,Link Not Available,#10 Best Sellers,in Major Appliances,41.87,17,Recently Not Sell,Unbeatablesale 1.25 In. 90-Deg Mild Steel Bent Elbo
3872,Data Not Availabe,Link Not Available,#10 Best Sellers,in Major Appliances,32.81,17,Recently Not Sell,Unbeatablesale 2.25 X 12 In. Bronze Age Decorative Floor Register With Wonderland Desig
3873,Data Not Availabe,Link Not Available,#10 Best Sellers,in Major Appliances,24.98,17,Recently Not Sell,"Unbeatablesale Floor Register, Bronze - 2.25 X 12 In."
3874,Data Not Availabe,Link Not Available,#10 Best Sellers,in Major Appliances,34.09,17,Recently Not Sell,"Unbeatablesale Floor Register, Black Iron - 4 X 10 In."
3875,Data Not Availabe,Link Not Available,#10 Best Sellers,in Major Appliances,134.99,27,Recently Not Sell,8 Types Foot Spa Bath Massager With Massage S Heat & Bubbles Temp Control
3879,Data Not Availabe,Link Not Available,#10 Best Sellers,in Major Appliances,29.9,67,Recently Not Sell,"Foreverlily 3D Eye Massager With Heating, Massage, Improve Eye Area Concerns, Perfect Gift For Loved Ones, Family, Mother's Day, Valentine's Day, Christmas"
3880,Data Not Availabe,Link Not Available,#10 Best Sellers,in Major Appliances,58.57,67,Recently Not Sell,Unbeatablesale Water Heater Expansion Tank For Potable Water
3881,Data Not Availabe,Link Not Available,#10 Best Sellers,in Major Appliances,30.92,67,Recently Not Sell,Unbeatablesale 224WS 4 In. White Dryer Vent Hoo
3882,Data Not Availabe,Link Not Available,#10 Best Sellers,in Major Appliances,91.99,35,Recently Not Sell,Leg Air Pneumatic Massager Foot Compression Pressure Massage MACchinne W/ Remoter
3883,Data Not Availabe,Link Not Available,#10 Best Sellers,in Major Appliances,62.99,44,Recently Not Sell,Leg Calf Massager Air Compression For Circulation Thigh Wraps Massage 3 Modes
3884,Data Not Availabe,Link Not Available,#10 Best Sellers,in Major Appliances,74.99,40,Recently Not Sell,Ionic Detox MACchinne Ion Cleanse Foot Bath Aqua Cell Spa Footbath Massage Arrays
3885,Data Not Availabe,Link Not Available,#10 Best Sellers,in Major Appliances,73.99,40,Recently Not Sell,Foot Bath Ionic Detox Spa MACchinne Portable Salon Ion Aqua Foot Bath Beauty Kit!
3886,Data Not Availabe,Link Not Available,#10 Best Sellers,in Major Appliances,73.99,40,Recently Not Sell,Portable Ionic Detox Foot Bath Spa MACchinne Salon Ion Aqua Foot Bath Beauty Ki
3887,Data Not Availabe,Link Not Available,#10 Best Sellers,in Major Appliances,89.99,36,Recently Not Sell,Ionic Detox Foot Bath SPA Cleanse MACchinne + Foldable Feet Basin Health & Beauty
3888,Data Not Availabe,Link Not Available,#10 Best Sellers,in Major Appliances,73.99,40,Recently Not Sell,Leg Massager Heated Circulation Air Compression Calf Massager For Pain Relief
3889,Data Not Availabe,Link Not Available,#10 Best Sellers,in Major Appliances,82.99,38,Recently Not Sell,Wooden Foot Spa Soak Bucket Pedicure Foot Bath Basin For Soaking Feet +Massager
3890,Data Not Availabe,Link Not Available,#10 Best Sellers,in Major Appliances,82.99,38,Recently Not Sell,Wooden Foot Bath Basin Massage Barrel Health + Beauty Feet  Spa Bucket Ki
3891,Data Not Availabe,Link Not Available,#10 Best Sellers,in Major Appliances,82.99,38,Recently Not Sell,Tall Foot Basin Wooden Bucket Foot Bath Tub Plus Cover And Massag
3892,Data Not Availabe,Link Not Available,#10 Best Sellers,in Major Appliances,46.99,18,Recently Not Sell,"Air Humidifiers For Bedroom,6L Cool Mist Humidifiers With Auto Shut-Off,Quiet Ultrasonic Top Fill Air Humidifier For Plant,Large Room,Home AH002"
3893,Data Not Availabe,Link Not Available,#10 Best Sellers,in Major Appliances,85.99,37,Recently Not Sell,Leg Foot Athlete Compression Heating Pad Massager Boots W/ Controller 6 Modes
3894,Data Not Availabe,Link Not Available,#10 Best Sellers,in Major Appliances,43.4,47,Recently Not Sell,1pc Fully Automatic Rechargeable Massage Belt With Heating Function For Waist And Abdom
3895,Data Not Availabe,Link Not Available,#10 Best Sellers,in Major Appliances,56.61,27,Recently Not Sell,"Professional Non-Stick Copper Electric Skillet Jumbo, Deep Dish With Tempered Glass Vented Lid, Upgrade Thermostat, 16x 12x 3.15- 8 Quar"
3896,Data Not Availabe,Link Not Available,#10 Best Sellers,in Major Appliances,38.24,27,Recently Not Sell,Unbeatablesale 140 Deg Thermostat Ki
3897,Data Not Availabe,Link Not Available,#10 Best Sellers,in Major Appliances,69.99,22,Recently Not Sell,"Tower Fan With Remote, 36"" Bladeless Fan, 70° Oscillating Fan For Bedroom, 3 Speeds, 3 Modes, 12H Timer, LED Display, Quiet Cooling Standing Floor Fans For Home Living Room Office, Black"
3898,Data Not Availabe,Link Not Available,#10 Best Sellers,in Major Appliances,71.41,43,Recently Not Sell,"Electric Skillet Nonstick With Lid Green, Sui"
3899,Data Not Availabe,Link Not Available,#10 Best Sellers,in Major Appliances,64.01,38,Recently Not Sell,"Electric Skillet Nonstick With Lid,Electric Grill With Removable Plate For Indoor Cooking,1400W Adjustable Temperature Party Gdl"
3900,Data Not Availabe,Link Not Available,#10 Best Sellers,in Major Appliances,56.61,21,Recently Not Sell,"CE23741 12"" Inch Electric Non-Stick Skillet, Black"
3901,Data Not Availabe,Link Not Available,#10 Best Sellers,in Major Appliances,60.83,18,Recently Not Sell,Greenlife Turquoise 5 Quart Electric Square Skill
3902,Data Not Availabe,Link Not Available,#10 Best Sellers,in Major Appliances,86.99,36,Recently Not Sell,Foot Massager Massage MACchinne Feet Deep Kneading Calf Pain Relief Electric US
3903,Data Not Availabe,Link Not Available,#10 Best Sellers,in Major Appliances,28.2,10,Recently Not Sell,"1pc Mini Electric Fascia Massage Ring, Vibrating Ring, Portable Muscle Relaxation Massager, Small LCD Massage Gun With Belt, Variable Frequency Vibration Sports Muscle Massage, Release Your Hands, Ideal Holiday Gif"
3904,Data Not Availabe,Link Not Available,#10 Best Sellers,in Major Appliances,121.99,29,Recently Not Sell,Folding Foot Spa Bath Massager Electric Heating Household Foot Bath MACchinne BOO
3905,Data Not Availabe,Link Not Available,#10 Best Sellers,in Major Appliances,69.99,42,Recently Not Sell,Ionic Detox Foot Bath Spa MACchinne - Portable Salon Ion Aqua Foot Bath Beauty S
3906,Data Not Availabe,Link Not Available,#10 Best Sellers,in Major Appliances,132.99,27,Recently Not Sell,Cordless Knee Massager Rechargeable Electronic Infrared Heated With Red Ligh
3907,Data Not Availabe,Link Not Available,#10 Best Sellers,in Major Appliances,82.99,38,Recently Not Sell,Wood Foot Bath Basin Massage Barrel Health Beauty Feet  Spa Buck
3908,Data Not Availabe,Link Not Available,#10 Best Sellers,in Major Appliances,134.99,27,Recently Not Sell,"Foot Spa Bath 16 Pedicure Spa Motorized Shiatsu  Massager With Heat, LED"
3909,Data Not Availabe,Link Not Available,#10 Best Sellers,in Major Appliances,112.96,43,Recently Not Sell,"Multi-Functional Nut Milk Maker Machine 30OZ/900mL,Smart Automatic Homemade Plant-Based Milk,Oat,Soy,Almond,Dairy Beverages Machine,Juicer With Mesh Strainer, Filtering,Self Cleaning"
3910,Data Not Availabe,Link Not Available,#10 Best Sellers,in Major Appliances,36.99,35,Recently Not Sell,Massage Gun Olive Drab PCA004
3911,Data Not Availabe,Link Not Available,#10 Best Sellers,in Major Appliances,26.99,12,Recently Not Sell,"Tilswall Infrared Thermometer, -58°F To 1472°F(-50~800°C), Non-Contact Digital Laser Thermometer With Probe, Adjustable Emissivity, High/Low Temperature Alarm, For Cooking/BBQ/Freezer(NOT For Human)"
3912,Data Not Availabe,Link Not Available,#10 Best Sellers,in Major Appliances,64.5,31,Recently Not Sell,Electric Citrus Juicer Fruit Machines - Stainless Steal Electric Citrus Jucers Machine Fruit Squeezer Orange Lemon Lime Electric Citrus Juicers Extractor With Anti - D Citrus Press 300 Watt Motor
3913,Data Not Availabe,Link Not Available,#10 Best Sellers,in Major Appliances,74.58,44,Recently Not Sell,"Electric Citrus Juicer Squeezer Stainless Steel 150 Watts Of Power For Orange Lemon Lime Grapefruit Juice With Soft Rubber G, Filter And Anti-D Spout Lock - Black, Black/Stainless Steel"
3914,Data Not Availabe,Link Not Available,#10 Best Sellers,in Major Appliances,82.99,38,Recently Not Sell,Foot Basin Foot Bath Bucket Foot Massage Plus Cover Plate + Massager Wood Buck
3915,Data Not Availabe,Link Not Available,#10 Best Sellers,in Major Appliances,68.99,42,Recently Not Sell,Shiatsu Home Foot Massager With Heat Therapy Multi-Mode Kneading Massage MACchi
3916,Data Not Availabe,Link Not Available,#10 Best Sellers,in Major Appliances,73.99,40,Recently Not Sell,Portable Ionic Detox Foot Bath Spa MACchinne Salon Ion Aqua Foot Bath Beauty Kit !
3917,Data Not Availabe,Link Not Available,#10 Best Sellers,in Major Appliances,71.99,41,Recently Not Sell,Electric Foot Massager Calf Waps Air Compression Heating Pad Massager 3 Modes
3918,Data Not Availabe,Link Not Available,#10 Best Sellers,in Major Appliances,94.24,28,Recently Not Sell,"20 Quart Electric Roaster Oven With Self-Basting Lid, Turkey Roaster Oven With Removable Pan And Rack, Whi"
3919,Data Not Availabe,Link Not Available,#10 Best Sellers,in Major Appliances,47.99,28,Recently Not Sell,Unbeatablesale Proctor Silex 2 Slice Toaster&#44; Black & Stainless Steel
3920,Data Not Availabe,Link Not Available,#10 Best Sellers,in Major Appliances,35.1,28,Recently Not Sell,Unbeatablesale Waffle Bowl Maker
3921,Data Not Availabe,Link Not Available,#10 Best Sellers,in Major Appliances,39.92,28,Recently Not Sell,Unbeatablesale 10.5 In. Fun Animal Design Non Stick Pancake Maker Pan With Cool Touch Handl
3922,Data Not Availabe,Link Not Available,#10 Best Sellers,in Major Appliances,53.58,28,Recently Not Sell,"Unbeatablesale CB19783 Salon Spa Stool Round Seat Hydraulic Adjustable Height, Whi"
3923,Data Not Availabe,Link Not Available,#10 Best Sellers,in Major Appliances,92.56,51,Recently Not Sell,Gracie Mills Bates Oversized Plaid Plush Heated Throw - GRACE-9311
3924,Data Not Availabe,Link Not Available,#10 Best Sellers,in Major Appliances,159.13,36,Recently Not Sell,16-Inch Electric Skillet - Rectangular Stainless Steel Pan With Handles And Lid Cover
3925,Data Not Availabe,Link Not Available,#10 Best Sellers,in Major Appliances,249.99,44,Recently Not Sell,Costway Portable Air Conditioner 7000 BTU (10000 BTU ASHRAE) Evaporative Air Cooler Dehumidifier
3926,Data Not Availabe,Link Not Available,#10 Best Sellers,in Major Appliances,64.06,44,Recently Not Sell,Unbeatablesale CPR Boar
3927,Data Not Availabe,Link Not Available,#10 Best Sellers,in Major Appliances,50.24,28,Recently Not Sell,"CitriStar CS-1000 Citrus Juicer, Electric Juicer For Oranges And Lemons With Stainless Steel Strainer And Spout Whi"
3928,Data Not Availabe,Link Not Available,#10 Best Sellers,in Major Appliances,159.13,35,Recently Not Sell,"Cusimax Shop Citrus Press BCP600SIL, Silver"
3930,Data Not Availabe,Link Not Available,#10 Best Sellers,in Major Appliances,39.99,43,Recently Not Sell,"Cusimax Shop Citrus Press BCP600SIL, Silver"
3931,Data Not Availabe,Link Not Available,#10 Best Sellers,in Major Appliances,34.99,46,Recently Not Sell,"Cusimax Shop Citrus Press BCP600SIL, Silver"
3932,Data Not Availabe,Link Not Available,#10 Best Sellers,in Major Appliances,27.83,46,Recently Not Sell,Unbeatablesale Connector Gas - 48 In.
3933,Data Not Availabe,Link Not Available,#10 Best Sellers,in Major Appliances,39.6,46,Recently Not Sell,Unbeatablesale White Square Ceiling Diffuser 8-7-6 In. Reducing Boot And Rotary Damper
3934,Data Not Availabe,Link Not Available,#10 Best Sellers,in Major Appliances,30.65,46,Recently Not Sell,Unbeatablesale White Square Ceiling Diffuser 8-7-6 In. Reducing Boot And Rotary Damper
3935,Data Not Availabe,Link Not Available,#10 Best Sellers,in Major Appliances,58.72,28,Recently Not Sell,"Juicer Machine 600W Juicer With 3 Inch Wide Mouth 2 Speed Setting, Centrifugal Juicer For Fruit, Vegetables Juice Extractor Easy To Cl"
3936,Data Not Availabe,Link Not Available,#10 Best Sellers,in Major Appliances,64.01,38,Recently Not Sell,"Juicer Machine, 800W Juicer With 3.0"" Large Mouth For Whole Fruits And Vegetables, Juice Extractor With 3 Speeds, Easy To Use/Clean,Anti-D"
3937,Data Not Availabe,Link Not Available,#10 Best Sellers,in Major Appliances,213.59,37,Recently Not Sell,"Juicer Machines, Cusimax Shop 5.3-Inch Self-Feeding Masticating Juicer Fit Whole Fruits & Vegetables, Cold Press Electric Juicer Machines With High Juice Yield, Easy Cleaning, BPA , 250W-Black"
3938,Data Not Availabe,Link Not Available,#10 Best Sellers,in Major Appliances,58.2,37,Recently Not Sell,"Unbeatablesale Anti Tipper Pair For Wheelchair, Chrom"
3939,Data Not Availabe,Link Not Available,#10 Best Sellers,in Major Appliances,61.68,28,Recently Not Sell,"Pasta Maker Machine, Multi-Functional Manual Noodles Dumpling Dough Skin Maker, Hand Crank Noodle Making Cutter Machine Homemade Commercial Spaghetti Fettuccini Lasag"
3940,Data Not Availabe,Link Not Available,#10 Best Sellers,in Major Appliances,66.38,28,Recently Not Sell,"Unbeatablesale 8 Ft. Continuous Un-Filtered Ridge Vent, Black"
3941,Data Not Availabe,Link Not Available,#10 Best Sellers,in Major Appliances,73.48,28,Recently Not Sell,Unbeatablesale 933083 Roof Vent Cover&#44; Smok
3942,Data Not Availabe,Link Not Available,#10 Best Sellers,in Major Appliances,54.49,28,Recently Not Sell,Unbeatablesale 54703 Auto Gable Shutter Whi
3948,Data Not Availabe,Link Not Available,#10 Best Sellers,in Major Appliances,28.07,28,Recently Not Sell,Unbeatablesale 12 In. Dia. Air Scrubber Washable Outer Nylon Mesh Filter For X-3380 & X-3580
3949,Data Not Availabe,Link Not Available,#10 Best Sellers,in Major Appliances,501.21,28,Recently Not Sell,"Up To 350lbs Okin Motor Power Lift Recliner Chair For Elderly, Heavy Duty Motion Mechanism With 8-Point Vibration Massage And Lumbar Heating, Two Cup Holders And USB Charge Port, Black"
3950,Data Not Availabe,Link Not Available,#10 Best Sellers,in Major Appliances,45.34,28,Recently Not Sell,Unbeatablesale 18A 120-208-240V Double Pole Thermostat&#44; Almo
3951,Data Not Availabe,Link Not Available,#10 Best Sellers,in Major Appliances,47.13,28,Recently Not Sell,"Unbeatablesale Thermostat Guard - Steel, Medium"
3953,Data Not Availabe,Link Not Available,#10 Best Sellers,in Major Appliances,57.29,28,Recently Not Sell,Unbeatablesale Quick Connect 2 X 2 Ft. Black Plastic Supply Drop In With 8 In. Boo
3954,Data Not Availabe,Link Not Available,#10 Best Sellers,in Major Appliances,74.45,28,Recently Not Sell,Unbeatablesale 6 In. Aluminum Adjustable Elbows - Pack Of 12
3955,Data Not Availabe,Link Not Available,#10 Best Sellers,in Major Appliances,61.69,28,Recently Not Sell,Unbeatablesale Manufacturing Inc 39625 Revolution Swivel RV Sewer Ki
3957,Data Not Availabe,Link Not Available,#10 Best Sellers,in Major Appliances,46.93,28,Recently Not Sell,Unbeatablesale 3 In. No Ground Plane Antenna.
3958,Data Not Availabe,Link Not Available,#10 Best Sellers,in Major Appliances,44.66,28,Recently Not Sell,Unbeatablesale Monster IR Remote Control Extender Kit B - Black
3959,Data Not Availabe,Link Not Available,#10 Best Sellers,in Major Appliances,38.84,28,Recently Not Sell,Unbeatablesale Firestik 5-8 Wave Cb Antenna Black
3960,Data Not Availabe,Link Not Available,#10 Best Sellers,in Major Appliances,38.32,28,Recently Not Sell,"Unbeatablesale 0.75 Wave 4 Ft. Superflex, Bl"
3961,Data Not Availabe,Link Not Available,#10 Best Sellers,in Major Appliances,33.59,28,Recently Not Sell,Unbeatablesale 3 Ft. -92Cm Am-Fm Receive Antennaenna - Black
3962,Data Not Availabe,Link Not Available,#10 Best Sellers,in Major Appliances,65.45,3,Recently Not Sell,Peace Fixed Phrase Electric Fryer Honwakafue Electric Desk Kushiage Pot HR-8952
3963,Data Not Availabe,Link Not Available,#10 Best Sellers,in Major Appliances,470.99,32,Recently Not Sell,Peace Fixed Phrase Electric Fryer Honwakafue Electric Desk Kushiage Pot HR-8952
3964,Data Not Availabe,Link Not Available,#10 Best Sellers,in Major Appliances,54.39,32,Recently Not Sell,Unbeatablesale PG750 750 MilliVolt Replacement Thermopile Generator
3965,Data Not Availabe,Link Not Available,#10 Best Sellers,in Major Appliances,240.0,8,Recently Not Sell,Patriot Collectio
3966,Data Not Availabe,Link Not Available,#10 Best Sellers,in Major Appliances,70.0,30,Recently Not Sell,T10 Translator Intelligent Voice Camera Translator Wifi Online 137 Languages Offline 12 Languages Two-Way Translatio
3967,Data Not Availabe,Link Not Available,#10 Best Sellers,in Major Appliances,73.97,30,Recently Not Sell,Unbeatablesale AZ-74-5710-2-16 16 X 16 X 2 In. Wheelchair Gel Cushio
3968,Data Not Availabe,Link Not Available,#10 Best Sellers,in Major Appliances,92.39,30,Recently Not Sell,Oscillating Quiet Tower Fan With Control 3 Speeds 12H Timer Portable LED Display 38 Inch Electric Air Circulator Cooling Floor Standing Fan For Home Bedroom Office Living Room Gray
3970,Data Not Availabe,Link Not Available,#10 Best Sellers,in Major Appliances,326.85,30,Recently Not Sell,"WhizMax 14000 BTU Dual Hose Portable Air Conditioner And Heater - Dehumidifier, Fan - For Rooms Up To 700 Sq. Ft - AC Unit + Heater"
3971,Data Not Availabe,Link Not Available,#10 Best Sellers,in Major Appliances,54.99,35,Recently Not Sell,"WhizMax 14000 BTU Dual Hose Portable Air Conditioner And Heater - Dehumidifier, Fan - For Rooms Up To 700 Sq. Ft - AC Unit + Heater"
3972,Data Not Availabe,Link Not Available,#10 Best Sellers,in Major Appliances,61.56,3,Recently Not Sell,"Healthy Ceramic Nonstick, 12"" 5QT Square Electric Skillet With Glass Lid, Dishwasher Safe, Adjustable Temperature Control, PFAS-, Black"
3973,Data Not Availabe,Link Not Available,#10 Best Sellers,in Major Appliances,1399.99,30,Recently Not Sell,"BOSSCARE 3D Full Body SL Track Massage Chair, APP Control, Body Scanning, Zero Gravity Shiatsu Massaging Recliner, Heating Therapy, Space-Saving, Bluetooth Speaker"
3974,Data Not Availabe,Link Not Available,#10 Best Sellers,in Major Appliances,60.47,30,Recently Not Sell,Unbeatablesale 12 X 24 X 1 In. Fiberglass 4 MERV Air Filter - Pack Of 12
3975,Data Not Availabe,Link Not Available,#10 Best Sellers,in Major Appliances,1499.99,32,Recently Not Sell,Unbeatablesale 12 X 24 X 1 In. Fiberglass 4 MERV Air Filter - Pack Of 12
3977,Data Not Availabe,Link Not Available,#10 Best Sellers,in Major Appliances,2399.99,27,Recently Not Sell,Unbeatablesale 12 X 24 X 1 In. Fiberglass 4 MERV Air Filter - Pack Of 12
3978,Data Not Availabe,Link Not Available,#10 Best Sellers,in Major Appliances,1299.99,55,Recently Not Sell,"Artist Hand Full Body Massage Chair - SL Track Zero Gravity Recliner With 12 Modes, Bluetooth, Body Scan, Foot Roller, Airbags Massage, AI Voice Control"
3979,Data Not Availabe,Link Not Available,#10 Best Sellers,in Major Appliances,1399.99,30,Recently Not Sell,"Artist Hand Full Body Massage Chair - SL Track Zero Gravity Recliner With 12 Modes, Bluetooth, Body Scan, Foot Roller, Airbags Massage, AI Voice Control"
3980,Data Not Availabe,Link Not Available,#10 Best Sellers,in Major Appliances,61.99,33,Recently Not Sell,"Artist Hand Full Body Massage Chair - SL Track Zero Gravity Recliner With 12 Modes, Bluetooth, Body Scan, Foot Roller, Airbags Massage, AI Voice Control"
3981,Data Not Availabe,Link Not Available,#10 Best Sellers,in Major Appliances,54.34,33,Recently Not Sell,Unbeatablesale 142Mhz .25 Wave Kulducki
3982,Data Not Availabe,Link Not Available,#10 Best Sellers,in Major Appliances,64.06,33,Recently Not Sell,Unbeatablesale 440-460Mhz Load And Tip Only -Black
3983,Data Not Availabe,Link Not Available,#10 Best Sellers,in Major Appliances,61.99,24,Recently Not Sell,"TaoTronics Air Fryer, 1700W 14.8 QT, 9 In 1 Air Fryer Oven, Oil-Less Cooker With Rotisserie Shaft AF010"
3984,Data Not Availabe,Link Not Available,#10 Best Sellers,in Major Appliances,81.47,3,Recently Not Sell,"Air Fryer 5.3 Quart, Digital Oilless Frying Cooker, Auto Shut Off, Stainless Steel, 8 Preset Programs, 1700W"
3985,Data Not Availabe,Link Not Available,#10 Best Sellers,in Major Appliances,501.21,28,Recently Not Sell,"Up To 350lbs Okin Motor Power Lift Recliner Chair For Elderly, Heavy Duty Motion Mechanism With 8-Point Vibration Massage And Lumbar Heating, Two Cup Holders And USB Charge Port, Bro"
